domain,arch,method,BAcc,F1,AUC,ECE,dECE,SCE,Brier,BSS,NLL,Conf,Ent,MTP,MCE,OCE,CCC,AURC,EAURC,Risk@90,Risk@80,BAcc_sd,F1_sd,AUC_sd,ECE_sd,dECE_sd,SCE_sd,Brier_sd,BSS_sd,NLL_sd,Conf_sd,Ent_sd,MTP_sd,MCE_sd,OCE_sd,CCC_sd,AURC_sd,EAURC_sd,Risk@90_sd,Risk@80_sd
BLOODCELL,ConvNeXt,ABL_focal,0.9421463698046851,0.9419377042757823,0.9934831836016134,0.06329422691272742,0.052461808476502204,0.032898023475242136,0.0968159782936841,0.8709120289417547,0.19255632514238705,0.8795074664839383,0.329260314482542,0.8617011743000701,0.3409610020886166,0.6028486985646946,0.89658712201422,0.006236684763093914,0.0044931354394866,0.023360408991306803,0.009292256968418887,0.0036426726021300095,0.003572485244545624,0.0009447451702041345,0.002675461036035425,0.003390272150240403,0.0017276872692595256,0.004919849404167217,0.006559799205556297,0.005767716904954941,0.001399352568065169,0.004609053406855073,0.002698037301357535,0.20424268306507978,0.008583013452665428,0.0005200481974959319,0.0008869070298119039,0.0006731681096323007,0.004156569352146369,0.002304161166233666
BLOODCELL,ConvNeXt,ABL_no_descriptors,0.929178255620581,0.9290571594433816,0.9905482070957872,0.025743762646548624,0.01555725043141588,0.015544672908174312,0.10609919574162785,0.8585344056778297,0.19084458792060785,0.9062205321784514,0.25463507894218707,0.8766074952584308,0.2967400830662025,0.6782946897780411,0.9236762709593223,0.009496843633049782,0.006863971831935299,0.036062164595486675,0.017584963761875304,0.006965818121725542,0.006865973358938132,0.0015282589403932466,0.005430877052910109,0.00548947268410493,0.003305766714520672,0.007830871893672446,0.010441162524896564,0.009853313067589018,0.0022839908144329964,0.007765551252025518,0.00449497385795309,0.09549946322483324,0.008619456165019216,0.002080461347328278,0.0015712138063433004,0.0011123995435233442,0.0058116180648501515,0.00561975933334487
BLOODCELL,ConvNeXt,ABL_no_gate,0.9340997743101633,0.9340433407192543,0.9917806403874208,0.019581278745572146,0.010562384148551904,0.01344586725818915,0.09683572028416279,0.8708857062877831,0.17282153199565564,0.9169315122190976,0.22573822310319042,0.8892874808459668,0.3321545543716244,0.6839029071760023,0.9334457944522058,0.008176689008691682,0.005905345830610812,0.03011118800170124,0.014687761014597598,0.005542864201419741,0.005513667575147699,0.0010541889010539708,0.004731474721857482,0.004069065508703186,0.0018093246973822882,0.006900420749779106,0.00920056099970545,0.008695310222431446,0.0029337542026007285,0.009538132599664101,0.004845582005350936,0.18959459417610444,0.008026908552352543,0.0030106157652944163,0.0010598369720857363,0.000699495310515593,0.004771498869331281,0.0023290425864131506
BLOODCELL,ConvNeXt,ABL_no_knn,0.9325817554224398,0.9325421491165506,0.990872922859726,0.015713811980021076,0.006223837683356255,0.01096719286692074,0.09962524911863739,0.8671663345084836,0.17462787242340824,0.9236972376367888,0.2012681034728839,0.8935934865709516,0.4013257053632483,0.7029434607455132,0.9397667572798032,0.009341486079403842,0.006952266823753439,0.03233179175152469,0.017885213237537077,0.007670669954330217,0.007635492378839229,0.0013338332207636111,0.004567402729319039,0.004107237905011129,0.0015854757178673377,0.007802914864420027,0.010403886485893363,0.010321171699049255,0.0012870870498470801,0.0013072720865078596,0.0041297322356212834,0.13385202262274262,0.0171360053709814,0.0012756790017901486,0.0012960872054657015,0.0008801733860160416,0.006223792730763451,0.002402161659721842
BLOODCELL,ConvNeXt,ABL_no_poly,0.9340997743101633,0.9340433407192543,0.9917777961494867,0.019162721854651517,0.010423394571897275,0.013273279972112006,0.09682213640596424,0.8709038181253812,0.17272094285214784,0.9170948794296292,0.2250512511079544,0.8894331326029526,0.33279958591123776,0.6840880976823447,0.9336077717952442,0.008179645199338607,0.005908302021257738,0.03002233860143469,0.01458781098961009,0.005542864201419741,0.005513667575147699,0.0010497545502591121,0.004604375820371518,0.004040773994263192,0.0018237804755269341,0.006920858887591131,0.009227811850121505,0.00889356693482472,0.0032488028079343716,0.010618255486591132,0.0051381839382905374,0.19084472080809953,0.007822798133225858,0.0032661214531618053,0.001055487356840819,0.0006950386647373644,0.004905894574643678,0.002428526749281122
BLOODCELL,ConvNeXt,ABL_no_rbf,0.9309740156061455,0.9306865265141229,0.9906828857477595,0.05529778702747497,0.04226138972363287,0.02874752780534684,0.11301683539733154,0.8493108861368915,0.2186864915988004,0.8758201562482638,0.3297597461259343,0.8524745652742505,0.2753985992636217,0.6160995677939349,0.8951718620623523,0.009432517873826703,0.006946329449879711,0.03526299343571793,0.01668626226347366,0.004463666678693846,0.00442353982102884,0.001208139252086193,0.007370044029499911,0.007389878262575359,0.002734914907335949,0.004163936667966681,0.005551915557288892,0.010339289770477508,0.004503319606017323,0.008122600586315917,0.004208340105872896,0.08319755215257313,0.007049100448250259,0.005302572143828257,0.0008422554357995005,0.0007251090063887098,0.00473036855702998,0.0025588710845460085
BLOODCELL,ConvNeXt,APEX,0.9340997743101633,0.9340433407192543,0.9917808862398125,0.019210734580045342,0.010407451938558774,0.013321206306930589,0.09682201364685376,0.8709039818041951,0.17275264121059203,0.9170311504493605,0.22532481182615868,0.8893787156618747,0.3322619780735302,0.6839851461732581,0.9335465502001987,0.00817649713450557,0.005905153956424701,0.03011118800170124,0.014687761014597598,0.005542864201419741,0.005513667575147699,0.0010545486600219802,0.004609107917192254,0.004032058343539419,0.00181118017945698,0.006921448014657875,0.009228597352877137,0.008830743248867384,0.003122995120370923,0.01016996643711813,0.005027485103253981,0.18980264681821304,0.007935478728501828,0.0031658139820598752,0.0010601200447397908,0.000699786936407193,0.004771498869331281,0.0023290425864131506
BLOODCELL,ConvNeXt,BASE,0.8795467130706396,0.8782568929227553,0.9798509993952683,0.06032985718213849,0.043220987164680626,0.04148672875580805,0.1810594161222275,0.7585874451703637,0.3319386601448059,0.8189634561538697,0.4685137867927551,0.7811229705810547,0.3310183341368968,0.5959644317626953,0.8496243715286255,0.025757796268356625,0.0180461970362223,0.08376182521602793,0.0538560390134603,0.010835475149621283,0.011085034392010851,0.002147977996735552,0.009616367514306345,0.010066938502869487,0.00468431647165594,0.012014990894387517,0.016019987859183328,0.021536324930858445,0.007053908419435057,0.0163927362301564,0.009489806108790192,0.21499728508941127,0.003908508684395075,0.0070755551047216375,0.0043342390705450925,0.0030070731502233124,0.01011283300117883,0.009227889410262188
BLOODCELL,ConvNeXt,DIRICHLET,0.8919869820142408,0.8912631677918116,0.9814605020408214,0.01154493207829664,0.0019490186545184113,0.011736463251320106,0.1556458998647608,0.7924721335136525,0.2660134732723236,0.8941346526145935,0.25997315943241117,0.8467940330505371,0.25994513396060825,0.6907752990722656,0.9189005970954895,0.02093346998760233,0.014784359846706892,0.07097149638644913,0.04266587984728914,0.0028443103296853563,0.0027511662602580545,0.0014492582648847967,0.002178053374163647,0.0010779700314684914,0.0011581602640930624,0.0059052562562489155,0.007873675008331893,0.009938741121864665,0.002685281254155808,0.007490677534559552,0.004528781362429899,0.09319912813658332,0.011157111532831852,0.002726246394623268,0.001577926625547536,0.0014361960340346668,0.00449534203839624,0.005175315354052012
BLOODCELL,ConvNeXt,FAIR_equal_blend,0.9402299470360547,0.9399993033997806,0.9930190657187218,0.060117491201050186,0.04892734832814348,0.03133797414007274,0.09988995823368042,0.8668133890217595,0.1949757506045675,0.8803615522468956,0.3167499740923523,0.8618179142857931,0.34313409260514877,0.6046094225948616,0.8979640757967264,0.0067996643489484036,0.004940172128189647,0.02584748203482486,0.010091457767619686,0.003159521360785157,0.003160083853927202,0.0010208149340260417,0.0033109587466112187,0.0037694574387351484,0.001370914964736217,0.004502261222512715,0.006003014963350282,0.00554380763143997,0.001667160825536895,0.004331895259430347,0.002899453111275729,0.18809327333188836,0.010929857637795339,0.001812464613770888,0.0009535510358468525,0.0007631020738749817,0.004833695858136113,0.0030038523099836637
BLOODCELL,ConvNeXt,FAIR_knn,0.9064536977067057,0.9051037880061432,0.9853561326784435,0.07359909816611479,0.06126587278058264,0.04357225059600879,0.15496960868133663,0.7933738550915514,0.6548541475244092,0.8583294930223332,0.2995710861689808,0.8282015361223454,0.332089704360289,0.5795838892134044,0.8872755616546113,0.01786583917734406,0.013275295696361183,0.04761069285961716,0.024180067808253717,0.002276277620222691,0.002178100000644129,0.0010938908016387878,0.006301910510829256,0.006275054195653206,0.002774761950291434,0.0026083897593874254,0.0034778530125165893,0.1056621557599852,0.0025464985054110753,0.005547677047597465,0.0026415070992898033,0.11687036046178947,0.004276355340633715,0.003330145700532431,0.0032371387953718245,0.0032667906681899846,0.0015864119762997073,0.003004525460188545
BLOODCELL,ConvNeXt,FAIR_poly_svm,0.9186196223532164,0.9185095485657697,0.9858781696928668,0.026846611870838956,0.01379967617561247,0.016483831698122765,0.12648375058808686,0.8313549992158844,0.2448888810778484,0.8971126486476964,0.26772074082536806,0.8623101585901569,0.4897155058035403,0.6763616647850905,0.9167774066264144,0.016968699973993945,0.013493591813041498,0.047076886294072584,0.02687771998116826,0.00702182326241475,0.0070177434473205165,0.0017717476064678776,0.0063628632710299214,0.005230631686910638,0.002239278252763553,0.006385293511621019,0.008513724682161347,0.019248897767115726,0.0011116656851542024,0.0030663443270062844,0.003354909816003114,0.27613077455456103,0.00990375386760722,0.0015376586141475034,0.002921332850777939,0.0027112049318622185,0.005653691872315945,0.005045668234190706
BLOODCELL,ConvNeXt,FAIR_rbf_svm,0.9325825148819364,0.9325388567598554,0.9907213714557681,0.014199065793662053,0.0043428280369827935,0.010037699837748385,0.09994716357771874,0.8667371152297084,0.17490042563487612,0.9254894895942423,0.1939999443070632,0.8949420481448749,0.3689002824791646,0.7066892840785091,0.9413991981484415,0.009542457786781259,0.007160546118815633,0.03259833995232432,0.017785313137636975,0.006487955705455358,0.006439152052431272,0.0013496168095427999,0.0034020276776109792,0.0026591151430473887,0.0012255698680701955,0.007807113886377777,0.010409485181837019,0.010862939645187423,0.0025671827159386286,0.005146044327239881,0.004908780916905922,0.1577660779178516,0.018532922859257936,0.0015818775214683244,0.0012719920996964137,0.0009491860267173226,0.005582748939911322,0.0022742805252702683
BLOODCELL,ConvNeXt,ISOTONIC,0.8898192892513865,0.8889773622382204,0.9804263547919216,0.015820440437865325,0.004250853138197008,0.014594433968953458,0.16000153644883264,0.7866646180682235,0.2970325410366058,0.8909547448158264,0.2599066525697708,0.8428319334983826,0.1882350093020717,0.6893961787223816,0.9160180568695069,0.022659903325200733,0.016249669502217668,0.07265924045598837,0.04526353207012877,0.005507877684384298,0.005234468939869244,0.002068120355179212,0.004914378799346596,0.0028291726508692903,0.0029155868215829505,0.008547505252893408,0.01139667367052453,0.031167992947771856,0.004040299436858862,0.010811351152650535,0.006608257538455331,0.09918403178019713,0.016020346616392886,0.005037188669863909,0.003283976983295304,0.002933243021335059,0.006414199106582763,0.007545578514634677
BLOODCELL,ConvNeXt,MC_DROPOUT,0.8794059508741647,0.8779942801230627,0.979294276957684,0.08367263815248187,0.06678970673757048,0.05003130027824928,0.1900080817367274,0.7466558910176972,0.3543077647686005,0.7952413201332093,0.5263937711715698,0.7609101176261902,0.1856340458064593,0.5728906750679016,0.8258768439292907,0.02659240036274444,0.018867735684699658,0.08624909552730856,0.05655394081181188,0.010006495328838082,0.010486613551654023,0.00229112269693948,0.009898105986923502,0.010173973891638698,0.004208030593430722,0.011592417774815686,0.015456557033087582,0.02002496061434603,0.006192358282941519,0.013371598767612387,0.008657341781876342,0.028791055964477168,0.005757842540394625,0.0074904870655332955,0.004548676378898561,0.0035506972470123748,0.009515228674796265,0.009395424260231008
BLOODCELL,ConvNeXt,TAU_0.60,0.9340997743101633,0.9340433407192543,0.9917800425982415,0.019428252264853684,0.010457360077571715,0.013402829987248361,0.0968300353321514,0.8708932862237984,0.1727928725234145,0.9169823208808315,0.22554632366805896,0.8893321770979016,0.3322619780735302,0.6839702379398617,0.933495541932561,0.008176222572152971,0.005904879394072102,0.03011118800170124,0.014687761014597598,0.005542864201419741,0.005513667575147699,0.0010533148328235877,0.004663517887542955,0.004040774780167906,0.0018051068580374973,0.006909133264269887,0.009212177685693169,0.008751577361596038,0.003029683896084489,0.009825659365673993,0.0049344809680438775,0.18980264681821304,0.007951815502186347,0.0030861639002706612,0.0010605252780109926,0.0007002044844497173,0.004771498869331281,0.0023290425864131506
BLOODCELL,ConvNeXt,TAU_0.70,0.9340997743101633,0.9340433407192543,0.9917794029557175,0.01932010800250202,0.010460449601116483,0.013372122159740157,0.09682669847206218,0.8708977353705839,0.17278042559561407,0.9170061242788737,0.22545062331356985,0.8893538051481134,0.3322619780735302,0.6839858078236193,0.9335198741526606,0.00817858328089994,0.005907240102819071,0.03011118800170124,0.014687761014597598,0.005542864201419741,0.005513667575147699,0.0010523806442755885,0.00463016440231776,0.0040414150348276785,0.0018052301500430525,0.006914252965220756,0.009219003953627656,0.008776047804125952,0.0030750405848586587,0.009972851568630708,0.0049776486886630245,0.18980264681821304,0.007934756143586226,0.0031238928591576253,0.0010570476234536882,0.000696623872254088,0.004771498869331281,0.0023290425864131506
BLOODCELL,ConvNeXt,TAU_0.80,0.9340997743101633,0.9340433407192543,0.9917805044863846,0.019301547898069853,0.010414435897756504,0.013358790472501122,0.09682149005564628,0.8709046799258051,0.17275834075104096,0.9170248955673989,0.22536584248325417,0.8893730070896038,0.3322619780735302,0.6839816129675833,0.933540120510445,0.008176920276466354,0.005905577098385485,0.03011118800170124,0.014687761014597598,0.005542864201419741,0.005513667575147699,0.0010539901056766437,0.004625687118335531,0.00403309340154204,0.0018060965504214526,0.006922252676911472,0.009229670235881945,0.008819515291027513,0.0031109846034539875,0.010105243660460696,0.005016053533090043,0.18980264681821304,0.007939340877821471,0.0031556576012128487,0.001059495912327181,0.0006991439993219468,0.004771498869331281,0.0023290425864131506
BLOODCELL,ConvNeXt,TAU_0.85,0.9340997743101633,0.9340433407192543,0.9917808862398125,0.019210734580045342,0.010407451938558774,0.013321206306930589,0.09682201364685376,0.8709039818041951,0.17275264121059203,0.9170311504493605,0.22532481182615868,0.8893787156618747,0.3322619780735302,0.6839851461732581,0.9335465502001987,0.00817649713450557,0.005905153956424701,0.03011118800170124,0.014687761014597598,0.005542864201419741,0.005513667575147699,0.0010545486600219802,0.004609107917192254,0.004032058343539419,0.00181118017945698,0.006921448014657875,0.009228597352877137,0.008830743248867384,0.003122995120370923,0.01016996643711813,0.005027485103253981,0.18980264681821304,0.007935478728501828,0.0031658139820598752,0.0010601200447397908,0.000699786936407193,0.004771498869331281,0.0023290425864131506
BLOODCELL,ConvNeXt,TAU_0.90,0.9340997743101633,0.9340433407192543,0.9917816906187065,0.019123472576552992,0.010404302086847705,0.013317105491420627,0.09682415152416898,0.8709011313011082,0.1727507647240273,0.9170338980171501,0.22528925935710423,0.8893812619078888,0.3322619780735302,0.6839843372337328,0.9335495261952979,0.008175692856954624,0.005904349678873755,0.03011118800170124,0.014687761014597598,0.005542864201419741,0.005513667575147699,0.001055726861767181,0.004601570776027286,0.004031611226290114,0.0018119698590716832,0.006918163579955167,0.009224218106606888,0.008834440782845579,0.0031282761433060937,0.010226382156913407,0.005032586096821436,0.18980264681821304,0.007936362452496102,0.0031705259409137133,0.001061307663932443,0.0007010108795904184,0.004771498869331281,0.0023290425864131506
BLOODCELL,ConvNeXt,TAU_0.95,0.9340997743101633,0.9340433407192543,0.9917816061814975,0.019121338765271584,0.010402308738142824,0.01331880872631092,0.09682608716119503,0.87089855045174,0.17275111683096184,0.9170357509032785,0.22525562082113945,0.8893829334345289,0.3322619780735302,0.6839843278715317,0.9335514986898896,0.008175776451310427,0.005904433273229559,0.03011118800170124,0.014687761014597598,0.005542864201419741,0.005513667575147699,0.0010556031014562553,0.0046014899543777125,0.004031334605298801,0.0018116362796270888,0.006915191353268873,0.009220255137691813,0.00883374693772324,0.0031318393005499968,0.010280041763447005,0.005035935421706853,0.18980264681821304,0.00793637268204688,0.003173652869093245,0.0010611841460845728,0.0007008835510051548,0.004771498869331281,0.0023290425864131506
BLOODCELL,ConvNeXt,TEMP_SCALE,0.8795467130706396,0.8782568929227553,0.9799402674567421,0.016815205986703875,0.004457427435543546,0.025472386637289228,0.17242913840183696,0.7700944821308844,0.30328512787818906,0.8849281668663025,0.2932039737701416,0.8314919710159302,0.1822091870633326,0.682633900642395,0.912754762172699,0.025120972219298182,0.01740937298716385,0.08296237788139157,0.0539559890384478,0.010835475149621283,0.011085034392010851,0.002434811454276277,0.005951355984630443,0.003594778710591995,0.008571120705823708,0.013848062093823802,0.01846408279176502,0.03021759100814196,0.006149237671634022,0.01692629287205441,0.01109700827588835,0.12517173498584044,0.008332995641435918,0.004157864386507257,0.0041501929217657016,0.0028001039957738696,0.009859517906763475,0.008479293975960298
BLOODCELL,ConvNeXt,VEC_SCALE,0.8912022424223809,0.8906727463529863,0.98076731330037,0.014655090670961397,0.003185008444317261,0.013274891681358139,0.1582595219741306,0.7889873040344929,0.27341917437641583,0.894044177428937,0.2641843484482293,0.845152976361193,0.3132282261015238,0.6926795875925673,0.9187457048926811,0.021493076511223237,0.015254222654546162,0.07257019378795924,0.043864880746439974,0.0047645837206295475,0.004659853660898852,0.0018924017824245368,0.0034406362224208478,0.0023406691860747984,0.002015506489034362,0.007730049656378438,0.010306732875171242,0.012677144085145668,0.0036690958879549156,0.0098171882352046,0.006059313088400604,0.2211242230151469,0.009155947957181018,0.003766033408878877,0.0020983878589398643,0.0016911734230022162,0.006215473281729576,0.007067421582454027
BLOODCELL,MobileNetV3,ABL_focal,0.9438218818618423,0.9435375047936343,0.9937506550156142,0.07506997657042361,0.06416319279422215,0.03889151505531516,0.10005774610972813,0.866589671853696,0.20531462849003698,0.868496261334039,0.3624847400010648,0.8523224624368103,0.22775309650674042,0.579970680056879,0.8857442957043787,0.0062136142913843265,0.004571156820536336,0.023183065272746356,0.009492406643830931,0.003090833713227988,0.0031051460421705414,0.0006179769977192366,0.00517924834549647,0.005874224688554422,0.0022949667211191334,0.0028213428731878243,0.003761790497583752,0.004476686129415582,0.0025991435992861805,0.005173662611191086,0.001834444221213027,0.06121164454944664,0.016545526236128736,0.0027284073378596695,0.0010421013006484438,0.0009060890179181495,0.0038864158609285323,0.0019020757945433266
BLOODCELL,MobileNetV3,ABL_no_descriptors,0.9256188334162729,0.925518959701594,0.9903703134044726,0.03370024516353621,0.021291531808596574,0.019310588807098177,0.11303730578028093,0.849283592292959,0.2105777307568062,0.8931708632065453,0.2915712054819497,0.8644119544903731,0.20938661192367655,0.6473289873871774,0.9130200736855734,0.010447373532420031,0.00756592952886988,0.03739541849566761,0.019284313887012537,0.0024395799168426993,0.0024423282552935954,0.0007494018588543039,0.00541390594948372,0.005191733665305205,0.0021126416668801745,0.0036407154140606023,0.004854287218747446,0.006679528935854534,0.002940113833123265,0.007284669505971164,0.0019544460871973083,0.09488531012132372,0.01597387524013052,0.002828200729199443,0.0009533387262102754,0.0009281724357771654,0.002965894390055062,0.0024600244927772716
BLOODCELL,MobileNetV3,ABL_no_gate,0.9326340129672337,0.9325558140006237,0.9918891707664577,0.030596156764058365,0.019484903980526335,0.018114051425178863,0.10139235214634938,0.864810197138201,0.1883569483945294,0.9038371978795736,0.26313455784893136,0.8778800835570282,0.31135110749291106,0.6526206983813088,0.9220605865922644,0.008599760150351419,0.006236428058006563,0.03126638801937644,0.015587261314397746,0.003562464685526589,0.003457618057363845,0.0007754774831331453,0.006059086942150935,0.0065368754123161996,0.002709274059631964,0.003915757699748242,0.005221010266330974,0.006006874150049439,0.00343098464773166,0.010446779625754328,0.001544207530066514,0.2225248022860503,0.012314639051407571,0.004035488508327702,0.000981470824229073,0.000766229610245968,0.0034461093011206164,0.0022150315325933476
BLOODCELL,MobileNetV3,ABL_no_knn,0.9295180408058832,0.9294693005901291,0.990685924602211,0.01960528848528111,0.008891362321060126,0.012604541900734054,0.1053323076231812,0.859556923169092,0.19219785992808575,0.9117343793935806,0.2340500602197106,0.8826406635525912,0.3322690894641059,0.6724475127143066,0.9299687682758166,0.010153309159990733,0.007568088902983536,0.034641915612007454,0.017885612638236327,0.0026371279024793443,0.002596692156807759,0.0006597196790565865,0.0038347726758663314,0.0034909157942338,0.0017207305891100673,0.0029598584137532848,0.003946477885004364,0.007060177638438676,0.0018505328504676724,0.005907858043441762,0.000896051107339605,0.23240303137158824,0.009346175863986986,0.002380676022295666,0.0008621132625275651,0.0007753335588208174,0.0022842813716589323,0.0013848059078555507
BLOODCELL,MobileNetV3,ABL_no_poly,0.9266704652496125,0.9264872224529517,0.9912120831401996,0.041951622442480144,0.031184801486532254,0.02417861204701688,0.11159286899360635,0.8512095080085249,0.2101309034991663,0.8848598291367387,0.3087083728451828,0.8588160806772741,0.41096193653791974,0.6307237023677918,0.9050390455213362,0.009253301702517962,0.006444719119173409,0.03775113172515392,0.013988759865821335,0.004857026294632522,0.0047296564754037915,0.0008650866237537822,0.008915623891976143,0.00864208375544411,0.003793697079855247,0.004114051540753265,0.005485402054337668,0.004064550270765834,0.004844000420428867,0.012148387079979759,0.0017815348251337046,0.19902824697860555,0.016581146066010164,0.005267942616117313,0.0013401398174263644,0.0009815146528031932,0.005114840289124541,0.0024221553756906588
BLOODCELL,MobileNetV3,ABL_no_rbf,0.9347775663087947,0.9347289244226662,0.9917268165676083,0.02948480771002047,0.0180038693437447,0.017605553290640782,0.10195041483583836,0.8640661135522156,0.19038962012430125,0.9052208836315045,0.2581225136855707,0.8787051871224645,0.3565979347413003,0.6627496543311002,0.9222032961795996,0.008781071534137822,0.0065678356017783894,0.03144381064504191,0.01628661193878585,0.003219051487783298,0.0031732348126385073,0.0008035789361416112,0.006299699786025364,0.006611864009081522,0.002726818315108932,0.004258042913192558,0.0056773905509234016,0.006104463790802312,0.0033514464449593325,0.010495507577755017,0.0019050940052508056,0.1821098172391606,0.011173387753429137,0.0037362256908574708,0.0010072929713989558,0.000801520573209548,0.003172042302789603,0.002219962971325999
BLOODCELL,MobileNetV3,APEX,0.9326340129672337,0.9325558140006237,0.9918891707664577,0.030596156764058358,0.01948490398052633,0.018114051425178863,0.10139235214634938,0.864810197138201,0.1883569483945294,0.9038371978795736,0.26313455784893136,0.8778800835570282,0.31135110749291106,0.6526206983813088,0.9220605865922644,0.008599760150351419,0.006236428058006563,0.03126638801937644,0.015587261314397746,0.003562464685526589,0.003457618057363845,0.0007754774831331453,0.006059086942150941,0.006536875412316202,0.002709274059631964,0.003915757699748249,0.005221010266330974,0.006006874150049431,0.00343098464773166,0.010446779625754337,0.001544207530066514,0.2225248022860503,0.012314639051407571,0.004035488508327702,0.000981470824229073,0.000766229610245968,0.0034461093011206164,0.0022150315325933476
BLOODCELL,MobileNetV3,BASE,0.8352860446122106,0.8348745028930733,0.9640702658164347,0.07931519133299045,0.06056225218481631,0.04319351384324914,0.2479313715028455,0.6694248379962066,0.4693993926048279,0.7557887554168701,0.6366326093673706,0.7045236825942993,0.16572496804923734,0.5640131115913392,0.7936593413352966,0.04600225715730276,0.03151147989143858,0.12408797195325857,0.0929243170622481,0.0068297076118617964,0.006454558366306987,0.002609899577009407,0.00651987185959368,0.004922800510582551,0.0037226645737967307,0.011194668442229074,0.014926224589638768,0.02052363932880131,0.011303172699575289,0.02461801722002027,0.012405759112997435,0.02942826048671126,0.008213245393309122,0.011074930726420828,0.0038184914121675863,0.002762788265190351,0.009739366831700891,0.008067737985810546
BLOODCELL,MobileNetV3,DIRICHLET,0.8358444069265587,0.8349298551921269,0.9647481169454973,0.014045579916051107,0.002231305333057523,0.014790603797276591,0.23364396061600243,0.6884747191786639,0.4291017711162567,0.8339130401611328,0.4284373581409454,0.7651736259460449,0.2837294360001882,0.645097839832306,0.8710688948631287,0.04441460439849125,0.030013221258826196,0.12382173938087908,0.08882781386529513,0.0063763157484629995,0.006787364819282133,0.002578293050143816,0.0034421932042003876,0.0024419970527169523,0.0013475894987776684,0.0105228038889695,0.014030405185292664,0.019063965782097902,0.00736919536023565,0.017595883950094607,0.009860431364028161,0.10929210414179437,0.007272100603436569,0.006890187080989021,0.003519581111783873,0.0024390833911473392,0.008856936311288883,0.007589119504750409
BLOODCELL,MobileNetV3,FAIR_equal_blend,0.9404682348168137,0.9402059522571153,0.9933241449021392,0.06196188150517359,0.05035758366610672,0.03225755602471516,0.10019864130752884,0.8664018115899618,0.1981344093850455,0.8786701126735567,0.3208897273608641,0.8605653595977323,0.34105960872657415,0.5961383464723462,0.8966405892093535,0.006724624414279909,0.004882881986873888,0.02549259732994138,0.009792306643880857,0.001883887131784157,0.001859224843991828,0.000539282981986072,0.0033838612786989677,0.004159484010310825,0.0021577207737083783,0.002721777194034898,0.003629036258713224,0.004191074149331123,0.002043446836926238,0.004611414959547731,0.0011491797747456985,0.20306979404015532,0.01479186822318573,0.001728500796347763,0.000890592511724745,0.0007870106204312583,0.0038122297873856305,0.0021954865065615457
BLOODCELL,MobileNetV3,FAIR_knn,0.9160357674229637,0.9143773255818765,0.987744523256833,0.07456745246232495,0.06380232008305078,0.046324712785215334,0.14944305698295177,0.800742590689398,0.5712553275825876,0.8506493006035883,0.31638110861678903,0.8253535339028074,0.31222226885462845,0.5722059371510765,0.8763700978648465,0.015802087768063182,0.01209508933593551,0.04201416698163753,0.019184713337636876,0.004868658589699591,0.004902011454786671,0.001560948439724358,0.0027162448706211082,0.0029986211590330744,0.0006416299466992175,0.0032421556536166166,0.004322874204822132,0.06520266840633047,0.0040064540378220385,0.007425629441992234,0.0026704135066065297,0.13044112172785313,0.016644405924022602,0.002972204544760554,0.006018243165060112,0.005751973631491199,0.0029487944124832405,0.0043931146451245085
BLOODCELL,MobileNetV3,FAIR_poly_svm,0.9306305432316716,0.9306381823239006,0.9898427164158627,0.018550189933480683,0.007307351475653158,0.012015164135471804,0.1076003192360864,0.8565329076852184,0.20100433204434748,0.9179677241896342,0.21356873499861861,0.8865294533918238,0.3777676905377986,0.6935516072703569,0.9347673344373918,0.011336424153245307,0.00883368505727325,0.034730409930301354,0.020783214786213287,0.0022541087155322275,0.0022392230919689644,0.0010078217829254908,0.003358334883323492,0.003191583804890718,0.0016687934164422674,0.003960467002507378,0.005280622670009811,0.011465627765689382,0.0018602973033037973,0.00529712550132606,0.0012577497079792593,0.19457808126612303,0.007870372387400406,0.0018752411955216348,0.0011310903017055013,0.0010139218148661254,0.0025899074959884645,0.0019518032828969173
BLOODCELL,MobileNetV3,FAIR_rbf_svm,0.9164649921099333,0.9163362688962626,0.9872738986201839,0.013493372279539579,0.0032898153556217653,0.011182908922392612,0.12635110947809486,0.831531854029207,0.226936318376663,0.9085558529993527,0.24017977091240833,0.8698130914985633,0.2637815539061653,0.6998926237997255,0.9276578854506046,0.014557328703104796,0.01091215156942752,0.04912089594283338,0.026578868407953864,0.003402207070953257,0.00330633227606156,0.0007360188479622942,0.0032275355092053386,0.001269015196823653,0.0011938661319702646,0.003930240289901156,0.005240320386534876,0.006270962087928036,0.0026060735511225386,0.00782103215084251,0.0007719007642425703,0.0812288028923738,0.010544904692025469,0.002673239503068738,0.001133887661228073,0.0008500852642219082,0.004213032721434014,0.0011962755207285656
BLOODCELL,MobileNetV3,ISOTONIC,0.8343683043538374,0.8333784639817438,0.9638839376738308,0.017764395157394603,0.00441537812390522,0.01731171087770058,0.23585808088519045,0.6855225588197464,0.4496918857097626,0.8340249419212341,0.4185521066188812,0.7650137543678284,0.39843724017386684,0.6475512266159058,0.8711170434951783,0.046157120132727415,0.03147960069265084,0.12328868243283231,0.09112596548878409,0.008591117798944689,0.008268065058376088,0.0025034260849445384,0.0024880187902056477,0.0023677649171771954,0.002573491154413475,0.010744381777228857,0.014325842369638452,0.020775395398412954,0.006481281601959047,0.020533938434675963,0.010513002940414589,0.2715158256858422,0.00734179037279769,0.006546962074707181,0.0028698668385890294,0.001967737865712778,0.009286250546801766,0.008236284060765535
BLOODCELL,MobileNetV3,MC_DROPOUT,0.8337885523318856,0.8333250469076379,0.9634553198498198,0.09604036564678532,0.07660074083429738,0.05050767443789498,0.25478645598233435,0.660284725356888,0.4848799169063568,0.7377910017967224,0.6772959113121033,0.6896630525588989,0.15958780130357442,0.5476959586143494,0.7757477521896362,0.04672763476510059,0.03193372995213648,0.12657488718256657,0.0925247166626477,0.01018816375671839,0.009805821535873721,0.0027855645207096134,0.00323121748379232,0.0038021268262694117,0.0021840505302252637,0.01136529577053795,0.015153727694050573,0.0203182824692957,0.010070235228732244,0.021458412746116765,0.01168120386239042,0.010578673914789906,0.008011880254516567,0.00831720047003773,0.004100970704778381,0.0023861613189472756,0.011011529235881745,0.008888940954183898
BLOODCELL,MobileNetV3,TAU_0.60,0.9326340129672337,0.9325558140006237,0.9918891707664577,0.03059615676405835,0.01948490398052633,0.018114051425178863,0.10139235214634938,0.864810197138201,0.1883569483945294,0.9038371978795736,0.26313455784893136,0.8778800835570282,0.31135110749291106,0.6526206983813088,0.9220605865922644,0.008599760150351419,0.006236428058006563,0.03126638801937644,0.015587261314397746,0.003562464685526589,0.003457618057363845,0.0007754774831331453,0.006059086942150941,0.006536875412316202,0.002709274059631964,0.0039157576997482435,0.005221010266330974,0.006006874150049431,0.00343098464773166,0.01044677962575433,0.001544207530066514,0.2225248022860503,0.012314639051407571,0.004035488508327702,0.000981470824229073,0.000766229610245968,0.0034461093011206164,0.0022150315325933476
BLOODCELL,MobileNetV3,TAU_0.70,0.9326340129672337,0.9325558140006237,0.9918891707664577,0.03059615676405835,0.01948490398052633,0.018114051425178863,0.10139235214634938,0.864810197138201,0.1883569483945294,0.9038371978795736,0.26313455784893136,0.8778800835570282,0.31135110749291106,0.6526206983813088,0.9220605865922644,0.008599760150351419,0.006236428058006563,0.03126638801937644,0.015587261314397746,0.003562464685526589,0.003457618057363845,0.0007754774831331453,0.006059086942150941,0.006536875412316202,0.002709274059631964,0.003915757699748242,0.005221010266330974,0.006006874150049431,0.00343098464773166,0.010446779625754337,0.001544207530066514,0.2225248022860503,0.012314639051407571,0.004035488508327702,0.000981470824229073,0.000766229610245968,0.0034461093011206164,0.0022150315325933476
BLOODCELL,MobileNetV3,TAU_0.80,0.9326340129672337,0.9325558140006237,0.9918891707664577,0.030596156764058358,0.01948490398052633,0.018114051425178863,0.10139235214634938,0.864810197138201,0.1883569483945294,0.9038371978795736,0.26313455784893136,0.8778800835570282,0.31135110749291106,0.6526206983813088,0.9220605865922644,0.008599760150351419,0.006236428058006563,0.03126638801937644,0.015587261314397746,0.003562464685526589,0.003457618057363845,0.0007754774831331453,0.006059086942150941,0.006536875412316202,0.002709274059631964,0.003915757699748249,0.005221010266330974,0.006006874150049431,0.00343098464773166,0.010446779625754337,0.001544207530066514,0.2225248022860503,0.012314639051407571,0.004035488508327702,0.000981470824229073,0.000766229610245968,0.0034461093011206164,0.0022150315325933476
BLOODCELL,MobileNetV3,TAU_0.85,0.9326340129672337,0.9325558140006237,0.9918891707664577,0.030596156764058358,0.01948490398052633,0.018114051425178863,0.10139235214634938,0.864810197138201,0.1883569483945294,0.9038371978795736,0.26313455784893136,0.8778800835570282,0.31135110749291106,0.6526206983813088,0.9220605865922644,0.008599760150351419,0.006236428058006563,0.03126638801937644,0.015587261314397746,0.003562464685526589,0.003457618057363845,0.0007754774831331453,0.006059086942150941,0.006536875412316202,0.002709274059631964,0.003915757699748249,0.005221010266330974,0.006006874150049431,0.00343098464773166,0.010446779625754337,0.001544207530066514,0.2225248022860503,0.012314639051407571,0.004035488508327702,0.000981470824229073,0.000766229610245968,0.0034461093011206164,0.0022150315325933476
BLOODCELL,MobileNetV3,TAU_0.90,0.9326340129672337,0.9325558140006237,0.9918891707664577,0.030596156764058358,0.01948490398052633,0.018114051425178863,0.10139235214634938,0.864810197138201,0.1883569483945294,0.9038371978795736,0.26313455784893136,0.8778800835570282,0.31135110749291106,0.6526206983813088,0.9220605865922644,0.008599760150351419,0.006236428058006563,0.03126638801937644,0.015587261314397746,0.003562464685526589,0.003457618057363845,0.0007754774831331453,0.006059086942150941,0.006536875412316202,0.002709274059631964,0.003915757699748249,0.005221010266330974,0.006006874150049431,0.00343098464773166,0.010446779625754337,0.001544207530066514,0.2225248022860503,0.012314639051407571,0.004035488508327702,0.000981470824229073,0.000766229610245968,0.0034461093011206164,0.0022150315325933476
BLOODCELL,MobileNetV3,TAU_0.95,0.9326340129672337,0.9325558140006237,0.9918891707664577,0.030596156764058358,0.01948490398052633,0.018114051425178863,0.10139235214634938,0.864810197138201,0.1883569483945294,0.9038371978795736,0.26313455784893136,0.8778800835570282,0.31135110749291106,0.6526206983813088,0.9220605865922644,0.008599760150351419,0.006236428058006563,0.03126638801937644,0.015587261314397746,0.003562464685526589,0.003457618057363845,0.0007754774831331453,0.006059086942150941,0.006536875412316202,0.0027092740596319645,0.003915757699748249,0.005221010266330974,0.006006874150049431,0.00343098464773166,0.010446779625754337,0.001544207530066514,0.2225248022860503,0.012314639051407571,0.004035488508327702,0.000981470824229073,0.000766229610245968,0.0034461093011206164,0.0022150315325933476
BLOODCELL,MobileNetV3,TEMP_SCALE,0.8352860446122106,0.8348745028930733,0.9642346188413873,0.015491926768236195,0.002741203502963864,0.02055206183401611,0.23635584591390985,0.6848588721147874,0.4369331538677216,0.8329140067100524,0.4354157030582428,0.7630080103874206,0.1986635859138087,0.646230673789978,0.8697875142097473,0.04565840846643157,0.03116763120056739,0.12417690026063015,0.09022641526389653,0.0068297076118617964,0.006454558366306987,0.002588800704995841,0.0036989483215295804,0.002890842550228418,0.004137036314762059,0.01080817225987712,0.014410896346502831,0.01976200818325478,0.008559761378451066,0.019183577895951952,0.01085459422915341,0.09127788352128535,0.007762133890666707,0.008246310874896388,0.00396164983872958,0.00286539695056396,0.009086229344516127,0.009394327554353437
BLOODCELL,MobileNetV3,VEC_SCALE,0.8357356607527768,0.8350826995671923,0.9646939003738606,0.014818476602913905,0.0026940686314626235,0.015270754745182644,0.2340197034140953,0.6879737287812067,0.42994521598848473,0.8343521338372677,0.4277169769229605,0.7654927785166954,0.3272881329566307,0.6439369310586048,0.8718501683524742,0.04449931378950941,0.03008937528425084,0.1231112203536143,0.08992706443980807,0.005367193590554289,0.005615879328936659,0.0025687858218830903,0.005259713757943945,0.003472079450149323,0.0011113113293737761,0.010469641275252796,0.013959521700337053,0.018639229082059623,0.007566866414909888,0.01777235104700984,0.009909106199575298,0.22375754255621164,0.006932600437421489,0.007862526723910634,0.003591482494479573,0.002797992834061806,0.008729272370531158,0.006760681228325339
BLOODCELL,ViT,ABL_focal,0.9816020046536404,0.9815531005439769,0.9991329913643268,0.03776238184641183,0.03212693557183501,0.019933680704691134,0.037010383571186106,0.9506528219050854,0.07949182337908445,0.9439690152936491,0.1551359042021356,0.9388099961907368,0.38631664445563524,0.603783903920416,0.9503929777797542,0.0008128047498878098,0.0006331192336889502,0.0020427865886328005,0.000399650324687806,0.002691017175738886,0.0027249536837713455,0.00018056770915875114,0.0021112797987536884,0.0027905817541110955,0.0008280563471480563,0.0035818700549704024,0.0047758267399605064,0.005721578386693472,0.002963946121766614,0.009021164353429654,0.0035185499424711434,0.1445144071555287,0.020265793292278178,0.0021616321380341893,0.0002504099453789394,0.0002111184609089466,0.0011143516451006025,0.0004179270337828055
BLOODCELL,ViT,ABL_no_descriptors,0.9786498533222856,0.9786244064666738,0.9989448282751369,0.023420346280102866,0.017395018756366357,0.012760543740626674,0.03475934065944926,0.9536542124540677,0.06970108322625056,0.9566288373702472,0.12483631860364659,0.9490283451603089,0.42220307974601934,0.6602437871087183,0.9631477081281918,0.0009731676173229144,0.000732314634374429,0.002131675442451865,0.000299750224787706,0.003026203084939966,0.0030469506499179776,0.00017311814026327982,0.0037032331776209637,0.0034980410408292305,0.001305107467403047,0.0030949461062017842,0.00412659480826904,0.004879204510104041,0.003121885591799778,0.00675140022862212,0.003206278467514645,0.21480973594887348,0.021264336066195502,0.0022705324948621743,0.00020974150109441658,0.00015613243582075987,0.0007940425767748402,0.00027363328519944974
BLOODCELL,ViT,ABL_no_gate,0.9767544784184533,0.9767199675601617,0.9987138715171261,0.021199621140114155,0.015188358930103247,0.0120937642685242,0.036900273234351966,0.9507996356875307,0.07271999597782118,0.9566491702099873,0.1260121644227456,0.9479600705948448,0.4567284663565479,0.6694870836722122,0.9635347870773561,0.0011704197200487973,0.0008819200670086048,0.0036416418043529893,0.0004996003496753121,0.004247201201467527,0.004271862790677953,0.0002821855893820757,0.0028585097417413597,0.0029612110435010153,0.0008762719726126687,0.004410983535316283,0.005881311380421685,0.006038559575478555,0.001293571658206551,0.002634548853527346,0.002737701997016924,0.16678078588367118,0.012380141144296024,0.000810906061853943,0.0003118887506592457,0.00021900810737093544,0.001452144777044315,1.3672548278935737e-07
BLOODCELL,ViT,ABL_no_knn,0.9749949752008611,0.9749713460149486,0.9981593396566433,0.013595790320623436,0.0068955487606077405,0.007949487765704422,0.040181872916966024,0.9464241694440453,0.07478658462481821,0.9627951206690601,0.10545547031188343,0.9515384148191774,0.4158355358673414,0.7133695300622058,0.9692388493871926,0.0016845729740611437,0.0013528218062968625,0.005595697353376791,0.0020982515735139423,0.004142052887244216,0.004163726925131253,0.0003783963428175119,0.0021770958973328144,0.0026285597519606473,0.0005293140645198577,0.004683553338724549,0.006244737784966048,0.007312154730176615,0.0021154012284106964,0.004233951069347469,0.0032724375789826075,0.17025238248532365,0.01039778214876094,0.0015949123138880225,0.00038231043187604466,0.00028168088270898644,0.0019501468921830545,0.0004175840603072268
BLOODCELL,ViT,ABL_no_poly,0.9747569397406375,0.9747557401287956,0.9986309754811268,0.022558897144976824,0.01672369796682322,0.013168974751841386,0.03927837276455121,0.9476288363139318,0.07784033236383567,0.9538877817822495,0.13103662826373225,0.9447078574738427,0.4472296738915783,0.6590488635876235,0.9615465337940989,0.001193482870134648,0.0008549260513757911,0.002664692936946121,9.99000999000999e-05,0.004318872544968472,0.004324318984629545,0.00027963415532705223,0.0015834783088574747,0.0015823787180232604,0.0011416397668991283,0.005281042315126613,0.0070413897535021395,0.0073186774889068985,0.002157381455580155,0.004726910823565032,0.0038729216955504975,0.25501096822346897,0.012385538406702045,0.0015223684336497865,0.0002990581174538654,0.00019229584645379227,0.0005435256878497019,0.00022338341433564334
BLOODCELL,ViT,ABL_no_rbf,0.9773102654784511,0.9772668441623782,0.9986428653701267,0.021803574633379147,0.01580350723404851,0.012233998449411202,0.03757044881232973,0.9499060682502272,0.07514705482865723,0.9558190779537046,0.1265430144538915,0.9469872077837328,0.3711106579515816,0.6723761435002314,0.9624470039911657,0.0012709896818403272,0.0009971959042967234,0.0035527134969814086,0.000599500449575412,0.0038150078847824093,0.003830907304161993,0.00031615935946217915,0.0030576745696954386,0.0031235233247061045,0.0018559888756979142,0.0041054948934829425,0.005473993191310583,0.005625093441989322,0.0009485135416966943,0.00270444784182645,0.0020894359334702015,0.16561282864864177,0.017559242206349274,0.0015743364497050024,0.0003866471813545103,0.00033154544457180183,0.0018835715079439956,0.00022332763126852497
BLOODCELL,ViT,APEX,0.9767544784184533,0.9767199675601617,0.9987138715171261,0.02119962114011415,0.015188358930103238,0.0120937642685242,0.036900273234351966,0.9507996356875307,0.07271999597782117,0.9566491702099873,0.12601216442274552,0.9479600705948448,0.4567284663565479,0.6694870836722122,0.9635347870773561,0.0011704197200487973,0.0008819200670086048,0.0036416418043529893,0.0004996003496753121,0.004247201201467527,0.004271862790677953,0.0002821855893820757,0.0028585097417413614,0.0029612110435010166,0.000876271972612666,0.004410983535316282,0.005881311380421685,0.006038559575478548,0.0012935716582064194,0.002634548853527248,0.002737701997016924,0.16678078588367118,0.012380141144296024,0.000810906061853943,0.0003118887506592457,0.00021900810737093544,0.001452144777044315,1.3672548278935737e-07
BLOODCELL,ViT,BASE,0.8811563924383732,0.8800588987309201,0.9795998821829048,0.04404990423328008,0.028168658235050142,0.034055646585862374,0.17624837951721378,0.7650021606437153,0.3191823482513428,0.8373080372810364,0.42800121903419497,0.7948840737342835,0.3238571107387543,0.6258174538612366,0.8659027099609375,0.02661455314400244,0.01916582790951859,0.08367289690865634,0.05185788724019609,0.005880973363255367,0.005871388091768467,0.0020625567581178915,0.012166508593082076,0.012206086979041792,0.004164477296671643,0.0070826970612224305,0.009443596081629885,0.008514063559950592,0.008320287000905804,0.020164661458297085,0.005291290165926899,0.22958641021366327,0.01895893237441137,0.007866191334091414,0.0027507044503650296,0.002253947676189487,0.006927567846469552,0.006946539334865632
BLOODCELL,ViT,DIRICHLET,0.8874150722195141,0.8869159478611731,0.9804684642410351,0.013421740487144975,0.0027337488130184462,0.013600397478260034,0.16247263497176861,0.7833698200376421,0.281060254573822,0.8891363739967346,0.2749984681606293,0.8393773078918457,0.2808896705082485,0.6880484223365784,0.9147311091423035,0.022393578707309673,0.015707132520927914,0.07550088257596979,0.0455626831938676,0.005636198140167338,0.005471951142704823,0.0020650543974849705,0.00315224953467553,0.002142451741473797,0.0007206609019919663,0.009469159363276506,0.012625545817701955,0.014787697858177259,0.002376238600648896,0.005789437302947415,0.003978400947446745,0.2230696833489786,0.014887436029756961,0.002237027176878675,0.0024606796856455953,0.001812934966998337,0.0070161523331456425,0.006707976263803638
BLOODCELL,ViT,FAIR_equal_blend,0.9800075423520666,0.9799840723557034,0.9990347246377423,0.030207098568516406,0.024781836850272507,0.01647432406319655,0.035625347373351136,0.9524995368355318,0.07453910726522248,0.9498535414605025,0.14043923324662483,0.9436332346016302,0.3968868423419173,0.6283144153882064,0.9564562586307342,0.0008780072479349485,0.000665064343477089,0.001954055549023801,0.00019985012488760615,0.0033794287640618007,0.0033932310024837697,0.00019578432305937844,0.0030386465794285,0.003055882923156794,0.001116986937114566,0.0036998681343499325,0.004933157512466562,0.005257585100695668,0.0025488359416013465,0.004472335690239857,0.0030053839926426117,0.19575359760356406,0.015914167610026123,0.002080066167952095,0.0002508997807679584,0.00018893640463869376,0.0005954464690724982,0.00027365606803447996
BLOODCELL,ViT,FAIR_knn,0.9699929335532254,0.9696149879696382,0.9979791561757461,0.04448749808884683,0.0381603386904168,0.026211818898792,0.057767266849467425,0.9229769775340435,0.1860345564396066,0.937558433555586,0.13477648948000245,0.9280948935799891,0.46283285901047505,0.6093826441724551,0.9479002050796208,0.0034686170490712993,0.0029906006510155964,0.0050629954873026625,0.0013989508742132432,0.004521279423752861,0.004597211742639543,0.0004160592129785182,0.002880590742967454,0.0032520734182028624,0.0012294183501916794,0.003869464264420165,0.005159285685893535,0.023298212262572747,0.002962742507571445,0.004884516642619682,0.003467303643236976,0.08196188953607987,0.0269378793025948,0.001125819551963416,0.0007152595934605993,0.0007472379324794897,0.001021971386018548,0.0004183149755531685
BLOODCELL,ViT,FAIR_poly_svm,0.9729303171613963,0.9729058847851224,0.9975239957174702,0.010299579229894227,0.0042572865379529885,0.006985864390628346,0.04266283531156393,0.9431162195845815,0.08383164506475282,0.9647991925773806,0.0974907516358509,0.9520865403743674,0.5007932456281364,0.7219508454144798,0.9716129840622629,0.0027292418228593985,0.0023443090249557564,0.007372369730287624,0.002897402447627335,0.00336649257401989,0.0033922459072620176,0.0005594041551318587,0.002351025636589606,0.0018981130997784866,0.00026859459399698445,0.004098968227120971,0.005465290969494649,0.010439254384672254,0.002154559678755053,0.004157000594190091,0.0029108961829360036,0.19867451629061103,0.018503370230513835,0.0013034556368282787,0.000965329065298581,0.0008975470815872428,0.0010681769522249108,0.0015949875070947394
BLOODCELL,ViT,FAIR_rbf_svm,0.9689473533493475,0.9689716628709283,0.9975970849916715,0.008636649281009545,0.0027640868316079017,0.006439062789860983,0.046186999670317606,0.9384173337729098,0.08380509692704573,0.9657317531722069,0.09716591243407044,0.9507182698505309,0.47039806964470454,0.7306168239336513,0.9733271654668672,0.002194872458892557,0.0016773836432024617,0.006484033541832207,0.0022980018482267354,0.006535887305990138,0.006528943009106256,0.0006059385100057319,0.001852743548773189,0.0018384312339746064,0.0013907168681168364,0.007015197170364292,0.009353596227152343,0.011153626739604785,0.0022579658256702963,0.006000535475980361,0.004566781006241482,0.15372815545697413,0.001845988511048801,0.00221632678746097,0.0005841152725695398,0.00038407752399390185,0.0017361690184600795,0.0011497305573880867
BLOODCELL,ViT,ISOTONIC,0.8841186537738841,0.8837878602684739,0.9795080773036453,0.015804344269430955,0.004593485329858625,0.014047978986153092,0.16489757013334927,0.7801365731555346,0.30928505659103395,0.8871620178222657,0.2682498276233673,0.838242506980896,0.27526058197021486,0.6790276050567627,0.9145821094512939,0.023961798913193482,0.016862432938900867,0.07603417624533167,0.04636223346868025,0.006195406105413254,0.005986802020544098,0.0021901867423739577,0.004793918127695069,0.0026553598086557226,0.001925589542730826,0.009262138436311306,0.012349517915081723,0.020162257883363583,0.005995286756795404,0.007206871463580192,0.0053045828882715635,0.27028378564665456,0.02213890764077809,0.0038709177100291463,0.0027708926201173967,0.002126388620188473,0.006490175201368763,0.005307714005027669
BLOODCELL,ViT,MC_DROPOUT,0.880535798661225,0.8792253463216879,0.9788557647876657,0.07826955373768267,0.061088477123235466,0.04621379762994966,0.18790161145103237,0.7494645180652905,0.3502228081226349,0.8021485447883606,0.5151115596294403,0.7652113199234009,0.22825739798263728,0.5907398104667664,0.8309365391731263,0.02814809718930044,0.020604913072079532,0.08536056207109058,0.05485568903859759,0.007916635851078579,0.008036623892250313,0.0020611269680353554,0.012630168804858918,0.01316656408495938,0.005895340317031407,0.006144115920287487,0.008192154560383259,0.007455477286455512,0.006622903944233361,0.01649444832865845,0.004841323312427617,0.06832857682943426,0.011805050620265394,0.007879102967601088,0.0030603158183500644,0.002470177052982538,0.00810609533141622,0.006148022149554756
BLOODCELL,ViT,TAU_0.60,0.9767544784184533,0.9767199675601617,0.9987138715171261,0.02119962114011415,0.01518835893010324,0.012093764268524201,0.036900273234351966,0.9507996356875307,0.07271999597782117,0.9566491702099873,0.12601216442274557,0.9479600705948448,0.4567284663565479,0.6694870836722122,0.9635347870773561,0.0011704197200487973,0.0008819200670086048,0.0036416418043529893,0.0004996003496753121,0.004247201201467527,0.004271862790677953,0.0002821855893820757,0.002858509741741359,0.002961211043501014,0.0008762719726126662,0.004410983535316282,0.005881311380421685,0.006038559575478552,0.0012935716582064194,0.0026345488535272905,0.002737701997016924,0.16678078588367118,0.012380141144296024,0.000810906061853943,0.0003118887506592457,0.00021900810737093544,0.001452144777044315,1.3672548278935737e-07
BLOODCELL,ViT,TAU_0.70,0.9767544784184533,0.9767199675601617,0.9987138715171261,0.02119962114011415,0.01518835893010324,0.012093764268524201,0.036900273234351966,0.9507996356875307,0.07271999597782117,0.9566491702099873,0.12601216442274557,0.9479600705948448,0.4567284663565479,0.6694870836722122,0.9635347870773561,0.0011704197200487973,0.0008819200670086048,0.0036416418043529893,0.0004996003496753121,0.004247201201467527,0.004271862790677953,0.0002821855893820757,0.002858509741741359,0.002961211043501014,0.0008762719726126663,0.004410983535316282,0.005881311380421685,0.006038559575478552,0.0012935716582064194,0.0026345488535272797,0.002737701997016924,0.16678078588367118,0.012380141144296024,0.000810906061853943,0.0003118887506592457,0.00021900810737093544,0.001452144777044315,1.3672548278935737e-07
BLOODCELL,ViT,TAU_0.80,0.9767544784184533,0.9767199675601617,0.9987138715171261,0.02119962114011415,0.01518835893010324,0.012093764268524201,0.036900273234351966,0.9507996356875307,0.07271999597782117,0.9566491702099873,0.12601216442274552,0.9479600705948448,0.4567284663565479,0.6694870836722122,0.9635347870773561,0.0011704197200487973,0.0008819200670086048,0.0036416418043529893,0.0004996003496753121,0.004247201201467527,0.004271862790677953,0.0002821855893820757,0.002858509741741359,0.002961211043501014,0.0008762719726126662,0.004410983535316282,0.005881311380421685,0.006038559575478552,0.0012935716582064194,0.0026345488535272584,0.002737701997016924,0.16678078588367118,0.012380141144296024,0.000810906061853943,0.0003118887506592457,0.00021900810737093544,0.001452144777044315,1.3672548278935737e-07
BLOODCELL,ViT,TAU_0.85,0.9767544784184533,0.9767199675601617,0.9987138715171261,0.02119962114011415,0.015188358930103238,0.0120937642685242,0.036900273234351966,0.9507996356875307,0.07271999597782117,0.9566491702099873,0.12601216442274552,0.9479600705948448,0.4567284663565479,0.6694870836722122,0.9635347870773561,0.0011704197200487973,0.0008819200670086048,0.0036416418043529893,0.0004996003496753121,0.004247201201467527,0.004271862790677953,0.0002821855893820757,0.0028585097417413614,0.0029612110435010166,0.000876271972612666,0.004410983535316282,0.005881311380421685,0.006038559575478548,0.0012935716582064194,0.002634548853527248,0.002737701997016924,0.16678078588367118,0.012380141144296024,0.000810906061853943,0.0003118887506592457,0.00021900810737093544,0.001452144777044315,1.3672548278935737e-07
BLOODCELL,ViT,TAU_0.90,0.9767544784184533,0.9767199675601617,0.9987138715171261,0.02119962114011415,0.015188358930103238,0.0120937642685242,0.036900273234351966,0.9507996356875307,0.07271999597782117,0.9566491702099873,0.12601216442274552,0.9479600705948448,0.4567284663565479,0.6694870836722122,0.9635347870773561,0.0011704197200487973,0.0008819200670086048,0.0036416418043529893,0.0004996003496753121,0.004247201201467527,0.004271862790677953,0.0002821855893820757,0.0028585097417413614,0.0029612110435010166,0.000876271972612666,0.004410983535316283,0.005881311380421685,0.006038559575478548,0.0012935716582064194,0.002634548853527248,0.002737701997016924,0.16678078588367118,0.012380141144296024,0.000810906061853943,0.0003118887506592457,0.00021900810737093544,0.001452144777044315,1.3672548278935737e-07
BLOODCELL,ViT,TAU_0.95,0.9767544784184533,0.9767199675601617,0.9987138715171261,0.02119962114011415,0.015188358930103238,0.0120937642685242,0.036900273234351966,0.9507996356875307,0.07271999597782117,0.9566491702099873,0.12601216442274552,0.9479600705948448,0.4567284663565479,0.6694870836722122,0.9635347870773561,0.0011704197200487973,0.0008819200670086048,0.0036416418043529893,0.0004996003496753121,0.004247201201467527,0.004271862790677953,0.0002821855893820757,0.0028585097417413614,0.0029612110435010166,0.000876271972612666,0.004410983535316282,0.005881311380421685,0.006038559575478545,0.0012935716582064194,0.002634548853527237,0.002737701997016924,0.16678078588367118,0.012380141144296024,0.000810906061853943,0.0003118887506592457,0.00021900810737093544,0.001452144777044315,1.3672548278935737e-07
BLOODCELL,ViT,TEMP_SCALE,0.8811563924383732,0.8800588987309201,0.9796046447027337,0.013835950325203853,0.0034022490945752742,0.024513465323572875,0.1713445704061844,0.7715405727917544,0.30155553221702575,0.8843932509422302,0.3006848216056824,0.8309087634086609,0.43938759684562684,0.6862909078598023,0.9111747860908508,0.026023083928386558,0.018574358693902716,0.0810971322790818,0.05045908614124507,0.005880973363255367,0.005871388091768467,0.0021101295751976626,0.005794313901521351,0.0024909778167770714,0.0030062378947706535,0.009441739283128426,0.012588985710837846,0.014228327108054014,0.0029170140900573118,0.009336738040248684,0.0060692766231606994,0.23044079381563579,0.012368281253035143,0.0027483250606497108,0.0026822200512370206,0.002155943176783117,0.007202304282045979,0.0068713790126362214
BLOODCELL,ViT,VEC_SCALE,0.8846843254876602,0.8842945769478503,0.9799575739023322,0.015086801756699969,0.003950857802873028,0.013485324562985077,0.1653112994173083,0.7795849341102559,0.28658840825532006,0.8886825753004942,0.28006759979596824,0.8376512228703239,0.20342679595366903,0.6849641653665764,0.9153229313612,0.023240422113557396,0.016222700319623574,0.07656715428627339,0.046761883793368056,0.0056764258235388245,0.005727449178500226,0.0021829903003913933,0.0057286112470433205,0.00447522768084157,0.0021850692832466696,0.00962503883084098,0.012833385107787988,0.01617915819173117,0.0028249480666796218,0.0043994509730824576,0.004413302959561122,0.08077703807271205,0.013815336317626173,0.0024660119774322867,0.0025363814487475217,0.0019114880835199967,0.006385263322058456,0.005931697396726685
BRAINTUMOR,ConvNeXt,ABL_focal,0.9367645210633354,0.9365702647090295,0.9920506807099059,0.03334622508177306,0.018639819964900696,0.021350519336918932,0.10044350130703714,0.8660753315906173,0.19026406987791217,0.9049891998588195,0.25653522779091426,0.8792090100500557,0.37741201692015147,0.6646544951280525,0.9214430649407804,0.008721002127976215,0.006587272059335075,0.029329098858727826,0.013731532674703163,0.006082185819691823,0.006012580714817474,0.0008265154020002623,0.005173059257071753,0.005091141974852361,0.0016770334804859577,0.007088384999348048,0.009451179999130706,0.010122808551841165,0.0013076186965843097,0.005240814165615146,0.003954378444171838,0.1661347481289882,0.01092025929628857,0.001988500521039857,0.0012758918899229868,0.0011045050729407873,0.005085868788810721,0.004355673842984895
BRAINTUMOR,ConvNeXt,ABL_no_descriptors,0.9350591842327038,0.9350058238240709,0.9916094102401984,0.0265261348424067,0.014103612912436775,0.017711326618801503,0.10252634579555801,0.8632982056059229,0.19197894942691637,0.9091829175464248,0.24825979603479414,0.8811060539603013,0.36010090451700755,0.6748076221681005,0.9256544270606712,0.009348634480508622,0.007097450863275066,0.031707157678043364,0.014623116297041888,0.006454514478539238,0.006398285895258543,0.0009428944426281922,0.00616361813418739,0.006731126614098522,0.0023046987120760986,0.007223349123593603,0.009631132164791464,0.011074910873792546,0.002929758317091386,0.00696762944525967,0.004203156842168176,0.16859198466727005,0.011389419809660807,0.002481798625414308,0.0015589877791253295,0.0011365172550968073,0.005118321828207837,0.004355967518994028
BRAINTUMOR,ConvNeXt,ABL_no_gate,0.9357578358955878,0.9357913391107623,0.9920235788715802,0.02979198068142621,0.015987620313676513,0.018972254708382888,0.100041038232112,0.8666119490238507,0.1869926887126421,0.9092287269978516,0.24865185815814486,0.8821431156935979,0.442447093947263,0.6729778321830835,0.9256419296955933,0.008697267331091193,0.00649968858363077,0.030597556086470752,0.014088356938753118,0.005402645296839769,0.005424853984398366,0.0008531240625926327,0.005504849217350618,0.0036032164242542114,0.0017618155698912816,0.0069743133239031484,0.00929908443187082,0.01062949995228242,0.0025939851491320943,0.006931533719360501,0.00467066508593563,0.22397683489104522,0.005572656177325231,0.0029994124795690914,0.0013729966388955012,0.0010727721947806843,0.005105760334437332,0.005258252291438921
BRAINTUMOR,ConvNeXt,ABL_no_knn,0.9323798383611119,0.9323970325713239,0.9901793230423779,0.019954842045721212,0.006957309837666177,0.014810685070224977,0.10653074042396797,0.857959012768043,0.1984513555402808,0.919918322265087,0.2314610030395013,0.8859447090412456,0.3798437725124751,0.7163001613975579,0.9348564124137431,0.01096386868098057,0.00853289016871648,0.03614568972126114,0.018724528169876332,0.004395464150592593,0.004532328546048136,0.0010813099914954538,0.003996678988069429,0.0024493123992467814,0.001587180865109376,0.006425053060910438,0.008566737414547216,0.012632291163383057,0.0033534529822077546,0.008181304755919886,0.004517696377453122,0.15778357369420473,0.014594513101201832,0.0040345678677593125,0.0016553400275441542,0.0014332333012524996,0.005136137925770952,0.005466698258215703
BRAINTUMOR,ConvNeXt,ABL_no_poly,0.9318362932583085,0.9317876909665042,0.9916176990674248,0.02951248782533933,0.015878713706076544,0.01927060272391707,0.10222740359643186,0.8636967952047577,0.19069054669503893,0.9084093990999259,0.243473045062469,0.8811950779983032,0.39834438012530177,0.6650938661359983,0.9265083416706344,0.00895040772681765,0.006451583300321417,0.03107311757956292,0.014266769070778096,0.008994120377983243,0.008996604420444693,0.0008617946990369071,0.007162536080379554,0.006095142461226688,0.0015575575408007108,0.007243748932410027,0.009658331909880006,0.009720035056583433,0.0024045143770429762,0.0048540100573376994,0.004346103942928626,0.17375024769880185,0.015505965988255094,0.0027615849696604176,0.0012899022034582308,0.001009597816679165,0.0056547774727411,0.004188755901523664
BRAINTUMOR,ConvNeXt,ABL_no_rbf,0.9365954349805448,0.9366212742414628,0.9918205050479545,0.027816074975112858,0.014677888591604482,0.01814278383464142,0.10021611982963008,0.8663785068938268,0.1879910908189389,0.9119149945190997,0.23980496428441525,0.8842986334533526,0.3646150849304442,0.6775566127096191,0.9279610019361423,0.009088724048670681,0.006952046559965572,0.03234157480730586,0.015158352693116823,0.0046308755115344906,0.00464508416722359,0.0008437959324181186,0.004402790543579757,0.004347705787581936,0.0017166869272333537,0.006949731894296565,0.009266309192395378,0.010090523836759546,0.0025888584958815956,0.008720492144561996,0.004426478662213935,0.2055282868662019,0.009800368054564924,0.003061374436981653,0.0011457325535026643,0.0009504907955812381,0.005429747953108999,0.005089853419471069
BRAINTUMOR,ConvNeXt,APEX,0.9360331733032783,0.9360576452400678,0.9919112168465596,0.028667866102421023,0.015178242569511793,0.01829841895736063,0.09998359548677445,0.8666885393509676,0.1867730853155228,0.9112689486454741,0.24289281305914673,0.8837263084626171,0.5290928615793967,0.6779422726420398,0.9274047723899776,0.00883597585290904,0.006658735877945303,0.03123147050802384,0.014266610058182708,0.005192231892390744,0.005196315658589313,0.0008329932982402256,0.005248692781820183,0.003877954693577669,0.0017137075537239112,0.006849640415892714,0.009132853887856951,0.010222498359570864,0.0022372504219620075,0.006951547588762336,0.004224334611643165,0.21012084061600733,0.0065288011077071955,0.0024251979924310276,0.001249151076477489,0.0009975576777192755,0.0043030712125473256,0.004724024794212256
BRAINTUMOR,ConvNeXt,BASE,0.883599984328446,0.8815398368786216,0.9790065169244709,0.01604603394611556,0.002464012337032206,0.022946385915953427,0.1697799440168745,0.7736267413108344,0.31082441806793215,0.8836459279060364,0.3063585877418518,0.8305506825447082,0.35339982140631904,0.6863727331161499,0.9100562453269958,0.025969555088875097,0.018672908563301668,0.07561930447874866,0.04939440053046602,0.004752613493678053,0.005732911474142349,0.0023139171292748907,0.0032263749306616417,0.0012616769324191256,0.004401355399586681,0.004738108452156543,0.006317477936208708,0.010508245336217161,0.002586670429032614,0.007901575966467744,0.003967813175504542,0.17094720251617765,0.018306110359371394,0.002632567702534539,0.0016298508075712683,0.0015137656365612367,0.005173974505167991,0.004752669305137111
BRAINTUMOR,ConvNeXt,DIRICHLET,0.8931740023344542,0.8928453892010564,0.9794463828651765,0.02286919140441853,0.005662253603911637,0.017432262694304444,0.16267180089511582,0.7831042654731791,0.2957426249980927,0.898389208316803,0.26801750659942625,0.8439550638198853,0.2877287841335362,0.718813157081604,0.9200856924057007,0.024472109268053172,0.018346181693877365,0.07292479115636598,0.04778948640521816,0.007211183228855087,0.00699838980705003,0.0023937214107877624,0.0036973774473682457,0.003769947800059755,0.0014087176919963997,0.010628364230532128,0.014171152307376146,0.017886638279767598,0.0053200796110246616,0.011918634969994457,0.007341655267702729,0.16577727500964573,0.016139832075256915,0.004387175087811436,0.0029009437282765675,0.0020742473196075444,0.007348208302450532,0.005839831018591309
BRAINTUMOR,ConvNeXt,FAIR_equal_blend,0.9353316995699454,0.9353555809374484,0.9919823537360232,0.028889711081605512,0.01569635191315194,0.018733062327475705,0.09978042085698424,0.8669594388573545,0.1864267586497326,0.9102480586898185,0.24186834809476285,0.8834559087164914,0.4922108751591809,0.6694484651746617,0.9271148129472859,0.008770856092055083,0.006537039777190667,0.029487828817970796,0.014088515951348506,0.006792288518463527,0.006806811158266629,0.0009426482191329571,0.005941807727354456,0.0056198244777879375,0.0013788425906954961,0.007419421494837916,0.009892561993117227,0.010411465055184158,0.0024342159845603495,0.007167109151540146,0.004303111566300667,0.18564013453126443,0.004794100421361909,0.0034383676405830657,0.001246922311894938,0.0008949598431317295,0.005221260493255301,0.0048656998384149905
BRAINTUMOR,ConvNeXt,FAIR_knn,0.9255644375397949,0.9254055416539023,0.9838913802370899,0.0401693459566304,0.026209555521380608,0.027483432058873835,0.12099478292795754,0.8386736227627235,0.6967275091178597,0.9103080514391341,0.18719764298314756,0.8783578030539221,0.4748932766337721,0.6805238435187185,0.928998228393915,0.01745312498646078,0.014497671853938798,0.037731732544417376,0.02068578952138799,0.006838498521126523,0.006759889070859838,0.0029096370554654956,0.008078116880836022,0.007609063065158936,0.002217218341412255,0.00916487142427598,0.012219828565701276,0.09960728435001012,0.0027309412348413215,0.0046271595496908775,0.0050672152512255125,0.1480639740874146,0.01616126641421694,0.0027635122614243987,0.0035090739817367628,0.003347651521137152,0.006752867276081892,0.004946738864558171
BRAINTUMOR,ConvNeXt,FAIR_poly_svm,0.9302435951491427,0.9303112897868809,0.9895819140932278,0.01705857761717588,0.0045445650912106,0.013790253695595828,0.10815171371137929,0.8557977150514946,0.2039483618977333,0.923491377577259,0.2176453696840046,0.8883455708506387,0.3927120829725624,0.7161257575590603,0.9392685642669136,0.012009024224568317,0.009422050485888431,0.036146066752043196,0.01979468293683543,0.004659991288471413,0.004786094094334608,0.0010757352125192721,0.0035657187389781415,0.0018372493414641736,0.0014124516713833323,0.006545611966398675,0.008727482621864862,0.011633999833849613,0.004611434888426531,0.01177159443003381,0.005102612311742039,0.14795280300223698,0.023396822977154466,0.005002677946585996,0.0013810116828342997,0.0013544976376985718,0.005229645401612614,0.005555088633832052
BRAINTUMOR,ConvNeXt,FAIR_rbf_svm,0.9253002766055483,0.9253014090503082,0.9887079718437415,0.01527378927828731,0.0040480831336694705,0.014435793450426415,0.11287692987942496,0.8494974268274336,0.20907658644820049,0.9208959582332298,0.22543265209752256,0.883664352244911,0.2421053096485251,0.718821135978881,0.9373852375568242,0.012500532514938096,0.009528015004171895,0.0389989330028868,0.022646255809922702,0.005757168092183111,0.005853039935484267,0.0008417520315773106,0.003783448279649009,0.003532527556037239,0.0016718183689110463,0.007201705119436985,0.009602273492582643,0.01086497379143101,0.0029628878730653136,0.00572497982866644,0.004125176472419222,0.11359148724814153,0.010103892174606685,0.003254742081846678,0.0015208446320633178,0.0011344593318377875,0.002726534016229422,0.005372796844539115
BRAINTUMOR,ConvNeXt,ISOTONIC,0.8916790079174263,0.891257400768181,0.9782215304163095,0.024813906796266876,0.008853527753213838,0.018573420380253662,0.1662699289881898,0.7783067613490806,0.34304913878440857,0.9055801153182983,0.24624935388565064,0.8469125509262085,0.22440515539102385,0.7402605772018432,0.9258800864219665,0.027317259407940137,0.021004074153346375,0.07324275378256132,0.048503929996295006,0.008033958800767087,0.007893285137152468,0.002348841730579318,0.007713689914360687,0.005005451068489769,0.0033919843040071044,0.010598552009932717,0.01413140267991026,0.049875149739016474,0.0026774646460809835,0.014095280614439152,0.006040784990287608,0.047676323456179025,0.01086671411203138,0.0026992749520010385,0.00314062002101815,0.0024781482684322976,0.008408980043929183,0.007928393391874783
BRAINTUMOR,ConvNeXt,MC_DROPOUT,0.8833274254192652,0.8812331952715997,0.9789608171986275,0.021285717237491012,0.006737024513296922,0.02441741296962375,0.1708916080004256,0.7721445226660995,0.3127663373947144,0.8713563799858093,0.336294549703598,0.8215090274810791,0.3470732226792504,0.6690789341926575,0.8985755443572998,0.02618280795004513,0.018845891579927183,0.07672903174724861,0.050642331379068525,0.005607289268629257,0.006999095030946438,0.002370285737375138,0.0020860154828279114,0.0025198965887929738,0.005153793817662806,0.00455463326395265,0.006072844351936893,0.010421598697535176,0.0028376195389372243,0.008038195798804581,0.0038360467714313715,0.21284419501567572,0.024255365771237384,0.003366967531210669,0.00171322095266292,0.0019029310289827746,0.006088830943145563,0.006196390959869153
BRAINTUMOR,ConvNeXt,TAU_0.60,0.9360419268046789,0.9360604361381192,0.9919837225865542,0.028978920201584435,0.0156716285891271,0.018685763842541826,0.0999976880133907,0.8666697493154792,0.18693991551623518,0.9101166204418563,0.24624883202701792,0.8828219637121102,0.4423982015290292,0.6757660942156907,0.9263181207861209,0.008722647140484,0.006545407165520262,0.030597556086470752,0.014266769070778096,0.0051768442560659106,0.0051915024538059075,0.0008305783922962476,0.005575669356070407,0.003790058985704353,0.0015913843915214673,0.006978713039711001,0.00930495071961467,0.010603724642079244,0.0022703615981042335,0.006513077805533782,0.004525529412110989,0.22450977302427186,0.005899432298127755,0.00249604781396129,0.001306951537800951,0.0010333538456306416,0.005105760334437332,0.005205280267061394
BRAINTUMOR,ConvNeXt,TAU_0.70,0.9358931172808693,0.9359180367726625,0.9919675472110869,0.028909809850331408,0.015539118302611479,0.018413437331519004,0.09993594562590923,0.8667520724987879,0.1867550544491956,0.9106755769923984,0.24475292499537532,0.8832680000983167,0.4423982015290292,0.6763006713625664,0.9269198611909399,0.008744488167606703,0.006556476787642244,0.03107311757956292,0.014088356938753118,0.005442092386125091,0.0054407876966078485,0.0008383466199392738,0.00549665188014085,0.00390996198297243,0.0015856870532308743,0.006961610058043523,0.00928214674405804,0.010509757570303285,0.0021709830520158504,0.0065328174238029075,0.004396593824929052,0.22450977302427186,0.005547085813516804,0.00233131647070172,0.0013180290948411149,0.0010304593578639534,0.0049750706513281935,0.004824154842357278
BRAINTUMOR,ConvNeXt,TAU_0.80,0.9360331733032783,0.9360576452400678,0.9919581333274874,0.028732876100599353,0.015529211508755048,0.018305999910569505,0.09994271254401206,0.8667430499413173,0.18665492991475519,0.9110487156874122,0.24365941379580983,0.8835567584942783,0.44723287916160287,0.6774542111745896,0.9272011721210577,0.00875700441904079,0.00657976444407705,0.03123147050802384,0.014266610058182708,0.005192231892390744,0.005196315658589313,0.0008301690287147728,0.005399106895908741,0.0037055755809878117,0.0016785827655723387,0.0068895519185241194,0.009186069224698834,0.010334073724124747,0.0021824853809227075,0.006656717494033458,0.00426580979884231,0.21609672402529942,0.006372222712834717,0.0024097534699929284,0.0012998823166651503,0.001029905435924103,0.0043030712125473256,0.004724024794212256
BRAINTUMOR,ConvNeXt,TAU_0.85,0.9360331733032783,0.9360576452400678,0.9919112168465596,0.028667866102421023,0.015178242569511793,0.01829841895736063,0.09998359548677445,0.8666885393509676,0.1867730853155228,0.9112689486454741,0.24289281305914673,0.8837263084626171,0.5290928615793967,0.6779422726420398,0.9274047723899776,0.00883597585290904,0.006658735877945303,0.03123147050802384,0.014266610058182708,0.005192231892390744,0.005196315658589313,0.0008329932982402256,0.005248692781820183,0.003877954693577669,0.0017137075537239112,0.006849640415892714,0.009132853887856951,0.010222498359570864,0.0022372504219620075,0.006951547588762336,0.004224334611643165,0.21012084061600733,0.0065288011077071955,0.0024251979924310276,0.001249151076477489,0.0009975576777192755,0.0043030712125473256,0.004724024794212256
BRAINTUMOR,ConvNeXt,TAU_0.90,0.9358931172808693,0.9359180367726625,0.9919042642157241,0.028672527453038655,0.014959007792478995,0.01826279645621884,0.10000130914603031,0.8666649211386265,0.18678303289513315,0.91134826538821,0.24240731614248517,0.8838106158011158,0.5290928615793967,0.6774990587720543,0.9275607219162925,0.008835780585483507,0.006647769205519049,0.03123147050802384,0.014266610058182708,0.005442092386125091,0.0054407876966078485,0.0008522724286822408,0.005276956820091813,0.00413278509542264,0.001728842525577743,0.006878296641819572,0.009171062189092766,0.010365091592389557,0.0022608764137052014,0.007102018459543192,0.004208085903632191,0.21012084061600733,0.005885079990252361,0.0023977454285949835,0.00126056288574716,0.0009911736269199618,0.0043030712125473256,0.004724024794212256
BRAINTUMOR,ConvNeXt,TAU_0.95,0.9360331733032783,0.9360714286403196,0.9919022468492399,0.028164197687393745,0.014715924591582108,0.01822935464252242,0.10003020574475592,0.8666263923403257,0.1867138484108862,0.9114510282612207,0.2418726022430667,0.8838864073107005,0.5290928615793967,0.6780964215112153,0.9275906350883393,0.008827134843561733,0.0066498948685979956,0.03123147050802384,0.014266610058182708,0.005192231892390744,0.005206976511143839,0.0008503644902549942,0.005704535436836658,0.004391348091163373,0.001775080555433256,0.006844212616572502,0.00912561682209669,0.010255829346697233,0.0023283804513493833,0.007355304422129228,0.004183738410995526,0.21012084061600733,0.006449482532615496,0.0024567795317073106,0.001252696730836963,0.000998958326939314,0.0043030712125473256,0.004724024794212256
BRAINTUMOR,ConvNeXt,TEMP_SCALE,0.883599984328446,0.8815398368786216,0.9790160144041083,0.020261873686665485,0.004855175075501618,0.022417251849350544,0.1699041782394829,0.7734610956806897,0.312167102098465,0.8912259936332703,0.2852254271507263,0.8360042810440064,0.41477017998695376,0.6977582573890686,0.917117178440094,0.025911720702036234,0.018615074176462815,0.07577790876106429,0.04939440053046602,0.004752613493678053,0.005732911474142349,0.0023101870661508435,0.004053785255640402,0.004293605904778992,0.004519909471818657,0.004923591630147761,0.006564788840197021,0.012083708731111779,0.005463361358885769,0.013000923137338341,0.0033879892806173402,0.20378347853540216,0.020385118223674562,0.005825307552849417,0.00160013001238946,0.0014953050714232937,0.005412891776280547,0.004494975242425036
BRAINTUMOR,ConvNeXt,VEC_SCALE,0.8898636210165222,0.8897638170718981,0.979474700594834,0.019716075245436403,0.004913028907636576,0.017458184225454133,0.16271905067619002,0.7830412657650803,0.2967845574866256,0.8978960645458425,0.2671223545592597,0.8441271488371026,0.3112952301689451,0.7074671569761056,0.921733321939451,0.02434873863460409,0.01783065300846215,0.07213151839093317,0.04618600339332878,0.008569705037742745,0.008348982128200323,0.002604726603068748,0.004236447405153613,0.0027953091553002732,0.0017134270729224018,0.010200508734744988,0.013600678312993308,0.018706434598771714,0.004315599323338558,0.011143390474180224,0.006635418727518213,0.21603366621572673,0.013116100775518454,0.003895818864480937,0.002848320704612653,0.0018756205731782557,0.004805175787591535,0.006490324359291574
BRAINTUMOR,MobileNetV3,ABL_focal,0.9329961623908526,0.9328306929287796,0.9913052660772802,0.043463784290721556,0.028606817163043065,0.024728936319814782,0.10434536144243296,0.8608728514100896,0.2061265879121194,0.894926013535183,0.2880552192925589,0.8696286916789251,0.3475210198380167,0.6409750314609589,0.913384797130203,0.009482772499429293,0.007091784743141191,0.03028034752183951,0.014266451045587322,0.006681914433947507,0.006569204570478743,0.0014405241750021106,0.007020036704497442,0.006596750961503429,0.002379366964077031,0.007626371012519982,0.010168494683359963,0.011945297668777215,0.004372446874653223,0.014585779277405795,0.005773539428601481,0.2070587050730134,0.006526399758797623,0.0045099117500808335,0.0017409289347629798,0.001350016702466264,0.004031356387340935,0.0031588038381703525
BRAINTUMOR,MobileNetV3,ABL_no_descriptors,0.9341055613638778,0.9339632810726822,0.9912841033665865,0.03352243740789457,0.019776719273346482,0.021497312010468953,0.10420051646187649,0.8610659780508316,0.20061061613371725,0.901585501291643,0.26515304837605247,0.8751932965608843,0.22937659723336376,0.6517822403561262,0.9193677383420653,0.009802545602620864,0.007491864778162871,0.03218385026348168,0.01622803042228975,0.006520321109341712,0.006536624611414894,0.0015614338469715778,0.005332101292601293,0.00493688648546266,0.0020757331428118047,0.008996926291824723,0.01199590172243295,0.013135730698216837,0.003197291906078089,0.00884688913934739,0.005559679753099613,0.10292488869506453,0.008736265580764731,0.002680965143696358,0.0021032135163979926,0.0016725131250318408,0.007335400590985769,0.0032472772263224176
BRAINTUMOR,MobileNetV3,ABL_no_gate,0.9334035589161742,0.9333008493909979,0.9914395383346198,0.03682995488471383,0.022758653023047415,0.022310299394623388,0.10445147297988903,0.8607313693601482,0.2015277154843548,0.8999825590881153,0.2672124006977453,0.8740399112101311,0.29845771236993757,0.6460045112179593,0.918267732293096,0.009205095459982477,0.006844212599263165,0.03170715767804336,0.014266451045587322,0.006659045069113648,0.006624615318896574,0.001644449428132663,0.007928076215994654,0.007253254835496691,0.0026830823814609373,0.008488828549737036,0.011318438066316017,0.013125252993502654,0.003081635845577636,0.01171661957360031,0.004320938353145425,0.10915113830569052,0.012862971160091295,0.004205937389036013,0.0021121072577036334,0.0017381054754722468,0.004800607231431222,0.003735514299448751
BRAINTUMOR,MobileNetV3,ABL_no_knn,0.9257149046117389,0.92586386326183,0.9886762359992508,0.02166931883427892,0.009466776089973874,0.016592889075919805,0.1129411875044712,0.8494117499940387,0.2160587289817127,0.9112616276228833,0.2606418156068825,0.8760669428225182,0.3232676461713264,0.690398166617002,0.9291447787563859,0.013570710478558169,0.010623434442198805,0.03773223525212677,0.021577214131131325,0.008777108017442345,0.008848787587661748,0.0015710451351214118,0.004905497952911132,0.0039048297932368055,0.0012309649461140514,0.010741128166434848,0.014321504221913106,0.015509131073983787,0.0028128598146571725,0.0066928355472353354,0.006288395913474757,0.07667778311376841,0.01368139966185976,0.0021136329455939303,0.0018946411304291782,0.0013315091796680025,0.0070529885274396775,0.004299896620760405
BRAINTUMOR,MobileNetV3,ABL_no_poly,0.9308698216321645,0.930710552233327,0.9906601957742381,0.03353528029487492,0.019265169778729056,0.022005420612245127,0.1071091694474249,0.8571877740701004,0.20785616057385942,0.9018508268832441,0.2553345794139782,0.87463028016231,0.3237639178577991,0.6527483186410727,0.9205024571753377,0.010220389971807603,0.00767260019504543,0.032183473232699635,0.015158352693116819,0.0072521334966243285,0.007084486287530033,0.0019862279754969073,0.007515355386210302,0.00762540197245777,0.002734996072582609,0.008534547786002595,0.011379397048003424,0.014406459034499415,0.003827569967906575,0.014047747344332846,0.005178235205564239,0.2058663234971622,0.013356221362702649,0.004198717609207903,0.0028639842870548144,0.002408113347021223,0.006799361713084081,0.004419814321239058
BRAINTUMOR,MobileNetV3,ABL_no_rbf,0.9343589501162933,0.9342935896940656,0.9913419218573664,0.03473773357474396,0.0202256241017509,0.02219000002189783,0.1039228417572073,0.8614362109903905,0.20240353270822223,0.902076061643505,0.2590691195883867,0.8762576626800641,0.2781977379194316,0.6461275762212921,0.9202444127582152,0.009483372393218711,0.0071894286816774206,0.03123184753880589,0.013909944806728141,0.0070819122004599205,0.006942128175982402,0.0014661669928499594,0.005766771415220056,0.005503006118408251,0.002289442675433422,0.008403600695757315,0.011204800927676393,0.014195138200095,0.003931562623520478,0.013453656957690437,0.005599687752693074,0.04484582583482374,0.006313652525943871,0.004284152393021719,0.0018296573874737058,0.001382984529282175,0.004919347575413767,0.003378373383775444
BRAINTUMOR,MobileNetV3,APEX,0.9329821950298056,0.9328902892677892,0.9912845781712407,0.0340560126232228,0.020483823070770096,0.021539485069097482,0.10435318998068792,0.860862413359083,0.20150502612751048,0.9026727782079499,0.25864919186045576,0.8761983401420788,0.27351458166914205,0.6487210807718838,0.9210782188336829,0.009420071188106175,0.00703106092190342,0.031548679072655086,0.01408819792615773,0.00630549515387442,0.006291381917367759,0.0016600809933576069,0.006097748398788105,0.006405243477306882,0.0031574948085568585,0.008790078383636797,0.011720104511515705,0.014067262812872567,0.003235335784669575,0.012028495796501965,0.005428927604892055,0.08646608843688357,0.0125913872448224,0.0038602682142549944,0.002072940658080899,0.001740365574733583,0.005005956292351614,0.003539349207536148
BRAINTUMOR,MobileNetV3,BASE,0.8959647367796396,0.8954121921298593,0.9800749583910898,0.038536383178275714,0.020048989461312124,0.025412269126585958,0.1614768373367388,0.7846975502176818,0.3074918270111084,0.8588966846466064,0.3852551817893982,0.8157867431640625,0.3376805000252454,0.6545869469642639,0.8828876733779907,0.02500231421744594,0.01921134663596995,0.06737628049079354,0.04493600538098623,0.004817297140639183,0.005573805797917328,0.0023678124959374044,0.0039286005085741645,0.003502229015965758,0.0018302229192489023,0.01061909977628326,0.014158799701710972,0.01846376851498098,0.006155879283792495,0.012884683388764855,0.008733520279723891,0.2078206631162765,0.01026706612076196,0.006029728334574798,0.0033832436581588982,0.002876517322701078,0.007983091831644501,0.005411094050443211
BRAINTUMOR,MobileNetV3,DIRICHLET,0.8984845378857085,0.8985601955288077,0.980258861654503,0.020734646942316047,0.005577772927148649,0.01828083306256211,0.15722591653796053,0.7903654446160528,0.2975607454776764,0.901137363910675,0.263966965675354,0.8486761808395386,0.31882847164191447,0.7218766808509827,0.9216426610946655,0.023723585063870005,0.01821115133453414,0.06991256656164266,0.04386728172738562,0.008259573392067756,0.00807857227824693,0.002324041396487868,0.005224125854436864,0.003522500030052164,0.0021931300105154103,0.010307167282556113,0.013742889710074776,0.020385562603085095,0.00437103875321381,0.007163545601835214,0.00684892346017135,0.1920980821762293,0.014633344864460282,0.0032119063167567303,0.003403965132317558,0.0028694739253853677,0.007137176391522796,0.007688888651909655
BRAINTUMOR,MobileNetV3,FAIR_equal_blend,0.9327049474900573,0.9326494681574211,0.9909763899515269,0.030353825695934922,0.016349047464788637,0.020067942190687766,0.10454841191910462,0.860602117441194,0.20068646453733785,0.9053061081837981,0.25811955898745137,0.8771930384824929,0.3256549475040575,0.6630967703447792,0.9229546412416024,0.010041744693426795,0.007621509071867527,0.0320246175965293,0.015158193680521435,0.008057063649353767,0.008009364169505215,0.0018130818609864473,0.006227906364360841,0.0074017669691242675,0.003008816217470295,0.009400279538075826,0.012533706050767783,0.014907099139371329,0.004391191472383795,0.009654782556341378,0.006217178644169191,0.20554858055089306,0.015522993601261453,0.0036665503886495103,0.002524401401356916,0.002161849515442199,0.0058268011458997475,0.004373841808808971
BRAINTUMOR,MobileNetV3,FAIR_knn,0.9217941708191255,0.9214123224232859,0.9858104530984402,0.05858450677814038,0.04380965755958875,0.034680042524476394,0.12179310344407361,0.8376091954079021,0.6680268562318161,0.9061650887632144,0.19441535062764065,0.875523697272597,0.4149801299089459,0.6569426308393048,0.9274724000287218,0.01478136360207608,0.011529404392706773,0.033927114922752674,0.01373041958653545,0.006442596349572539,0.006314461145337299,0.0020207726303158795,0.009726943582528982,0.00955223545766795,0.004420950721114065,0.007282592959278975,0.009710123945705288,0.11951095474784014,0.0055574227160395855,0.010659923939080359,0.005087145052438262,0.10797248321892809,0.016078845240381556,0.005514727332567091,0.003025193270905835,0.002848476201572138,0.006999699053175232,0.001016848964003157
BRAINTUMOR,MobileNetV3,FAIR_poly_svm,0.9260118767117598,0.9263999726732559,0.9879993244048124,0.018508327675864238,0.008202063149075001,0.017874878366505066,0.1137714424706973,0.8483047433724037,0.229176892734049,0.9147465439459502,0.24088664223066428,0.8794715486820339,0.3261308151730883,0.6883537708975684,0.9329994439292928,0.014889022739771074,0.011980772384961879,0.038049066785975964,0.022469433803851604,0.008078583046008263,0.008036281865555406,0.001572547089734556,0.00553703664372667,0.0045599821285360964,0.0019199891483764673,0.010587427604681997,0.014116570139575957,0.018848055977868025,0.004461501190009717,0.009575709590233893,0.007196441329439784,0.08884673120807461,0.019304480808905344,0.0027033381556012806,0.0021272786934445832,0.0016081664500397247,0.006970431049939054,0.005482312536210104
BRAINTUMOR,MobileNetV3,FAIR_rbf_svm,0.9184805114622137,0.9183689667784194,0.9863332016303797,0.013979735744041516,0.003334916315699395,0.0140810869944212,0.1230975769013087,0.835869897464922,0.23460109872077695,0.9188048518174685,0.23497917091355722,0.8765838694928447,0.29090653885744666,0.7246304248276922,0.9362329871287498,0.01700472483347442,0.013458363928944627,0.044548574760805384,0.02639243354466107,0.007242203224077614,0.007246388537707829,0.0021282004027752058,0.005433483879807518,0.002506576239432031,0.0015742336673264517,0.011102328073176695,0.014803104097568891,0.019834985549376932,0.00274595133868329,0.007346511220046405,0.006863083933655336,0.11686846782507072,0.019583218572564523,0.0012721128758839476,0.0037383644993757765,0.0034536246486596227,0.006704966581892208,0.004836961297666625
BRAINTUMOR,MobileNetV3,ISOTONIC,0.8966313151353897,0.8966483610953258,0.9792138139421036,0.020280630009073687,0.005782056549834063,0.01713181469798089,0.15870539010437673,0.7883928131941647,0.33352264761924744,0.9075422763824463,0.2457684963941574,0.8518803834915161,0.28047999807766505,0.7344409823417664,0.9277155756950378,0.025810136567212337,0.020116649193244962,0.06753425638847241,0.04457981716731783,0.004420179866563097,0.0041834075534449905,0.002908220113857551,0.0026246231087279715,0.0022437979630526837,0.0018164411308384514,0.009710451086405548,0.012947268115207366,0.022409781936827255,0.009315142760428486,0.012455810400348221,0.007197554632967657,0.11299397332174738,0.033777480857099654,0.006815541500694932,0.0033199709501012214,0.0030013227400909094,0.005345486396866794,0.004598926020353878
BRAINTUMOR,MobileNetV3,MC_DROPOUT,0.8951227788265188,0.8945687659567623,0.9798863864302054,0.04579605382978091,0.025920542948016673,0.02801180011968981,0.1638850727971167,0.7814865696038448,0.31284173130989074,0.8504778265953064,0.4062489628791809,0.8087270379066467,0.4507529386452266,0.6438767075538635,0.8749587416648865,0.025177268286688464,0.01929322676186982,0.06911979650391922,0.04547044671408422,0.004198903397393853,0.004686620448627943,0.0023983741207977576,0.00325256443637023,0.0030686588844425966,0.0011941415981295922,0.01040457759981751,0.013872770133089971,0.017796470422917918,0.005672845088936177,0.011710544323945632,0.008246346181910152,0.22444194027460124,0.012063002582144372,0.0056267315905117014,0.0034163065085468223,0.00302235250344586,0.007288984601104688,0.0065494210935205955
BRAINTUMOR,MobileNetV3,TAU_0.60,0.9334035589161742,0.9333087372862987,0.9914159781851615,0.035527680767506016,0.021439267518041243,0.021873379470350347,0.10421981725016072,0.8610402436664526,0.20119860627216996,0.9011600565885155,0.2639599694438352,0.8750197405175131,0.2977849206389849,0.6477472664015819,0.9194031112703677,0.009224717844097004,0.006863834983377691,0.031548679072655086,0.014622957284446503,0.006659045069113648,0.0066242827399750044,0.0016538614390456997,0.006969853877253607,0.006725082940009177,0.002623195910123827,0.008720670028503524,0.011627560038004702,0.013525258076551354,0.0029700167596323226,0.011456138403411833,0.004820882479904789,0.10887917560592048,0.012781850949377812,0.0039146151571952765,0.0021442532967794695,0.001768632385762262,0.005005956292351614,0.003604901478268053
BRAINTUMOR,MobileNetV3,TAU_0.70,0.9329837820668869,0.9328859388482297,0.9913353412626013,0.03504013298259562,0.02110252957443162,0.02198836959936931,0.10426074788528972,0.8609856694862806,0.2014600500906895,0.9018430186409322,0.2619146402652415,0.8755181342742784,0.2728369521272235,0.647791765282105,0.9202583548425174,0.009329685725303752,0.006938811456072158,0.031548679072655086,0.014266451045587322,0.006649236103182752,0.006604391535925023,0.0016751763768340924,0.0067488331963346,0.006723998403139806,0.0029345083490390548,0.008768791935926392,0.011691722581235195,0.013925153434110302,0.003030260841869452,0.011443742976430329,0.005071539631225588,0.08639151692512995,0.011725391828547193,0.003864028427115749,0.0021287027997522107,0.0017576556164070236,0.005005956292351614,0.0035164411486710693
BRAINTUMOR,MobileNetV3,TAU_0.80,0.9328508925087974,0.932748854191374,0.9912861714790818,0.034816732859838315,0.020787861251077094,0.021524248599949523,0.10427415489072331,0.8609677934790358,0.2015296904429265,0.9024303586603359,0.25970153008161695,0.8760182346907547,0.27351458166914205,0.6480449429094151,0.9209070753720805,0.009419274576112219,0.007021358481371559,0.031548679072655086,0.01408819792615773,0.006098688011808427,0.006080337511814824,0.0016511368550786976,0.006485856955732788,0.006377476856699866,0.0029392093062292697,0.008830308029196446,0.011773744038928577,0.013987314902958535,0.0031430405215195655,0.0117747447888769,0.0053682084435009774,0.08646608843688357,0.013203788600007722,0.003753587120925706,0.0020653689518553256,0.0017428333178609572,0.005005956292351614,0.003539349207536148
BRAINTUMOR,MobileNetV3,TAU_0.85,0.9329821950298056,0.9328902892677892,0.9912845781712407,0.0340560126232228,0.020483823070770096,0.021539485069097482,0.10435318998068792,0.860862413359083,0.20150502612751048,0.9026727782079499,0.25864919186045576,0.8761983401420788,0.27351458166914205,0.6487210807718838,0.9210782188336829,0.009420071188106175,0.00703106092190342,0.031548679072655086,0.01408819792615773,0.00630549515387442,0.006291381917367759,0.0016600809933576069,0.006097748398788105,0.006405243477306882,0.0031574948085568585,0.008790078383636797,0.011720104511515705,0.014067262812872567,0.003235335784669575,0.012028495796501965,0.005428927604892055,0.08646608843688357,0.0125913872448224,0.0038602682142549944,0.002072940658080899,0.001740365574733583,0.005005956292351614,0.003539349207536148
BRAINTUMOR,MobileNetV3,TAU_0.90,0.9329837820668867,0.9328898828036596,0.9912830237994046,0.03302209604286127,0.019994507730718713,0.0216107488322277,0.10441122863624082,0.8607850284850125,0.20147550374725332,0.9027921101674362,0.257744850937478,0.876324533603303,0.27351458166914205,0.6487928872780749,0.9211974001850759,0.00949130921900918,0.007101084635679033,0.03123172186187854,0.01408819792615773,0.006518572757610484,0.006499705139772102,0.0016733178665293972,0.006204794121897022,0.006451792174668782,0.003156461620562869,0.00881886038985895,0.011758480519811954,0.0142395668183078,0.0033340909288828895,0.012350100180597973,0.005526588183366517,0.08646608843688357,0.011871967102861116,0.0037489940997586855,0.002259366070522406,0.001914187866987664,0.005462655002179709,0.003539349207536148
BRAINTUMOR,MobileNetV3,TAU_0.95,0.9326953580919556,0.9326067356995387,0.9913012982054614,0.032700106436741684,0.01941182975937346,0.021611098230240707,0.10452677715582656,0.8606309637922316,0.20145795393797128,0.9028800283007967,0.25675112709557485,0.8764056034264677,0.22411607664229866,0.6480980087368164,0.9214234271945436,0.009450735687861995,0.007039748584684544,0.031548679072655086,0.014444863177612299,0.006622399335588917,0.006592717615290596,0.0016836318703990524,0.006296770404617114,0.00648228777538144,0.003235344139744852,0.008805668336897875,0.011740891115863808,0.014321637878049043,0.0034121063500117234,0.01278985260167013,0.005572263484098075,0.09023267330927923,0.011466868946189982,0.0037794879815990228,0.00227768734823904,0.0019170639907472816,0.005068282264246932,0.003861960300471712
BRAINTUMOR,MobileNetV3,TEMP_SCALE,0.8959647367796396,0.8954121921298593,0.9801411012719173,0.01756466562458765,0.0038764341105047423,0.018842926818911823,0.15788283334215789,0.7894895555437896,0.30083921551704407,0.896904182434082,0.27584331631660464,0.84555424451828,0.34761247992515565,0.706630802154541,0.9192419052124023,0.024906469403342825,0.01911550182186683,0.0672176762084779,0.04475775226155664,0.004817297140639183,0.005573805797917328,0.002326637569416301,0.005778510524864832,0.003117845200403077,0.00376658596340407,0.010797698185486152,0.01439693091398153,0.022163948908393172,0.0040126310184853695,0.007817163833656389,0.007038213297245235,0.21810997055508882,0.011433707975256582,0.004093688271458364,0.0032752522818017943,0.002767136105282174,0.007730115591841922,0.005023540525189719
BRAINTUMOR,MobileNetV3,VEC_SCALE,0.899024936040778,0.8991014598629004,0.9803043682220034,0.01796460356174369,0.004331398314317101,0.017300643386990743,0.15653485314222343,0.7912868624770357,0.2978622061480043,0.8998283634761443,0.2655933999127658,0.8483998674860329,0.391053078881207,0.7158323847500714,0.9207016534339283,0.023940208953432178,0.018500705781393217,0.06721767620847792,0.043688392557574486,0.006577454659987858,0.006460019647059098,0.0023781616553524686,0.0038552243016552966,0.002297777302895723,0.002234435021571899,0.010113645551082283,0.013484860734776352,0.02119221029544908,0.0041441323514514695,0.009041327826925814,0.0061319144190368656,0.14892510157456848,0.01367509481885389,0.0030240884576555856,0.0029324268805924077,0.0024228718558457836,0.007182768257736621,0.006528372502300155
BRAINTUMOR,ViT,ABL_focal,0.9394956144489861,0.9393956505620535,0.9934353963031091,0.034932917884966073,0.02179424281551063,0.0221456785170276,0.09181548471554796,0.8775793537126029,0.17847146952790735,0.9105089700132488,0.24349068830721315,0.8876434406070507,0.32433832029990534,0.6454202472875247,0.9278798925814179,0.006959960996849056,0.00499966045507432,0.02425539562468345,0.00838075883990771,0.008057364594328736,0.007923441016584926,0.00046463121612857393,0.002346465459994335,0.0010486431627434976,0.0007212776846787861,0.004508921604455282,0.006011895472607055,0.004694373906857523,0.002860025731190857,0.012478551440410697,0.004283197794739668,0.08883182365875669,0.017729654370120175,0.004408860677107476,0.0007883061813612149,0.0007245965712434973,0.004777997669193859,0.001736870712080869
BRAINTUMOR,ViT,ABL_no_descriptors,0.9363934439740549,0.936315172193809,0.9925170745249202,0.02562472774225169,0.01235109032724158,0.017038669190775395,0.09588679690702862,0.8721509374572953,0.1831971444125088,0.9179238016987595,0.2295216282079306,0.8904674006390672,0.3704296733298832,0.669041770713587,0.9349946275298942,0.00799650592157489,0.005845149459411443,0.02663370579785369,0.011234398876735028,0.005835260292718875,0.005723398714869791,0.0006829467269356135,0.0021718334621782334,0.0026411544013799537,0.0006457942078406235,0.005940977065250172,0.007921302753666886,0.006282650450886737,0.0031394647381777904,0.008846718696428993,0.003977298620642244,0.20023272053435628,0.018934766686151943,0.0032048043444411556,0.0011650641879572881,0.0008637720839838836,0.004071941188238966,0.0032526217037856494
BRAINTUMOR,ViT,ABL_no_gate,0.9386735812411031,0.9385775188645227,0.9933254995343214,0.03167643644768608,0.01853652109063067,0.01929481585521708,0.09162558393203649,0.8778325547572848,0.17528561778846358,0.9155905252366091,0.22882834569698574,0.8916121279123758,0.3208522061386086,0.6534282553369113,0.9330457686626662,0.0069766612813700985,0.0049519253956461775,0.02409729405007723,0.009094089342816844,0.00932767890428883,0.009197427872488695,0.00027933228170081803,0.002871993242754222,0.002668902054344086,0.0009569698682884622,0.0052720140468434035,0.00702935206245787,0.004401093318535726,0.002191815384627537,0.007272909428715078,0.0032959370640956065,0.09576409421988266,0.01999675822892768,0.0042455046166783765,0.0006481292946215965,0.0006774496192095287,0.003954384502155385,0.0022195572787047117
BRAINTUMOR,ViT,ABL_no_knn,0.9347511980098522,0.9347326397030347,0.9915632853642429,0.019391081163364632,0.0076598335543358485,0.01439558706564339,0.09946316116938775,0.8673824517741497,0.18844174462434354,0.9240171728339653,0.22284116595369893,0.8921956000367537,0.3516774301814426,0.7061906131546686,0.9394203987510581,0.008955781192713359,0.006683111920743591,0.029487954494898144,0.015692316988428653,0.006829702711477995,0.006769654893537772,0.000955591474247558,0.0036452650503204366,0.0037420326210608106,0.002032720349425726,0.008333623778312432,0.01111149837108325,0.01201364504338231,0.0030188210946855277,0.009030944435361904,0.0043938818418846415,0.2144823305285847,0.020028478700017654,0.0025866828134503313,0.0013248566231772573,0.0009603447356961288,0.00603165090305598,0.004350561703738177
BRAINTUMOR,ViT,ABL_no_poly,0.9403367932615494,0.9402441018977876,0.9932452190821198,0.03138971830791681,0.01770161240815584,0.019677646474232088,0.09199909688910643,0.8773345374811916,0.1760416980601362,0.9146355594587074,0.22689685447593125,0.8910855316415416,0.3524292057790385,0.6577763294284437,0.9312824277147232,0.0071951410231265835,0.00527668478498209,0.025048542713188914,0.009272660487437209,0.009676829491941399,0.009512349363037794,0.0007111802074283363,0.0027270813911257157,0.0025573682975080325,0.001188783950441558,0.005247448003543451,0.00699659733805791,0.006280878795799376,0.0024472441376621685,0.005732496061751611,0.0036078587557262162,0.194518485181737,0.026018014815342876,0.0035221154736840236,0.0009790920609571803,0.0010776109681373879,0.003994713304998076,0.0033727303561473325
BRAINTUMOR,ViT,ABL_no_rbf,0.9358227070689813,0.935761876464456,0.9932018672068439,0.033109482682832134,0.019123265316688797,0.019762898486641516,0.09355325060511138,0.8752623325265183,0.17842438896515844,0.9161007258094459,0.22643183965218344,0.8911498135651366,0.48671221959249883,0.6495335681096529,0.9346260220788778,0.0070708043522162145,0.004863336707469356,0.025048291359334212,0.00784599948161894,0.008651231578946985,0.00854478770954364,0.0004385662790626293,0.0044196763357211045,0.004811126567454776,0.0019966324108940405,0.005804252122656809,0.0077390028302090855,0.0055286027038083585,0.0033908719314582635,0.01059369084370187,0.004215217361972329,0.1648663929908487,0.013001875094746146,0.004542649307960343,0.0009056742821614767,0.0005412088940312152,0.004613308623447476,0.0011629282914287936
BRAINTUMOR,ViT,APEX,0.938531938181613,0.9384417757199761,0.9933191833543251,0.03142298620013968,0.018400122635854117,0.019251267286125563,0.0916115922419705,0.8778512103440395,0.1752667318653776,0.9157011121173968,0.22848227906473956,0.8917058012915666,0.32076780759505746,0.6530731565613312,0.9332198564000947,0.006997551425547428,0.004965201241462941,0.02409729405007723,0.009094089342816844,0.009131526020618235,0.009005586791992821,0.0002813408229239422,0.0028514615949980578,0.002801070527026335,0.0009915196123960704,0.005283001927206089,0.007044002569608102,0.004412295502178402,0.0023706391667433248,0.007697074518336101,0.003423121375043059,0.09584216580724464,0.019437913021396566,0.004171605438628718,0.000644261693743874,0.0006909253780037867,0.003954384502155385,0.0022195572787047117
BRAINTUMOR,ViT,BASE,0.8932590369881286,0.8931080030003112,0.9822118826510755,0.0191986555328529,0.004689070152900429,0.02316583431787115,0.1571425982268213,0.7904765356975718,0.2914271533489227,0.8832554578781128,0.30608723163604734,0.8365913391113281,0.2810007578986032,0.6744099855422974,0.9084541082382203,0.02224694723314031,0.016154600286782117,0.06800881246614576,0.041548083023656306,0.006958249069993712,0.006813029147468698,0.0018513508267610744,0.00451829210952807,0.0023130241334282852,0.005959636085714247,0.007515047935265147,0.010020063913686839,0.016003041555668982,0.007320244698334453,0.015740156304694143,0.008019822706947467,0.09250294372875623,0.011170714950376234,0.006603894070912693,0.00337015100654522,0.0026025265241605357,0.004666784355343046,0.006600114958093632
BRAINTUMOR,ViT,DIRICHLET,0.8999528302649749,0.8998140718947578,0.9827905483960798,0.01864092339847892,0.004844590571783283,0.016537708777026042,0.14945706526170827,0.8007239129843893,0.28054264187812805,0.9008958220481873,0.263831815123558,0.8522674083709717,0.33745668757529484,0.7030129551887512,0.9231553435325622,0.02029851204671107,0.014941371696882439,0.06420520025989987,0.03530795174285754,0.00800563402083363,0.007850616976626852,0.0021550372300860165,0.0032483759051260878,0.002976477131564724,0.001979336890502072,0.007540344795352963,0.010053793060470622,0.01945332687328954,0.0041035854704201576,0.00916635023925028,0.00398605067162743,0.2339056047826903,0.007620842739602321,0.004928271724455176,0.0032757934883469587,0.0024579822884378006,0.005728940413449648,0.0043163209681497386
BRAINTUMOR,ViT,FAIR_equal_blend,0.9383564881117163,0.9382951863246379,0.9935238376138494,0.03118826526423198,0.019129626094262556,0.019490550810600672,0.09139576978029562,0.8781389736262726,0.17394267888932388,0.9153308864018144,0.23084161800129888,0.8914170772192476,0.39867755251752546,0.6522097050752806,0.9329639557487603,0.0067464973285473835,0.004706981112260744,0.023780462516228035,0.008024411613643916,0.008896583899677657,0.008801107892923887,0.00048600186262678767,0.0032549690194808886,0.0029007186849810043,0.0010818417784236051,0.005354862238197585,0.007139816317596761,0.005626650879639936,0.0031315563320445153,0.007563422937959042,0.003924280974719425,0.15357887309404392,0.02564718864749115,0.004064401837045738,0.0007521169281052746,0.0007331020128695519,0.004313144497820643,0.0021849347846569977
BRAINTUMOR,ViT,FAIR_knn,0.9303789324197357,0.9301428555056883,0.9862169710584545,0.0444727362670499,0.03006609917164227,0.028067241667968985,0.10970639186254591,0.8537248108499391,0.6983141304424393,0.9198646813895233,0.1677507323558705,0.8904110118255554,0.29725732326030563,0.6702055046988458,0.9387238639959822,0.018340934888580157,0.015775440821232493,0.031230842123387094,0.010698685442873928,0.004778089110713733,0.00464345710231346,0.0024347734192884,0.00613603262915414,0.005887848972069124,0.003932902695586103,0.006835534926042822,0.00911404656805709,0.14435791466269035,0.004021608451086251,0.007900738005600818,0.004012492948222185,0.07821289857813368,0.018945577672653643,0.004892794010839918,0.010871617745695304,0.010550398226033183,0.00443981078197481,0.005346933164642855
BRAINTUMOR,ViT,FAIR_poly_svm,0.9311583061144899,0.931299609615051,0.9910578672723165,0.01642895712767024,0.005188504490071595,0.013746480113258708,0.10289231593282289,0.862810245422903,0.1944605072641165,0.9260483121478046,0.21354724952859305,0.892519726933173,0.2735915267246667,0.7040000754762141,0.9425998856171797,0.009621893154676974,0.007091791589782748,0.03154817636494568,0.01497946352330568,0.00769374196293089,0.007676799654117651,0.001101349798955358,0.003159722242917634,0.0023764375788514055,0.0006205432218488325,0.009274967235108119,0.012366622980144118,0.013210975840116566,0.0038283660761281387,0.009708701461402468,0.005503617285844209,0.20313311939122988,0.02103412718203269,0.0025471463010244035,0.0015521283777296976,0.0010243346009335557,0.007168597964273453,0.004205520567125478
BRAINTUMOR,ViT,FAIR_rbf_svm,0.9304744934353705,0.9304157872905232,0.9904907267955316,0.0178159863439661,0.006761837523800086,0.01374148354236333,0.10421147417724086,0.8610513677636791,0.19654049670249668,0.926287382465216,0.21613062998618365,0.8913204928990115,0.4167863002752009,0.7167762647301024,0.9421618858359292,0.0102998931432048,0.007711682708729727,0.03202424056574725,0.017476597321273817,0.008612360681224984,0.008539830983439821,0.0013516662794933734,0.006324857679632117,0.005415045861889838,0.0014515213584928171,0.009209338808359217,0.01227911841114559,0.013882467923786057,0.0022073468340522403,0.005755161944276882,0.004848994762745264,0.2295897110480604,0.010977183789807585,0.0029535146722799444,0.001985598892806607,0.0018402301644104852,0.0057432503168756265,0.006005798255450955
BRAINTUMOR,ViT,ISOTONIC,0.8960942009296156,0.8962129053392427,0.9816192689562732,0.01923504860869349,0.005835541056991052,0.01680635256829722,0.15338628218816525,0.7954849570824466,0.31809147596359255,0.9056326985359192,0.2459247052669525,0.8545028328895569,0.36416466615416787,0.7075827717781067,0.9289079785346985,0.02220342166922202,0.016425147439319648,0.0657897349599279,0.0388736501818309,0.008223227571687895,0.007875369855501121,0.0018335455145441517,0.004745259857250785,0.002458779980740657,0.0016942984404683592,0.006320546007773625,0.008427394677031486,0.03596518830840889,0.005555340967894505,0.010267017036716173,0.0033806974292045883,0.1870701347297328,0.022373347200254506,0.004933521634790822,0.0034267758116153114,0.002766823270572303,0.0051411901403506785,0.0028711808227120886
BRAINTUMOR,ViT,MC_DROPOUT,0.8949686887002345,0.8947935597343871,0.9820039877660687,0.030550739086474522,0.01501730244882225,0.026516926635864618,0.1593952738940166,0.7874729681413115,0.2968659639358521,0.8667505025863648,0.34670294523239137,0.8239673972129822,0.26504775251465285,0.6547912001609802,0.891875159740448,0.022442993256883138,0.016556431251991795,0.0689599354523301,0.04083443449555639,0.0048906309940490635,0.004776796723575477,0.0017619812890193988,0.004549098262025286,0.0037379213537908143,0.0053791502305588455,0.006909813577770512,0.009213084770360671,0.015017584085662545,0.006685551451077717,0.013316746117109615,0.007391393813960033,0.12327273858315001,0.013982055193412253,0.0061152619010506285,0.003178296897147048,0.0027173436786471637,0.004515724865256508,0.0054715680402660375
BRAINTUMOR,ViT,TAU_0.60,0.9386735812411031,0.9385775188645227,0.9933232288577901,0.031629098228071584,0.01849685277946616,0.01931620834115327,0.09162495546546268,0.8778333927127167,0.17527144468441117,0.9156369996176421,0.2286888997943582,0.8916479698927244,0.32076780759505746,0.653547871119222,0.9330882864840507,0.00698013101630258,0.0049553951305786595,0.02409729405007723,0.009094089342816844,0.00932767890428883,0.009197427872488695,0.000279974000133422,0.0028596524238299376,0.0027044607647541156,0.0009432220740654484,0.005272504099937493,0.007030005466583321,0.004409464888484543,0.002265398456654036,0.007437052430258607,0.0033436229746420074,0.09584216580724464,0.020188555234692703,0.0042242659064007995,0.0006472550863518974,0.0006808724240389083,0.003954384502155385,0.0022195572787047117
BRAINTUMOR,ViT,TAU_0.70,0.9386735812411031,0.9385775188645227,0.9933179675859483,0.03160064789667073,0.018469214716698323,0.019304395174397106,0.0916178116921303,0.8778429177438264,0.17528737174504755,0.9156654499490429,0.2286070147017872,0.8916729928118008,0.32076780759505746,0.6535858310564905,0.9331162223965016,0.006991494537654505,0.004966758651930586,0.02409729405007723,0.009094089342816844,0.00932767890428883,0.009197427872488695,0.0002818070403624681,0.002854099207513665,0.002730665307983691,0.0009505407548485151,0.005278097629423235,0.007037463505897631,0.004400072080729756,0.002311593791967198,0.007537786562633495,0.0033776429601369727,0.09584216580724464,0.02024978055324118,0.004211421425795848,0.0006450373356447291,0.0006925724497369352,0.003954384502155385,0.0022195572787047117
BRAINTUMOR,ViT,TAU_0.80,0.9386735812411031,0.9385775188645227,0.9933183734037438,0.03157726588182593,0.018445769358730747,0.019246771561014883,0.09161252828703338,0.8778499622839556,0.1752775674338848,0.9156893841106927,0.22853121283282993,0.8916945726090129,0.32076780759505746,0.6536131446055453,0.9331399737513196,0.006992668960967743,0.004967933075243824,0.02409729405007723,0.009094089342816844,0.00932767890428883,0.009197427872488695,0.0002816485874100102,0.002850590260659892,0.002753786563777688,0.000995560573095798,0.005282261766802761,0.007043015689070335,0.004405822371680513,0.00235108643186758,0.007633767358846554,0.0034074469560275464,0.09584216580724464,0.020293939745737496,0.0042012006391708295,0.0006448647831219747,0.0006938234599023854,0.003954384502155385,0.0022195572787047117
BRAINTUMOR,ViT,TAU_0.85,0.938531938181613,0.9384417757199761,0.9933191833543251,0.03142298620013968,0.018400122635854117,0.019251267286125563,0.0916115922419705,0.8778512103440395,0.1752667318653776,0.9157011121173968,0.22848227906473956,0.8917058012915666,0.32076780759505746,0.6530731565613312,0.9332198564000947,0.006997551425547428,0.004965201241462941,0.02409729405007723,0.009094089342816844,0.009131526020618235,0.009005586791992821,0.0002813408229239422,0.0028514615949980578,0.002801070527026335,0.0009915196123960704,0.005283001927206089,0.007044002569608102,0.004412295502178402,0.0023706391667433248,0.007697074518336101,0.003423121375043059,0.09584216580724464,0.019437913021396566,0.004171605438628718,0.000644261693743874,0.0006909253780037867,0.003954384502155385,0.0022195572787047117
BRAINTUMOR,ViT,TAU_0.90,0.938531938181613,0.9384417757199761,0.9933199887377129,0.031417197034476006,0.01839391435363741,0.019249012241348118,0.09161076645459125,0.8778523113938785,0.17525809367878672,0.9157069012830604,0.22844317854669738,0.8917134440351541,0.32076780759505746,0.6530548930050637,0.9332269657527515,0.0069955771077929415,0.004963226923708453,0.02409729405007723,0.009094089342816844,0.009131526020618235,0.009005586791992821,0.0002810460324335316,0.0028523066080481897,0.0028077266259851287,0.0009935358886655698,0.00528365550568692,0.0070448740075825566,0.0044175443291583245,0.0023803380666359,0.007748398963872545,0.0034338541688454295,0.09584216580724464,0.0194096135446739,0.004169332213409074,0.0006444833606662278,0.0006888570425020118,0.003954384502155385,0.0022195572787047117
BRAINTUMOR,ViT,TAU_0.95,0.938531938181613,0.9384417757199761,0.9933210674832169,0.03141345072246843,0.018388979160797386,0.019247306829345133,0.09161314901956208,0.8778491346405841,0.1752549294712605,0.915710647595068,0.22840972652085795,0.8917173855734438,0.32076780759505746,0.6530530320396013,0.9332310198326204,0.006995016171527419,0.004962665987442931,0.02409729405007723,0.009094089342816844,0.009131526020618235,0.009005586791992821,0.0002806688040587555,0.002852884607801876,0.002813055444077881,0.0009950749843651613,0.005281771334179001,0.007042361778905324,0.004419486564056128,0.0023866308779670895,0.00779281935820599,0.0034394094155210417,0.09584216580724464,0.019406732476681322,0.004168062506220969,0.0006445518419249374,0.0006882734259335225,0.003954384502155385,0.0022195572787047117
BRAINTUMOR,ViT,TEMP_SCALE,0.8932590369881286,0.8931080030003112,0.9822169987297702,0.019468320707275156,0.00549828087065045,0.021939472917325033,0.1568202077495369,0.7909063896672844,0.2920741975307465,0.8948630928993225,0.27374924421310426,0.8452615022659302,0.34037412842114767,0.6913148999214173,0.9194060325622558,0.022201520921246554,0.016109173974888365,0.06785033386075752,0.04226109550137466,0.006958249069993712,0.006813029147468698,0.0018266623183098812,0.003703618556828429,0.0019422586248424314,0.005599584802189634,0.007538046675526397,0.010050728900701859,0.017833924334128722,0.006290198158442652,0.011897238336658298,0.004533353924000762,0.18759645492185092,0.01625593598416135,0.0060546790744528236,0.003370147385579034,0.0026046875692328233,0.004433122598148603,0.006805500016145832
BRAINTUMOR,ViT,VEC_SCALE,0.8981185457980198,0.897906012732298,0.9825396566495529,0.016965884435133135,0.00367815002960898,0.017151674912057678,0.15040679746366664,0.7994576033817781,0.2823364548121622,0.8987918157016042,0.2666368036236578,0.8508641048905693,0.22466633408110423,0.6930386965919002,0.9224173933196166,0.02039234282662617,0.01482889645720178,0.06420469755219048,0.03619953536519628,0.008832119408046799,0.008699946567677998,0.001936678817321932,0.00256679013568286,0.002781272785519942,0.001210182695349504,0.007386393849640095,0.009848525132853468,0.016656480265690655,0.004757261216070648,0.010841755020527442,0.003742371921424133,0.1297064715669148,0.01233242928680064,0.005148196021595606,0.0030402799368302457,0.0022046046731826526,0.004629913961485823,0.004712536643576174
CHEST-XRAY,ConvNeXt,ABL_focal,0.948001065772117,0.9469666565285152,0.9889007987466986,0.019170731585416895,0.006320989982001174,0.024692055513693738,0.07596698858446368,0.8480660228310729,0.13477445511678957,0.938901601334097,0.16552011458971322,0.914900027409761,0.15968763701099042,0.7357075998495259,0.9497709973128557,0.006582587306240453,0.005224983315680935,0.018920583757230137,0.009705603877531997,0.005393292214600585,0.005429530046220576,0.0011051231075058733,0.005742021622044278,0.00469000344990979,0.0065596390861197605,0.00570570551487098,0.011411411029741936,0.0066520088864754105,0.006050308294576724,0.011366648164607944,0.004975303699194652,0.04081583706799755,0.012878947225431491,0.006082323065736897,0.000773820373663728,0.0007656428809048477,0.001588202476313648,0.0017136523599693737
CHEST-XRAY,ConvNeXt,ABL_no_descriptors,0.9474657773584575,0.9466747501575442,0.9888394398914094,0.019563983366128967,0.007526960268426352,0.02429432196926882,0.07360330405105456,0.8527933918978912,0.1314150457542153,0.9450843967428717,0.15266291186411393,0.92056890870287,0.2783819081147599,0.7394686096838001,0.9561186612023918,0.0069290794996775635,0.0055570107373702025,0.018363480693163285,0.009394086567471708,0.006023514606546143,0.0057645179493621395,0.001341076634120503,0.003191244792931983,0.0033175605472416277,0.004285675575598475,0.007526969004329058,0.01505393800865811,0.008536897467952075,0.005257854280658538,0.010890345705472869,0.006238632432568965,0.1488636873269288,0.017427653029040882,0.004515300635668284,0.0012963855129811696,0.0014129022450636364,0.00359736974406182,0.0035067345141567524
CHEST-XRAY,ConvNeXt,ABL_no_gate,0.9481845183496256,0.9476893036458367,0.9891439753299963,0.01800656646502222,0.006860487425933232,0.02490722657972181,0.07217691898161914,0.8556461620367619,0.12963340775794338,0.9422179852302565,0.1559568114075662,0.919790869923327,0.20185601096959,0.7262579739066423,0.9537148976110137,0.006835280276218594,0.005507763448652383,0.01864164480999221,0.009080606943647254,0.007421474201337266,0.007335818631612457,0.0012449634788619128,0.005858414863790697,0.0028842178967069523,0.004328462927160522,0.005770240864173527,0.011540481728347048,0.00657996339980033,0.005362363073693856,0.010341755150035124,0.006209361858425785,0.11801276868866953,0.023992605783226543,0.0038781649132556403,0.0011773403968424938,0.0013692956278048129,0.0027070516476661367,0.003015850667171908
CHEST-XRAY,ConvNeXt,ABL_no_knn,0.9491348900594911,0.9484979442274192,0.9890325476487909,0.016591171634238976,0.0059194512069143815,0.02383821703561448,0.07274197351117391,0.8545160529776525,0.12976948818494444,0.9469497287577916,0.14808818870478388,0.9225642175813032,0.2347860303795072,0.748353828778669,0.9573170276389501,0.006838079006544888,0.005539535554520076,0.019475749745274502,0.009394086567471708,0.008421622313505813,0.008817389225614498,0.0015177099147197053,0.0035952183728807053,0.003263548138008618,0.0039918470139069535,0.008046031287207774,0.016092062574415523,0.009880621078611573,0.0036784992717367486,0.0072222640918595425,0.005782110878511839,0.09994735953959862,0.01251423824301517,0.0032742790867213694,0.0011338337565666118,0.0012374135195504898,0.004281619525723511,0.0038400833996189037
CHEST-XRAY,ConvNeXt,ABL_no_poly,0.9514466982903965,0.9506078359388443,0.9891663557124678,0.01613481125008669,0.004576595768121856,0.021271971546522085,0.07184366490245334,0.8563126701950937,0.12873558855961234,0.9471134652793698,0.14670685910907055,0.9232380630294379,0.2043866932007604,0.7513483627434672,0.9567918048626229,0.006703036055608386,0.005524148189465585,0.018084929161129856,0.00845462885288043,0.004909974614015207,0.005382887319328185,0.001484475942391323,0.0031532243717278664,0.0025401678400494123,0.0024145672703874796,0.007693507624328452,0.015387015248656847,0.009489388499474047,0.0026344194583114186,0.0043495657862371515,0.004634807880966024,0.07944593674728245,0.01597340812362615,0.0024026299299192487,0.0011058592376232406,0.0011567318759208665,0.0025963035392654508,0.0036083213236905447
CHEST-XRAY,ConvNeXt,ABL_no_rbf,0.9473897318971616,0.9459679482243333,0.9880963737540511,0.019051767650990474,0.006121532999473703,0.02543123626540521,0.07842986906994064,0.843140261860119,0.13850695692557877,0.9392094981671228,0.16278419356128476,0.9142411883859767,0.1718038411992126,0.740556553234954,0.9500594456894106,0.006991770450826505,0.005584277691684977,0.021146284107066066,0.011271039682890097,0.003996071168201552,0.004474839507054132,0.0013337170282757232,0.005847684190358841,0.004799156403216829,0.00573008821835695,0.0059632663932444015,0.01192653278648879,0.00738033707069904,0.0050288008237193696,0.00944473309976579,0.004076349100038003,0.07972579794822242,0.01837590137514702,0.005070083788196073,0.0010752991153069724,0.0011458068379705537,0.00398221787723252,0.0017135449191667488
CHEST-XRAY,ConvNeXt,APEX,0.9494503411344357,0.9487632382602273,0.98908762918119,0.015524539558410438,0.005173624513018111,0.021980870069315657,0.07245872903783337,0.8550825419243335,0.12966517144830722,0.9458562292178856,0.1497662464514567,0.9219788260304108,0.20946579523090886,0.7434721470178574,0.9563104102520791,0.006824385196654989,0.005547600958932926,0.01891980892682114,0.009080606943647254,0.007008238639686816,0.007412037910995838,0.0015646293216332423,0.0024249670641507824,0.002547365006201354,0.002304328047124791,0.00793206118012403,0.015864122360248024,0.009759939118601705,0.003435377228359793,0.0068836786185604935,0.005556772789864028,0.17618030095618434,0.010818853063892315,0.0030106477428887566,0.0012411980821790817,0.0013336685540197945,0.002521448933499461,0.0035733647437054296
CHEST-XRAY,ConvNeXt,BASE,0.9404179224432389,0.9402022299835036,0.9874270505609447,0.02161314747471442,0.007958718240239453,0.038135888874385224,0.08675394001293527,0.8264921199741299,0.1503019005060196,0.9287147164344788,0.18026411831378936,0.903394079208374,0.24012976306857486,0.7222170829772949,0.9412243485450744,0.00801642872352116,0.006257240796051819,0.027264732431689014,0.01377544262439843,0.016494842481048738,0.01316224944996649,0.001557934665932256,0.008181599080095662,0.008428743112620575,0.013120176643988882,0.012974384633722197,0.02594876926744435,0.015953204997264228,0.0078280305672144,0.016097752495581878,0.010691129351132957,0.0936484218880645,0.02468837584201848,0.006316328692880353,0.0017023964398385192,0.0010704517958170505,0.009145271571040368,0.0020374455616767426
CHEST-XRAY,ConvNeXt,DIRICHLET,0.9433410645490996,0.943373197038946,0.9874270505609447,0.017334524244283667,0.004325097065029164,0.024842986395502135,0.08225013025769952,0.8354997394846014,0.14249881803989412,0.9452497363090515,0.13923014849424362,0.9181370258331298,0.19468616773555805,0.7494172930717469,0.9563955068588257,0.007553962320361644,0.006006646600932486,0.023648986328117433,0.012522995864423741,0.011314274817016698,0.008309499057453092,0.0015579346659322904,0.0056631600252629415,0.004465249043029367,0.006917010863836995,0.008941420334684225,0.017882840669368395,0.008943935412717959,0.007924962722492886,0.01884625143510674,0.0062125331138015395,0.08523181333476966,0.023057012749182187,0.007795796253553467,0.0009460202385239193,0.0009665056174249557,0.0032510275308302266,0.0022101427200853555
CHEST-XRAY,ConvNeXt,FAIR_equal_blend,0.9487669802832158,0.9470518388177581,0.9877102039984343,0.01730090548202427,0.005457812618657053,0.02213145008176225,0.07667052246615343,0.8466589550676934,0.13726929776149607,0.9401954541027793,0.1569865430188223,0.9163379333027877,0.19030815845268395,0.7330698464791838,0.9512084537951851,0.007484324986050764,0.006128614973369103,0.021980776457552857,0.010332072546739863,0.0036287720192096323,0.0048459449902201095,0.002844370267099532,0.004868418801246051,0.00422540241333715,0.003949235936959374,0.008544430378691641,0.017088860757383244,0.012970841023671848,0.0030546509382568146,0.006652671380380103,0.003127276953927408,0.05713175996424688,0.023147870314648548,0.0030269456488544928,0.0019455915000416418,0.0017405918892567027,0.0049548616727502345,0.0042288915892846335
CHEST-XRAY,ConvNeXt,FAIR_knn,0.935915996191175,0.9335895037586592,0.9737822097590948,0.03181250368512703,0.01793264358720308,0.034778341266082854,0.10137299463825795,0.7972540107234845,0.637522596292583,0.9394155100368196,0.12501242899844353,0.9073655512651326,0.14210938521194513,0.7501097479727317,0.9522892591078079,0.023838967817542408,0.021688992536857868,0.03283305116592606,0.021916591853454407,0.0062921680578108,0.007999201195016929,0.005400344313907888,0.0013920818972120886,0.0027603554321472767,0.0036240077227479264,0.010237038235506176,0.020474076471012292,0.16170116960499026,0.002526461465358073,0.006076282114998456,0.0033136704267650234,0.05088604850668574,0.019711291338841225,0.003394378501473041,0.006812111896068814,0.006397952990974298,0.006270212814476277,0.003993483282342724
CHEST-XRAY,ConvNeXt,FAIR_poly_svm,0.9429829389102917,0.9417712278069421,0.9852174953024075,0.017747073838886372,0.00448097758189483,0.023522101642981092,0.08359415702907672,0.8328116859418471,0.15036326999716493,0.9426703638566177,0.14778794507736023,0.9150659203752142,0.22984284688307466,0.7466534865711584,0.9542563684240933,0.008633944911945501,0.006989035528307567,0.02504096915787557,0.015340387851315484,0.006739332621558604,0.007279465198262283,0.0022810018633651714,0.0022353634341365633,0.0029966168113203487,0.001625050257713996,0.007466972253515881,0.014933944507031708,0.012562149292759226,0.004344439670095904,0.010181231405798772,0.002945927923241533,0.08493503275458641,0.008570611854949483,0.005430827834380309,0.0014863414638488601,0.0012351843569290103,0.003400496654356944,0.0023152443997614654
CHEST-XRAY,ConvNeXt,FAIR_rbf_svm,0.9495361707331987,0.9492415139091548,0.987593774010552,0.013316976113108333,0.003298231044515359,0.019969698556947132,0.07330048714072367,0.8533990257185531,0.13489626460153215,0.9520006951283234,0.13152434495205692,0.9265823282680158,0.2618340879823507,0.7607301373147125,0.9617231149026905,0.008332440727950193,0.007087989947702232,0.0175282135122675,0.010646042749005352,0.005662965767741084,0.006104870711046046,0.0026333150642887707,0.0032107751429297075,0.0029751330681181964,0.001426581984738523,0.009096636780339099,0.018193273560678166,0.012309133034571776,0.0027900414390858853,0.005296901882458911,0.00408886556361714,0.1462064268567359,0.021766714834587742,0.0022744632934504887,0.0017187286934430416,0.001752717351992893,0.004459729247341407,0.004055460380682914
CHEST-XRAY,ConvNeXt,ISOTONIC,0.9398264189183287,0.9389870790912326,0.9839241920702728,0.026050665621617654,0.013474065132577534,0.028358121312662604,0.08536499456997841,0.8292700108600435,0.2132967382669449,0.9530744910240173,0.1152389481663704,0.9217886567115784,0.5209153453509013,0.7675012946128845,0.9645293354988098,0.01643451278887129,0.014643490258551444,0.023370434796084007,0.012836966066689234,0.012253677794166074,0.007639165162987704,0.0034350359900286007,0.006229060083220099,0.0062036128185824595,0.005331527140498397,0.011623372425210552,0.02324674485042106,0.037052920902453546,0.008041703749293264,0.019082125641666406,0.008640589505815118,0.21401758580640642,0.050372439025922616,0.007086651809576105,0.005747045238915044,0.005832551556583455,0.004092876710288448,0.002324184678631418
CHEST-XRAY,ConvNeXt,MC_DROPOUT,0.9408320011181871,0.9407129629867704,0.9876484624302849,0.02484226740397763,0.010841887333683109,0.03781182641906973,0.08694117554893047,0.8261176489021393,0.1511036902666092,0.9246596217155456,0.18944610059261321,0.9003615975379944,0.17793412885233348,0.7149730443954467,0.9372318506240844,0.007891432868164693,0.006164905261653297,0.026430240081202226,0.01377544262439843,0.016275460221959956,0.012879384819542178,0.0014499991502012035,0.009140500324143718,0.008237076019526146,0.013108309037624425,0.012593284131019195,0.025186568262038314,0.015314349383910407,0.008094764450548565,0.0160289839326147,0.010614708823898087,0.04749017995892903,0.02086229415969469,0.006520649285418201,0.001632068572169462,0.0009999090330909286,0.009529055775823504,0.0020374455616767426
CHEST-XRAY,ConvNeXt,TAU_0.60,0.9486103904045567,0.9479698233592797,0.9890627320456709,0.01627382728743186,0.006672273070917148,0.022905815221279956,0.07250764853536121,0.8549847029292778,0.1299442664380885,0.943552205213534,0.15431472876175992,0.9203078069304571,0.22165066477752146,0.7344345134574999,0.9545726388345324,0.006857357867385436,0.005543018443135338,0.01891980892682114,0.009080606943647254,0.007174021363866838,0.007273178369884165,0.0014170100897339857,0.004114024491080287,0.0025426474645679057,0.003682942510300297,0.006659745033689521,0.013319490067379005,0.007759173576928861,0.004522766927029706,0.009215556483395579,0.006066378215031005,0.1711353102391398,0.01606764632142269,0.003457073249523724,0.0012060897535040391,0.0013539512775811709,0.003197885007126816,0.003015850667171908
CHEST-XRAY,ConvNeXt,TAU_0.70,0.9487198067632849,0.9479797398163068,0.9890954914345118,0.01618922070945899,0.005493678757443648,0.021992210993264004,0.07264110639264174,0.8547177872147168,0.12998442850220282,0.9446287480589197,0.15276099231854554,0.9208694423187168,0.2084998056074719,0.7389999554855137,0.9554363292506715,0.006849342391845617,0.005537986864771864,0.01919797304365007,0.009393595989030664,0.006731185087765482,0.006739377881955416,0.0013046583981138938,0.003146505770812908,0.0023060795087018193,0.0028890258018597777,0.006829457503971097,0.013658915007942191,0.007890445869205094,0.0040440619363159205,0.00835283764322392,0.005722971559796902,0.18509695309869972,0.014058081641903203,0.003207438356754295,0.0011764938963446903,0.0013460218617411097,0.003010416321738914,0.0029329973781904773
CHEST-XRAY,ConvNeXt,TAU_0.80,0.9495597574931643,0.9487738348983864,0.9890168689012938,0.015312302137786268,0.004900870368680115,0.022166171805610403,0.07261606314397709,0.854767873712046,0.1299784452818672,0.9457173418261252,0.150523296785307,0.921680149161757,0.22530227630998553,0.74522009310547,0.9560799083111128,0.006863204302407314,0.00558642006468525,0.01919797304365007,0.009393595989030664,0.007048552516975309,0.007417054434656604,0.0015605745203350143,0.0022127714044720814,0.0021821165581489784,0.00220467934130928,0.0076219003009628606,0.015243800601925693,0.009352049051569404,0.003589923371053641,0.007205611171486384,0.005538006375858444,0.16642874817688563,0.009826351831878771,0.003050570903947474,0.0012268409060121018,0.0013189930761475471,0.003010416321738914,0.0029329973781904773
CHEST-XRAY,ConvNeXt,TAU_0.85,0.9494503411344357,0.9487632382602273,0.98908762918119,0.015524539558410438,0.005173624513018111,0.021980870069315657,0.07245872903783337,0.8550825419243335,0.12966517144830722,0.9458562292178856,0.1497662464514567,0.9219788260304108,0.20946579523090886,0.7434721470178574,0.9563104102520791,0.006824385196654989,0.005547600958932926,0.01891980892682114,0.009080606943647254,0.007008238639686816,0.007412037910995838,0.0015646293216332423,0.0024249670641507824,0.002547365006201354,0.002304328047124791,0.00793206118012403,0.015864122360248024,0.009759939118601705,0.003435377228359793,0.0068836786185604935,0.005556772789864028,0.17618030095618434,0.010818853063892315,0.0030106477428887566,0.0012411980821790817,0.0013336685540197945,0.002521448933499461,0.0035733647437054296
CHEST-XRAY,ConvNeXt,TAU_0.90,0.9492433017969617,0.9485074960398621,0.9890745254256537,0.016162871988821645,0.005229411403527989,0.02266818507043864,0.07258506238595576,0.8548298752280887,0.12965866035884643,0.94608902255089,0.14871804143797063,0.9222043879783139,0.20981267757005098,0.7422586720222719,0.9566728925483965,0.006828778904388234,0.005539805341692267,0.020032465394136858,0.009080606943647254,0.006902072046427131,0.00731034645524396,0.0016207027587507256,0.003351601418224156,0.002710212202962547,0.0020510031996695305,0.007949706241761383,0.01589941248352275,0.009974968650092257,0.0033140869674066513,0.006491446215913449,0.0053986756819101355,0.17685538639191645,0.012404276591858979,0.003051211397823718,0.0012741010251359599,0.001367843152245984,0.004671169885746459,0.0035733647437054296
CHEST-XRAY,ConvNeXt,TAU_0.95,0.9492433017969617,0.9485075749719577,0.9888635549615185,0.015952753455978245,0.004874830962387658,0.023491572600553852,0.07265745154709481,0.8546850969058107,0.12982485373656144,0.9461115144870543,0.14776986470366169,0.9223055204881705,0.21381466002516972,0.7412377129520313,0.9567355331749908,0.006978291724408321,0.005688659876375566,0.01975430127730793,0.009393595989030664,0.00701972705851965,0.0074269783209880294,0.0017481549578181443,0.0032684209522355545,0.0017554832567289367,0.001952551387308198,0.008832094882355772,0.017664189764711527,0.011277962175931544,0.0032352343888754753,0.006085913225076894,0.005698557650643315,0.16849475304355838,0.01475871836169972,0.0026628326414776457,0.0013313215950064349,0.0014081327091864787,0.005680556600991243,0.0038373307817542155
CHEST-XRAY,ConvNeXt,TEMP_SCALE,0.9404179224432389,0.9402022299835036,0.9874270505609447,0.02090317051751945,0.006505891356367062,0.03145606411732597,0.08636450804559107,0.8272709839088183,0.1496304005384445,0.9456854224205017,0.13768881559371948,0.916319739818573,0.2383186008816674,0.7558560252189637,0.9571170449256897,0.00801642872352116,0.006257240796051819,0.027264732431689014,0.01377544262439843,0.016494842481048738,0.01316224944996649,0.0015579346659322937,0.004303634068746278,0.004519806554685917,0.012526270121945184,0.01452506075510925,0.029050121510218466,0.01868358894523482,0.00803209737157899,0.02069429047176583,0.008830418041512685,0.06662142284173968,0.035255337782775044,0.007323376626587772,0.0017023964398385192,0.0010704517958170505,0.009145271571040368,0.0020374455616767426
CHEST-XRAY,ConvNeXt,VEC_SCALE,0.9417823728280524,0.9415744882071634,0.9874147080712061,0.015845081872882676,0.004169354991405236,0.025718691836473923,0.08252353608314598,0.8349529278337083,0.14280303115853427,0.9471988976382756,0.13279282951313331,0.9196685720833078,0.21812271622808904,0.7471221084525055,0.9590665116045365,0.0074214013738201304,0.005776700069441452,0.022814493977630645,0.010958541215947724,0.010725999727846868,0.007786981984235894,0.0011021869806325454,0.004152230281931056,0.002917970751401557,0.00533293853321739,0.006874214026689203,0.013748428053378357,0.006282975322085853,0.007191021667072708,0.016967424486640507,0.0057817269428709385,0.1579124369291071,0.029647598324835524,0.005789195694581058,0.0005299849712229305,0.0004844453003988474,0.003192618159921412,0.0011135341768109745
CHEST-XRAY,MobileNetV3,ABL_focal,0.9384202985909095,0.9363866161157455,0.9833709182321495,0.020295448146689436,0.005286190056697087,0.026668688820956334,0.09231840570473202,0.8153631885905364,0.16261676151795412,0.9339881273439413,0.1811938613814968,0.9025442680345851,0.2244933126907453,0.7598820265244444,0.9454646073290907,0.010972259247305566,0.008987020115305697,0.02949353210316092,0.015027889384373114,0.010907740377549135,0.010310322671599276,0.003396159044918937,0.0057725400610035855,0.004583021865291824,0.006490514891929766,0.010448186391380133,0.020896372782760218,0.014798498528640654,0.004585305595607263,0.007742352142003957,0.007871243356427676,0.08135534341518137,0.02582471670740893,0.002097030288432387,0.0031444835255683068,0.0029226617617028367,0.004331071194327314,0.004369479480477179
CHEST-XRAY,MobileNetV3,ABL_no_descriptors,0.9336596605253732,0.9325893782352896,0.9833584759042735,0.020677229491059414,0.007621720395202894,0.0278997676409257,0.09413476946641848,0.8117304610671635,0.16229020525702179,0.9403689003273741,0.1625961288558714,0.9071575003868642,0.2979815624310922,0.7591300456903577,0.953019051994812,0.010154942836184695,0.0079306842745415,0.030605801155272137,0.01471588149587178,0.01214139956469273,0.011395360903315424,0.003584767318763389,0.0042104492275453305,0.0031849307277069167,0.003880763554606279,0.011274158962064483,0.02254831792412892,0.01667823147355027,0.0038428605609052363,0.0068703499624446435,0.007627517058627421,0.03100430753798083,0.02167153534328152,0.0009051928860574278,0.002940116738173591,0.002621307287777717,0.008106503696694044,0.005025850908481903
CHEST-XRAY,MobileNetV3,ABL_no_gate,0.9360690917350247,0.9349505981787349,0.9839064957604151,0.017947945581614593,0.004758784276527669,0.023013329628165324,0.0916230369598934,0.8167539260802135,0.15921344979874183,0.9363925231160725,0.1695043554449712,0.9057998871758576,0.20386544397991013,0.7463873118116587,0.9490760798997991,0.010216046173054775,0.008166802529352236,0.030328024453647705,0.014402401872047332,0.00882800202366893,0.008041148394739054,0.0034389776016496773,0.004554006189275922,0.0047270853883775625,0.00460097663775117,0.010216991250693351,0.020433982501386665,0.014720526407212237,0.0047542335214641514,0.008434874986880355,0.007880812776302799,0.09496993433195852,0.02320207457260849,0.0033817457414382344,0.002952609112241324,0.0028114145612826037,0.006910639128238887,0.0030128015343571604
CHEST-XRAY,MobileNetV3,ABL_no_knn,0.9366764071249486,0.9359544496628789,0.9834030661123986,0.018591722801727377,0.0061613932211064815,0.025373704167122174,0.09234916463397588,0.8153016707320486,0.16070459117897976,0.9428807604156052,0.15687072517099754,0.9099717405339115,0.23688467918481412,0.7684315589831269,0.9542785194828015,0.010464795265816928,0.008482838178489497,0.03004986033681878,0.015028870541255193,0.00725147906500812,0.007446226194697869,0.003650299248274195,0.006360974979340741,0.0037355319572250994,0.005475916605530537,0.010724670673240627,0.02144934134648124,0.016505768025687477,0.003631109306417803,0.006157066358128726,0.007653394602094575,0.07582679692358334,0.012735212780762752,0.0028126289190075955,0.0031964768446032226,0.0029023135443330753,0.00871805979125927,0.0037728257067505336
CHEST-XRAY,MobileNetV3,ABL_no_poly,0.9362633330712582,0.9354346421971996,0.9835458013695296,0.018365071723056244,0.0047883209532445774,0.024101682243504056,0.09214460052206136,0.8157107989558778,0.160188723701802,0.9420213999263314,0.1583738144530942,0.9095031185388202,0.2511567134737605,0.7635385814447089,0.9538126669607772,0.010367014811726702,0.008353790419853286,0.02921498057112749,0.015029361119696234,0.008054211041971644,0.00742736866916936,0.003468576297267553,0.007371781155915995,0.0038711671304035114,0.0055541425594936855,0.010012701222869765,0.020025402445739478,0.015577607154518676,0.004001154337759073,0.006790735043002709,0.007553469457087837,0.05321172720300208,0.016101313121901266,0.00313206703733789,0.003044276729571489,0.002932765959244159,0.006295092360186573,0.005712080366703636
CHEST-XRAY,MobileNetV3,ABL_no_rbf,0.9377617911960234,0.9362938309249517,0.9825103966860395,0.01984562755110018,0.006248306218057051,0.025287511199503288,0.09357963908409325,0.8128407218318138,0.16532222729964505,0.9310450000086137,0.18545191826628266,0.9002928872132878,0.24999411974854907,0.7517200972501787,0.9427048420552456,0.01106540945902989,0.009092320472631072,0.03143990609055443,0.01596734709896439,0.010103567351007916,0.008801003182416393,0.004196554222930353,0.00642271136856916,0.003950297429500352,0.006603602109941294,0.011695793003053224,0.023391586006106392,0.01802056706361513,0.0031354689561566653,0.0064622502937322175,0.0072737079554251564,0.12922276622642034,0.017656699023721092,0.0018451775266271793,0.0032616287061519676,0.002995405029214877,0.005250694521920035,0.005465778550518728
CHEST-XRAY,MobileNetV3,APEX,0.9364703724087324,0.9356933500520924,0.9835327475330621,0.016308492386597394,0.003737172615159419,0.02344496553839374,0.0919984788612177,0.816003042277565,0.16000965889749058,0.9420515275366075,0.15841121906257333,0.9095804975325106,0.21887100455119524,0.7641931095149933,0.9537481367177667,0.0103546889042822,0.008354944069740406,0.02921536798633199,0.01471588149587178,0.008185026033309223,0.007828021525631501,0.003475483335354022,0.007089226467545129,0.0037667306252498413,0.00673147306852483,0.010192585342782745,0.02038517068556544,0.01567600047773006,0.00395989716470197,0.006785082405760229,0.007638101255391486,0.08413090278300231,0.013968549846348393,0.0027972040633391987,0.00304931908134291,0.0028640253747985117,0.006742277473949942,0.0036074796656441403
CHEST-XRAY,MobileNetV3,BASE,0.9228087899992138,0.918968249467358,0.9794385019953067,0.022980221237218754,0.007172164034345538,0.04039776975957628,0.11211080617492515,0.7757783876501502,0.19034219682216644,0.9172498345375061,0.207350492477417,0.8824668765068054,0.18684500015698943,0.7218984484672546,0.9337240934371949,0.013920646104841177,0.010666772695815278,0.04117487534915795,0.02191413896124921,0.0140622491482203,0.013265888755943556,0.0036399639542815973,0.0069006472599558374,0.004582860888382333,0.01292152445062824,0.01543800427430999,0.03087600854861996,0.019203887866306443,0.01123010772055978,0.02300342069117385,0.012675786706860195,0.038608539086699124,0.0228438227121192,0.009904776064548797,0.0026177675156287797,0.001795350201499589,0.013021152278219697,0.005182946718844922
CHEST-XRAY,MobileNetV3,DIRICHLET,0.9218657127132636,0.9219200221753108,0.9794385019953067,0.019771373348915648,0.005057056290742938,0.025545279510118053,0.10694345822335327,0.7861130835532938,0.18243951499462127,0.9268802523612976,0.18249127864837647,0.8926020979881286,0.16258575961862132,0.7303261876106262,0.9427690982818604,0.013223525191147067,0.010222152083285717,0.0397852170106268,0.020348703155891112,0.016878888550288372,0.01604435510495392,0.0036399639542815973,0.0023953436892411644,0.0027308079453039506,0.004320797603541554,0.016242583430174967,0.03248516686034989,0.019290935466626552,0.01246273814344754,0.02765694523466878,0.0135193672724126,0.06357159472004774,0.02067296508838139,0.011121026445590472,0.0031835319436946626,0.0025142182747203163,0.009653975919386083,0.0039811870184997405
CHEST-XRAY,MobileNetV3,FAIR_equal_blend,0.9375183670973435,0.9367357158587154,0.982311061524836,0.015536892513546823,0.003150404063650257,0.020527593950723226,0.09444431406489211,0.8111113718702162,0.1661960079469686,0.9323252448217927,0.17281918317648207,0.902162882247105,0.2049149245511733,0.7500063520928852,0.9441585446482279,0.011113610383592,0.009171969573535162,0.031719232452996855,0.016593325189731212,0.009272408560330713,0.008732364729969735,0.0036944801456861996,0.004833205744422848,0.003430370946518608,0.0031075784630924135,0.009899153830810543,0.019798307661621047,0.017389497490891744,0.0018461698200285142,0.0037365045323871846,0.005946381098834819,0.17429447843798662,0.024137118061404252,0.002399135493898332,0.0031054406054547294,0.002770442023402556,0.004546926568376067,0.004641150263066435
CHEST-XRAY,MobileNetV3,FAIR_knn,0.9248643761301988,0.9217413277124745,0.967197695319796,0.03315400263572521,0.020004517790213644,0.0379106492191568,0.11963459013909006,0.7607308197218203,0.7359138298642877,0.93153461083217,0.14385412513509366,0.8921193662310605,0.10664660592353188,0.7613144079426337,0.9454151587712902,0.03271127509800102,0.029707853777707842,0.045630537616079284,0.02974180856648074,0.009880974761039019,0.010153984216271162,0.004660915944256418,0.006126021091935455,0.004319060734552854,0.0031201174399695737,0.011262710103774599,0.022525420207549118,0.08480504536236877,0.0021147409284937115,0.0052015335520708165,0.005458239184098186,0.0553779941300478,0.01575264011382586,0.0035948405230536496,0.004881230036861062,0.004586298682977283,0.009082159939281681,0.0061537395848085055
CHEST-XRAY,MobileNetV3,FAIR_poly_svm,0.9324274707131064,0.9328827590427332,0.9797689870297781,0.017878590160867836,0.003461172677842961,0.02382505292032255,0.09742204637146791,0.8051559072570645,0.17506885215365559,0.9342200282985675,0.1714238616883869,0.9016132233296504,0.24024218869669425,0.7538448859512733,0.9465383738438146,0.012696993301645828,0.010517901594099075,0.033108890791528,0.02066316393659764,0.010595943235582012,0.010061451598479116,0.005317007146554949,0.0019132564403057744,0.0016249641720643038,0.0028593321332825127,0.012582866275025915,0.02516573255005177,0.023113794513463237,0.0022263566459862893,0.00638628201151303,0.00725963482176914,0.1599452537613502,0.015079176056179184,0.0018527486656047714,0.004001773857095219,0.0035895938820809407,0.007698242854741729,0.006943982305161282
CHEST-XRAY,MobileNetV3,FAIR_rbf_svm,0.9355179914563514,0.9348980943347149,0.9831479276722612,0.019173040709475113,0.006112640430786584,0.024509429178969908,0.09372168309389162,0.8125566338122171,0.16355779319496286,0.9467305949389313,0.1425023858193803,0.9127560571806033,0.2929210599484825,0.7724483797306967,0.9583018917026876,0.010157447351707621,0.008115413696627317,0.030328024453647705,0.01628229845811196,0.006044428569350136,0.006604742133246203,0.0038610481647990136,0.0024161057743577142,0.0017109542160485033,0.004721102463741002,0.010648032648984736,0.021296065297969426,0.018497803943684228,0.0038768247425009527,0.00689500213413961,0.007530779117189515,0.11806652790829245,0.00867328052139815,0.0033481165195579803,0.0027950306626888196,0.0025124025613321274,0.008366739208286076,0.006882129278188795
CHEST-XRAY,MobileNetV3,ISOTONIC,0.9222707497968917,0.9206480116790565,0.9771470732242019,0.026118184780044795,0.011999708900702403,0.02981411728553226,0.10924997522018245,0.7815000495596355,0.21202903389930725,0.9349390983581543,0.15924939811229705,0.8971537470817565,0.31287365274280743,0.7450740933418274,0.9503485679626464,0.015508535225821279,0.01238425737488984,0.03728019029834844,0.02285359667584048,0.01701798068157932,0.01623269831609327,0.0037121305709234688,0.010146129140575095,0.006586534980471475,0.009474320575600085,0.01908133288604429,0.038162665772088496,0.03800146127180151,0.01102011386468584,0.02631979274882799,0.014680880307874159,0.235352406291406,0.01963267174905118,0.01185334195026759,0.0036602762653727026,0.0036604401857585635,0.009743665072464644,0.00421926907234002
CHEST-XRAY,MobileNetV3,MC_DROPOUT,0.9236477361078352,0.9197637592183172,0.9793702459886908,0.025962922157660752,0.009521461375550294,0.04171246819931741,0.1125774770636867,0.774845045872627,0.19139882624149324,0.9127749919891357,0.21694726645946502,0.8790993094444275,0.14014075423615105,0.7166861057281494,0.9291307926177979,0.013904785835314255,0.010725664965324693,0.041175650179566946,0.020974681246657936,0.012354456675385261,0.011876621260048547,0.003492608620781463,0.008238534948551063,0.006160697367009914,0.013930546792184292,0.014379705292956069,0.028759410585912068,0.017974763356751803,0.011394351745745823,0.02279278157152695,0.012402201677199359,0.04472592857243493,0.01950485590475602,0.010797257967330111,0.0025191208816077696,0.0017042766199342329,0.011096960734893253,0.0063121838883715975
CHEST-XRAY,MobileNetV3,TAU_0.60,0.9360690917350247,0.9349505981787349,0.9837256431344017,0.0153439561581001,0.003339868932708577,0.022548115906473647,0.09196355003059506,0.8160728999388104,0.15986804791066647,0.9379761448919259,0.16705713080117773,0.9065980199730437,0.17842396246005035,0.7525721425649466,0.9503455088188352,0.010294473742505613,0.008245230098803076,0.029214980571127497,0.015341369008197566,0.00882800202366893,0.008041148394739054,0.0036015764151668874,0.0046001567951561165,0.00453673409715347,0.005538700980687799,0.010653412552731072,0.02130682510546209,0.015619027817580317,0.0046525889437309615,0.008231747288957552,0.008136787026903432,0.05767928779146868,0.021640935478141887,0.0035061167678914246,0.0030360285396197513,0.002886828081543419,0.00742315586536636,0.004051248924631798
CHEST-XRAY,MobileNetV3,TAU_0.70,0.9362761310724987,0.9352044528353562,0.9838918944328174,0.016899821994094868,0.004149198808954011,0.02431928341870925,0.09160176168621803,0.8167964766275644,0.15924764292485466,0.9399218337820106,0.1635729652321514,0.908090418301472,0.17972402657555056,0.7571706062142193,0.9520584445398722,0.010187163380509043,0.008154084994815028,0.028936429039094068,0.015028870541255197,0.008914484171195166,0.008071717913997807,0.0036041489153032734,0.006476006353838251,0.005806520314541703,0.006266126043405259,0.010539138727667574,0.02107827745533512,0.015612726250548672,0.004439226519308388,0.007722779539872678,0.008025650893455522,0.05765282163258729,0.01903781160232836,0.0032510816309795744,0.0030859051619731475,0.0029644042930813425,0.008130809446753118,0.004231760172598795
CHEST-XRAY,MobileNetV3,TAU_0.80,0.9366902097474471,0.9357215572483092,0.9837489179001876,0.015970361187151526,0.0038232083471935138,0.023021570237955258,0.09159405952064933,0.8168118809587017,0.1593655801063056,0.9415270012212581,0.16007695698892074,0.9092804565110594,0.2283404742982736,0.762808106110762,0.9533092415393533,0.010241947314649044,0.00823622415461436,0.02949353210316092,0.015028870541255197,0.009038189996729448,0.00873077458213947,0.003598593200459791,0.006081136084500239,0.004410557647759599,0.006567639441725364,0.010522675176033114,0.021045350352066193,0.01590257709556882,0.003940627084556687,0.006812606714127669,0.007771473030113617,0.07084930409215456,0.018529788640893774,0.0024146258448918744,0.0031218827111749573,0.0029565007555087857,0.007319634679502794,0.004231760172598795
CHEST-XRAY,MobileNetV3,TAU_0.85,0.9364703724087324,0.9356933500520924,0.9835327475330621,0.016308492386597394,0.003737172615159419,0.02344496553839374,0.0919984788612177,0.816003042277565,0.16000965889749058,0.9420515275366075,0.15841121906257333,0.9095804975325106,0.21887100455119524,0.7641931095149933,0.9537481367177667,0.0103546889042822,0.008354944069740406,0.02921536798633199,0.01471588149587178,0.008185026033309223,0.007828021525631501,0.003475483335354022,0.007089226467545129,0.0037667306252498413,0.00673147306852483,0.010192585342782745,0.02038517068556544,0.01567600047773006,0.00395989716470197,0.006785082405760229,0.007638101255391486,0.08413090278300231,0.013968549846348393,0.0027972040633391987,0.00304931908134291,0.0028640253747985117,0.006742277473949942,0.0036074796656441403
CHEST-XRAY,MobileNetV3,TAU_0.90,0.9363609560500039,0.9356795718731334,0.9836599496399796,0.015938368796423442,0.003337686585680849,0.022812747067503695,0.09170888525870129,0.8165822294825977,0.15945479923728811,0.9422749907571708,0.1571979876906286,0.9100098780627229,0.22591538570646014,0.7629953067268251,0.9540975433303178,0.01028927888833292,0.008286579678741504,0.02949353210316092,0.01471588149587178,0.008671289063852172,0.008305047896344607,0.0036001322573629047,0.008305925433249196,0.003351412388626658,0.0065766322862226,0.01018375013835553,0.020367500276711033,0.01635051497814855,0.00400857869912242,0.006576647071351793,0.007606114411636105,0.08639871920758622,0.018243250386678407,0.0028710836126601648,0.0031557540779947285,0.0029506837776611785,0.007319634679502794,0.0036074796656441403
CHEST-XRAY,MobileNetV3,TAU_0.95,0.9356294170575954,0.934904131969805,0.9837660068613759,0.01654614049149269,0.0032674086913737355,0.022890232143409173,0.09196693716852362,0.8160661256629531,0.15924562866829486,0.9422413416294975,0.15612176947665696,0.9100074481886191,0.22736813732636563,0.7593809336097423,0.9544417785841169,0.010180915031416087,0.008132673977253905,0.030328024453647705,0.015028870541255193,0.008052331667657522,0.007816625387727861,0.0035500939660939005,0.007531065981098532,0.0029412401597841854,0.00636660404094609,0.010169483743332382,0.02033896748666472,0.016466777101876176,0.004064653052218824,0.006466116468946026,0.007604867435683276,0.0916675103201777,0.01803032656970471,0.003137847803370726,0.00311862147306495,0.0029221984686835438,0.00744946043347222,0.003772825706750533
CHEST-XRAY,MobileNetV3,TEMP_SCALE,0.9228087899992138,0.918968249467358,0.9794385019953067,0.02202602929397555,0.005601695390751478,0.03720036569916433,0.11220852048765417,0.775582959024692,0.19075475335121156,0.9262765288352967,0.18487626314163208,0.8891667604446412,0.18620370524270194,0.7362195253372192,0.9422766208648682,0.013920646104841177,0.010666772695815278,0.04117487534915795,0.02191413896124921,0.0140622491482203,0.013265888755943556,0.0036399639542815973,0.004518221085866841,0.0027884883937362966,0.012315040361066513,0.01613065527095331,0.032261310541906514,0.02099596728171157,0.011562927183485653,0.02639550078048915,0.011984471500268436,0.045637848288306665,0.02623625186545907,0.01057524979261299,0.0026177675156287797,0.001795350201499589,0.013021152278219697,0.005182946718844922
CHEST-XRAY,MobileNetV3,VEC_SCALE,0.9232557591005583,0.9227999095694337,0.9793178517661575,0.02300619564567688,0.00643859300745625,0.029661738877018656,0.10688641598975827,0.7862271680204839,0.18231493482757594,0.9281490629641148,0.17855651657008859,0.8936417254093241,0.1781620029978688,0.7330235689995368,0.9436358533955937,0.012597102624470663,0.009681311418217518,0.03950705289379787,0.01972272506512429,0.014899326787983402,0.013719239785289727,0.0038339795320067554,0.0034843582866951107,0.003122720676599287,0.00231730364084602,0.016431175745936357,0.03286235149187263,0.020026108998680903,0.012963352780739233,0.028381398999977752,0.014026615777016445,0.04552989994085586,0.02541438920294666,0.011353433654158878,0.0027076612762272274,0.0019592215199174556,0.010237720971299194,0.0035941473753698357
CHEST-XRAY,ViT,ABL_focal,0.9504330791204758,0.9488603957996149,0.9890045056119433,0.021385567156768297,0.008286095646457917,0.02543509918893106,0.07455687653421231,0.8508862469315757,0.1331596327716676,0.9393661818447214,0.16402357489205477,0.9160286965055432,0.29670895832520516,0.7384779724823295,0.9497795908790835,0.006667613575996073,0.005403827759917193,0.020589568458203714,0.00845315711755731,0.00342338246667258,0.004625081005236075,0.0011409364682606932,0.004284469657498867,0.003026588178415753,0.004444661729183225,0.004010365045466774,0.008020730090933527,0.005047493912764477,0.0013465932724210643,0.004722612201692425,0.0012581282190591726,0.10743282887913752,0.017604700102597473,0.0026891768004797733,0.0015497896731615308,0.0017378678993052539,0.0043299612459237495,0.0028421942579948288
CHEST-XRAY,ViT,ABL_no_descriptors,0.951981986704056,0.9508977401513017,0.9891437174148079,0.01614725955427041,0.0034429444863840327,0.023513422652062212,0.07298722097666344,0.8540255580466735,0.12930976716491444,0.9499543507740228,0.13716778564898333,0.9249753337742618,0.2223602477993259,0.7653105891822019,0.9590829322939107,0.006634576618493301,0.005472027928119474,0.0194765245756835,0.007827179026790487,0.0025532354544277026,0.004183047274279014,0.0010761784669755126,0.005076500462332641,0.0023899031591457947,0.003534230822194429,0.006528913138517638,0.013057826277035273,0.007633439304368544,0.0029499127744071194,0.00498131273313429,0.004420713074021592,0.08243339434816965,0.021338450987281633,0.004409399594205355,0.0007218584242225069,0.0008957036598223864,0.0038066362109186297,0.0033197546773862706
CHEST-XRAY,ViT,ABL_no_gate,0.9513618733128915,0.9501254877127556,0.9896848941986137,0.014673924308468764,0.00299188331010031,0.02060000899492853,0.07182760057759596,0.8563447988448083,0.12715044268962825,0.9488124279480232,0.13882233058213167,0.925008820564505,0.23424841513698436,0.7487454372120814,0.9588611444862158,0.0063777381793684975,0.005176972111659281,0.018363480693163285,0.008453647695998353,0.004046346607385072,0.0046358277513530695,0.000798082377893135,0.0031755695208336753,0.0016862959621711483,0.004371666079519162,0.0063588578242554285,0.012717715648510828,0.0064798417492479355,0.003260627756269207,0.003819010683133955,0.00457104040672763,0.06683918745220853,0.01640986521850229,0.004333589927138028,0.0009211085769972614,0.0011392306194478962,0.0038568706191382494,0.0023748212713972684
CHEST-XRAY,ViT,ABL_no_knn,0.9504125062242839,0.9493223154172228,0.9897491026007419,0.017162104847108516,0.005003865388327473,0.0225641968320556,0.07176325627706784,0.8564734874458646,0.12695978258898832,0.9515966529088624,0.1338508684781557,0.9268999488427896,0.33404526367805765,0.7536791244444587,0.9616773074341533,0.006350894203042674,0.005115855753524294,0.01919797304365007,0.008140658650614939,0.0035208061858544694,0.003637613590351818,0.0007346425530951357,0.004003431760697017,0.003091657585701008,0.0031030735573868116,0.006369522351020763,0.0127390447020415,0.0063059384120177425,0.0027256858405255414,0.0034583576568800213,0.004324183669070993,0.1384098620723685,0.020117280443250687,0.0036893352154860684,0.0009229309111153879,0.0010979857251977034,0.003010416321738914,0.0025732665391580275
CHEST-XRAY,ViT,ABL_no_poly,0.9516783290090942,0.9503929904442987,0.9897440399751902,0.014757875438724383,0.00353524530655516,0.020370215482717575,0.07179509673944137,0.8564098065211176,0.12672826666281853,0.9511192413789885,0.13396177486025923,0.926672496774237,0.32701433724159473,0.7568650319190892,0.9608233984155123,0.006233282424217519,0.005046346007504823,0.019476137160479003,0.008453157117557312,0.0032858401096894623,0.004178176227068724,0.0006350614347994942,0.0034014881280679393,0.0023774444706773598,0.002802354922147397,0.006077101821857173,0.01215420364371435,0.005848948591084636,0.0021142994201774194,0.0025724473425297123,0.004010709280629843,0.09232773923809388,0.021597893945996205,0.0033909784168406976,0.0007873905955798783,0.0009644129692092064,0.0027758433226408117,0.002372554453943743
CHEST-XRAY,ViT,ABL_no_rbf,0.9504104969817684,0.9493220930833083,0.9875659878089316,0.019354685581351568,0.005941573351245219,0.023813385743104595,0.07805774058483184,0.8438845188303367,0.13978672299661715,0.9383623239730733,0.16427455099810986,0.9139051732108128,0.22327918124035956,0.752240124010539,0.9478913889857707,0.007592261891666725,0.006353023277661343,0.023371984456901994,0.010645061592123275,0.005145780644800506,0.004988617633719729,0.0014758551428990497,0.003613195947464774,0.001485684257079232,0.0013302423403533069,0.00526508915152058,0.010530178303041132,0.0064378043979878,0.0017674611530948195,0.00542109194884479,0.003143300738331933,0.11893071103075574,0.01566324408596367,0.0019499488201967844,0.0016594752050646273,0.0017455477378421342,0.004216546355675392,0.00279994953797944
CHEST-XRAY,ViT,APEX,0.9515807060303484,0.9501492380019165,0.9897124120852402,0.014514496215279313,0.0026832730599092138,0.019778976681678256,0.07163004866241178,0.8567399026751767,0.12688845061907833,0.9507033204119771,0.13510091344844216,0.9264240892747495,0.3083811041030396,0.7536159160498254,0.960594498348396,0.0063760757086317385,0.005175638567192054,0.01919797304365007,0.008453647695998353,0.003454043595362347,0.004501331539852284,0.0006108105149037396,0.004198461055857484,0.0016864865232542098,0.0025264784993197903,0.006232795972544645,0.012465591945089253,0.0059946776561214145,0.0022516409831798336,0.0028360549119241948,0.0042083941201575235,0.12652460706811502,0.016220759018230543,0.0032866674203988998,0.0008318001988815884,0.0010332212836138108,0.003010416321738914,0.0017862593618594295
CHEST-XRAY,ViT,BASE,0.9412300058530109,0.9395103726503347,0.9857577485834425,0.02010677851765222,0.006732107696387028,0.028623344319776624,0.08910532080220307,0.8217893583955942,0.15366415977478026,0.9305444717407226,0.17750017046928407,0.9034675717353821,0.20858307421555988,0.73555668592453,0.9427651524543762,0.008586661493267464,0.006776316479076905,0.02921536798633199,0.01252397702130582,0.01001959767917625,0.01140453045612814,0.0025012899343498166,0.008793066482269313,0.007683120114208095,0.004547322753030501,0.008655516448895137,0.01731103289779021,0.012897650829128336,0.003957900562372562,0.010892652691970782,0.004202635003442881,0.1553416911609217,0.023219522354893933,0.005892218701105213,0.0022247880075333066,0.0018248780833020357,0.003808962480682316,0.003992019478924908
CHEST-XRAY,ViT,DIRICHLET,0.9395129770858993,0.9406436341008855,0.9857577485834425,0.0158613016846405,0.005358710584640489,0.02355472387486948,0.0876479211371785,0.8247041577256434,0.1523726463317871,0.9464597344398499,0.1413060024380684,0.9156184315681457,0.19561643565530745,0.772714126110077,0.9568894505500793,0.009278248235256862,0.0075972622003344275,0.0292142057407185,0.014089903405104959,0.007693599279125773,0.0060998753258582165,0.0025012899343498166,0.007258006827608995,0.004644022647528859,0.008882683879431396,0.007793329767781192,0.015586659535562337,0.013183095485998051,0.006088236165997313,0.013789953367776182,0.006933057827530476,0.0741886868146051,0.020175967250508638,0.005814532167491572,0.0024486793234386453,0.0022886537707764204,0.005556762737658027,0.0049530703909393715
CHEST-XRAY,ViT,FAIR_equal_blend,0.9513844554515991,0.9496547942351501,0.9885455205747681,0.017805403596457593,0.004106709257441528,0.02235297618580543,0.07448162740737033,0.8510367451852596,0.13414072650253717,0.9401296646363159,0.15425347607636145,0.9177042935416097,0.1567168881513612,0.7326716703093533,0.9506957971109593,0.006991470206395173,0.005765603700091467,0.019198747874059067,0.010020064658238532,0.004125739038934721,0.0046723141780941075,0.00035899382025756483,0.0032637966032049476,0.0026314672760371226,0.002953928664993041,0.0042792563739099685,0.008558512747819925,0.002788184581602617,0.0031404881037040643,0.005610512687624895,0.0036119841112803876,0.03277280203220319,0.012493749381784198,0.0026380701989261774,0.0007086435963388343,0.0009021201309841,0.0020638699179052035,0.002627234203134454
CHEST-XRAY,ViT,FAIR_knn,0.9381931668282796,0.934297014664897,0.9779606770856084,0.029890584795867002,0.015838422023113037,0.034484977032473614,0.09631893199733525,0.8073621360053298,0.504134983956197,0.9364074398393077,0.1321192840541458,0.907575656321262,0.13060695726711294,0.7286836015612569,0.9505268255681365,0.020533956362492445,0.018433720011357332,0.028658652337469635,0.017532782904322485,0.006401696635620071,0.005300035119459129,0.0022003412473960066,0.0016697350826485019,0.0018276322905947722,0.003325706709322181,0.003022189868933418,0.006044379737866801,0.04785789613795619,0.0036413262431417566,0.006185832084244277,0.0034645656334487407,0.005934557320353541,0.019769322471722185,0.0020936574181564535,0.003273787617891451,0.003526459739044274,0.0027082811226895043,0.002798730873077676
CHEST-XRAY,ViT,FAIR_poly_svm,0.9479764743908937,0.9474274899986115,0.9850075856184827,0.014073597392389638,0.0027492587318903145,0.021429988019988428,0.08216961492820601,0.8356607701435882,0.15267873742458188,0.9426659002905046,0.1474531565128993,0.9158632216258029,0.23499298369315244,0.7667007161620432,0.9520047987812716,0.009240413051768884,0.00790518279599457,0.026153625625191284,0.015028379962814153,0.006740583940182403,0.006366535595440604,0.0018479435374325916,0.002018076932681508,0.0012438362566743084,0.0035582762382029755,0.008867040157805137,0.017734080315610225,0.008514220085484364,0.00385580877639341,0.00612782193561016,0.005947398114282006,0.14334954570980765,0.021341714638418333,0.0027641165382994086,0.0006957999435029881,0.0006066257348600817,0.004950403398386741,0.002620142666841272
CHEST-XRAY,ViT,FAIR_rbf_svm,0.9510218308567235,0.9503346662413119,0.9892597501301015,0.012462038131763543,0.0023435464017413548,0.01959297042475887,0.07234207775189401,0.8553158444962123,0.12910221234936098,0.9549854914209204,0.12122902220048797,0.929674002677763,0.23755589130562424,0.7663684225466517,0.9644305158656671,0.006606128605266862,0.005409381042970075,0.020867345159828143,0.007827179026790487,0.005542165952415216,0.006527701232886607,0.0009490988141453415,0.005984698408113024,0.0031444680110255226,0.0016484146873001666,0.0066372690840635976,0.013274538168127169,0.004964220333719236,0.003232911875752241,0.00548462305261838,0.004644083378001228,0.15371363863548554,0.011272596201128532,0.0037340940286652836,0.0006655948419718637,0.0009639091090067341,0.0027753613797057205,0.002474401744165053
CHEST-XRAY,ViT,ISOTONIC,0.9405973565357165,0.9410101155398776,0.9833918967207748,0.022623465896985072,0.009076376879781068,0.025236789629306554,0.09101703874005226,0.8179659225198957,0.1998453140258789,0.9514862179756165,0.11983979046344757,0.9181387186050415,0.37595722675323484,0.7968907237052918,0.960760748386383,0.014327124195109533,0.01265701455181197,0.030883190441692077,0.015027889384373114,0.008076671936035841,0.006833292630337299,0.00203305891411338,0.009697829585169973,0.006976155872246533,0.007800696305780608,0.009463457242934296,0.01892691448586853,0.028758986660432515,0.009814630095699802,0.014360514828215539,0.008513928294031562,0.12084098875264869,0.03913456994405549,0.008245646068123768,0.004205696907151116,0.004082343259423291,0.006834504161101162,0.004507424731699505
CHEST-XRAY,ViT,MC_DROPOUT,0.9395352971494964,0.9381523809884266,0.9855060150397834,0.029220066943896554,0.012425494642842521,0.03582110057947487,0.09063932055350712,0.8187213588929861,0.1574863910675049,0.9218772888183594,0.19665515422821045,0.8965057611465455,0.19658837756037195,0.7146127820014954,0.9350348949432373,0.008694261877333131,0.0068232784007935445,0.030328411868852205,0.013776914359721549,0.00835817810439754,0.009539647475980746,0.002624329918261853,0.0071582669483747745,0.007020981460092435,0.004877348858414287,0.008107582318104082,0.016215164636208135,0.011704918737989923,0.0037138724226961337,0.010251787012132163,0.0038119240579967723,0.0385553443655694,0.013045157961329757,0.0052404606713773475,0.0022585883651949135,0.0018542796402994672,0.0041030979516579495,0.005470379021868126
CHEST-XRAY,ViT,TAU_0.60,0.95147128967162,0.9501366571421663,0.989662617814202,0.014624442076912953,0.0025064493719812782,0.020052564731830955,0.07183581133159009,0.8563283773368202,0.12721668905251937,0.9495238120328109,0.137673850530597,0.9254490239394084,0.23128488615007678,0.7516395507098325,0.9594647227090375,0.0063865329692237485,0.005185766901514533,0.01864164480999221,0.008766636741381763,0.0039624154110205305,0.004632296867504448,0.0006957720459793757,0.00253919101444556,0.0013029737392374614,0.003020930777127389,0.006254223395389318,0.012508446790778645,0.006052549624551483,0.0027721431974350665,0.003249478876913116,0.004387506879602955,0.06715970521221992,0.01640498419878785,0.003870535164906692,0.0008976419543083424,0.0011135896018964297,0.003346175790016545,0.001785614550417098
CHEST-XRAY,ViT,TAU_0.70,0.9512642503341457,0.9498814298897335,0.9896757215697385,0.014478613132324986,0.0022972462348372306,0.020188410073156155,0.07188066075095612,0.8562386784980882,0.1271784114136329,0.9500584988854787,0.13675359031528928,0.925771016680893,0.21708543241693676,0.7524561973864505,0.9600339716736267,0.006376948215883622,0.005163992823200502,0.018919808926821144,0.008453647695998353,0.003781939950665337,0.0045482144253650375,0.0006924903463490128,0.002666225234218133,0.0012732347239586092,0.0030949258867857222,0.006300456929599734,0.012600913859199462,0.006067705974576015,0.0024300970595146822,0.002828841468031124,0.004287164824454894,0.0916644325218448,0.01601420858280248,0.0034377817326071416,0.0009203237763719227,0.001135018096832395,0.003197885007126816,0.0017862593618594295
CHEST-XRAY,ViT,TAU_0.80,0.9510572109966716,0.949626629817115,0.9897281365918836,0.015407990905919797,0.0028661424514685482,0.020066262015891068,0.0716845252907433,0.8566309494185136,0.1269179675271059,0.9504664351375881,0.1357052192596639,0.9262158842257943,0.31706680157387934,0.7509139881632667,0.9606042830970143,0.006376192240279606,0.005149067450162855,0.01919797304365007,0.007827669605231529,0.004174803009616951,0.004979866566142736,0.0005682626692716758,0.002986619979232762,0.0020056334595228652,0.0027499518664411806,0.006220087920492816,0.012440175840985595,0.005799572468435663,0.0023233231132250144,0.0028348365463119226,0.004219602153840277,0.1331029424487451,0.016339388376846533,0.003423935703401949,0.0008418799922912472,0.0010714489344669988,0.003010416321738914,0.0015686340584067763
CHEST-XRAY,ViT,TAU_0.85,0.9515807060303484,0.9501492380019165,0.9897124120852402,0.014514496215279313,0.0026832730599092138,0.019778976681678256,0.07163004866241178,0.8567399026751767,0.12688845061907833,0.9507033204119771,0.13510091344844216,0.9264240892747495,0.3083811041030396,0.7536159160498254,0.960594498348396,0.0063760757086317385,0.005175638567192054,0.01919797304365007,0.008453647695998353,0.003454043595362347,0.004501331539852284,0.0006108105149037396,0.004198461055857484,0.0016864865232542098,0.0025264784993197903,0.006232795972544645,0.012465591945089253,0.0059946776561214145,0.0022516409831798336,0.0028360549119241948,0.0042083941201575235,0.12652460706811502,0.016220759018230543,0.0032866674203988998,0.0008318001988815884,0.0010332212836138108,0.003010416321738914,0.0017862593618594295
CHEST-XRAY,ViT,TAU_0.90,0.951678329009094,0.9503980483177841,0.9898015176228873,0.01372622360975859,0.002115304052340893,0.01923540103094203,0.07142724629007806,0.8571455074198443,0.12648233066760223,0.9507821937256125,0.13452963126024278,0.9266490561789652,0.3023869498158732,0.7537367571704756,0.960633609085616,0.00632604618984699,0.0051338667359603985,0.01919797304365007,0.00814065865061494,0.004252937680394919,0.005531328739486775,0.0005065940016689502,0.005034549280658242,0.0019978866340590444,0.002870425783498535,0.006172354709049254,0.012344709418098518,0.005696429172722825,0.00222524178572349,0.002866918139315703,0.0041685366516537445,0.1369278926644237,0.010878382180866656,0.003014801433559859,0.0008426736909355589,0.0010902272646495562,0.003010416321738914,0.002042705832541693
CHEST-XRAY,ViT,TAU_0.95,0.951678329009094,0.9503980483177841,0.9896704800675238,0.015296712427315524,0.002381605637036144,0.019948811800103057,0.07145409737635965,0.8570918052472811,0.12664489102454177,0.9507932988419476,0.13390023880040602,0.926724289559955,0.2988449364145024,0.7530620593712877,0.9606789753583851,0.006414544086210695,0.005222364632324105,0.01919797304365007,0.007827669605231529,0.004252937680394919,0.005531328739486775,0.0007799143053215587,0.0037033892706945537,0.002207422972723969,0.002986049520936967,0.006185400989312597,0.012370801978625173,0.0061031391094747535,0.0023336947339743816,0.003103552688913629,0.004197676901978515,0.14300789609846062,0.010434557101099246,0.003094125497030316,0.0007976291529863825,0.001051786898216301,0.003010416321738914,0.002215776697333058
CHEST-XRAY,ViT,TEMP_SCALE,0.9412300058530109,0.9395103726503347,0.9857577485834425,0.013906163357187692,0.0030050238016966747,0.026453139011686545,0.08853056705433664,0.822938865891327,0.15180532932281493,0.9429750561714172,0.1453958809375763,0.91326984167099,0.18979803134233525,0.7610792994499207,0.9544926047325134,0.008586661493267464,0.006776316479076905,0.02921536798633199,0.01252397702130582,0.01001959767917625,0.01140453045612814,0.0025012899343498166,0.006519299898320244,0.0044004942603116095,0.00374210484330362,0.008908545147483548,0.017817090294967048,0.014168585941439825,0.008942637007638332,0.018947496176213285,0.009907994707623987,0.16732889876966006,0.04107714840806021,0.005800657200786011,0.0022247880075333066,0.0018248780833020357,0.003808962480682316,0.003992019478924908
CHEST-XRAY,ViT,VEC_SCALE,0.9423758855954784,0.942839528247978,0.9860211507094123,0.017402565200378983,0.00422290944932561,0.02492340435630757,0.08628092663118014,0.82743814673764,0.14855863787258117,0.9460578618527856,0.13843794267543447,0.9164457412478111,0.2493881192723583,0.7726882363334079,0.9561361057276663,0.00818272948648663,0.006616116142917515,0.028102324103811777,0.01221098797592241,0.007502818031078404,0.006314783371665746,0.0022796897896485515,0.004580794012998961,0.0029648311232838087,0.005923955096414509,0.006504599791456125,0.013009199582912204,0.010116233317521425,0.008011630569459879,0.017828558113078454,0.008215278823519172,0.07892425089906942,0.023626835494451274,0.007022497173366693,0.001694303170830313,0.0014722676835285417,0.003982065229045201,0.00373904151451536
ENDOSCOPIC,ConvNeXt,ABL_focal,0.9578831658291456,0.957889006389769,0.9958934341643056,0.027186634197949217,0.012899990565692155,0.019396609277966846,0.06803331826426195,0.9092889089809842,0.13422791328547073,0.934542417380567,0.1907700854039998,0.9154023009947003,0.40713798372468313,0.6950184881242594,0.9450593308407379,0.004976903360189505,0.004042342929050096,0.01532033426183844,0.008150470219435737,0.004625553674211329,0.004647291882683154,0.0006352480395949213,0.0050383086237692325,0.005450716369113735,0.0017630732146457205,0.005464792061144235,0.00728638941485896,0.008202482492046591,0.003303622082553161,0.010461316359098626,0.003927651329995072,0.13262792590308153,0.017102400443901992,0.004493020876551021,0.0011177313368645623,0.000981875173588405,0.004292767411538285,0.0025754979193032893
ENDOSCOPIC,ConvNeXt,ABL_no_descriptors,0.9591381909547738,0.9591638498804702,0.9961003155409152,0.01930633689077759,0.005774290358549639,0.014801707002487619,0.06568339037762803,0.9124221461631628,0.1260362831729071,0.9459775543747082,0.15811902321282106,0.9261137970609505,0.43011333160743453,0.7162346728516567,0.9559540451531265,0.004575605126631803,0.00368086563294148,0.015041782729805015,0.006269592476489028,0.00744204049891253,0.007462097653736554,0.0005817546104029291,0.003749460670799301,0.0026331753026047136,0.0017204556353189143,0.005193470468193029,0.006924627290924034,0.0083455445646942,0.003433369018405012,0.009404294174026719,0.004029384496953596,0.19780033957712045,0.035971116752367756,0.0038567218961866965,0.0008431288427541344,0.0007779099231552812,0.002065793450444475,0.002478274028345125
ENDOSCOPIC,ConvNeXt,ABL_no_gate,0.9608831658291457,0.9608949219852871,0.9963850736617298,0.02020295983317682,0.007593039433521609,0.015891705308253956,0.06352391095694027,0.9153014520574132,0.12183415794082433,0.9435095990119245,0.1620877870457419,0.9255678892168747,0.36887172684823666,0.7078146892231857,0.9532161759874833,0.004347213025112682,0.0035340634069441963,0.014763231197771587,0.0047021943573667705,0.005851462921160771,0.005850338820437283,0.0005011644316377183,0.0028988170816963343,0.0016791266621580705,0.0010963408397725177,0.0046712236421870236,0.006228298189582694,0.0076837833666476745,0.0045125394818786475,0.011220847963878833,0.004720290848316825,0.16671316381845144,0.027906726030875743,0.003447085775263782,0.0006836432041162642,0.0007321007129325311,0.0007628447876116518,0.001567398119122257
ENDOSCOPIC,ConvNeXt,ABL_no_knn,0.961144472361809,0.9611653336518454,0.9963064979351508,0.018398009880504104,0.005561533047801539,0.013058863409520182,0.062419099468492875,0.9167745340420096,0.11964328545762545,0.9508584348613474,0.14979395877899304,0.9305050092940272,0.4958051616062261,0.7392132517400125,0.9593989036670353,0.0043312359749837544,0.0035335567609575957,0.014484679665738163,0.005642633228840126,0.004591165869258036,0.004609903256729508,0.0007166682065255277,0.0022409406736069665,0.0007401368971056003,0.0013020285043662944,0.005901327976074064,0.007868437301432078,0.009767677202553842,0.0026894556280090192,0.006802330626579366,0.0038804580578174867,0.15149909096883968,0.015852700445727418,0.0026302022226565684,0.0010030989771813046,0.0008707413973565387,0.0028880837539453654,0.00237707694170895
ENDOSCOPIC,ConvNeXt,ABL_no_poly,0.9601407035175878,0.9601669606798989,0.9962550065620872,0.017766316528765005,0.007149979525028723,0.014398621854077077,0.06307390570285967,0.9159014590628539,0.12098720969329954,0.9485885710522866,0.15088736287496615,0.9291777187168595,0.44268267643252945,0.7215424733852063,0.9581261844278632,0.004373056436539627,0.0035258597267167472,0.013649025069637883,0.005956112852664577,0.006465000073285135,0.006493964525209554,0.0006722210715172974,0.0035256807194847086,0.003339780088339309,0.001133024241365227,0.004499064992656311,0.00599875332354175,0.007727061991847837,0.002631089925170097,0.007256966739722056,0.0024409872585722556,0.20400681815869384,0.031236012944419765,0.0033807096907092424,0.0009373896468079725,0.0008089158145232805,0.0015256895752233037,0.0023248271119422144
ENDOSCOPIC,ConvNeXt,ABL_no_rbf,0.9551256281407035,0.9551513445678385,0.9957846055722076,0.016392579420649346,0.004930047652734636,0.014549822796865026,0.06831239318842919,0.9089168090820946,0.1314514655140949,0.9453809669552206,0.15915053298903353,0.9244398937852267,0.34188276962795366,0.69923107959175,0.9569710866416192,0.005058350940921434,0.004003495153146874,0.01587743732590529,0.005956112852664577,0.003448283647832095,0.0034326159949938373,0.0005516601355170266,0.0036357101786810907,0.002508039413812753,0.0015529571884253257,0.004873952444679091,0.006498603259572109,0.006945010881514782,0.0028478976315273186,0.011985631371391874,0.0034829370068138843,0.14942859284566426,0.03075620378970714,0.003724983515888787,0.0010642235298781782,0.0009732145866127637,0.0034957939827329064,0.0023248271119422144
ENDOSCOPIC,ConvNeXt,APEX,0.9608919597989949,0.960904550795259,0.9962645743682034,0.01886630472855446,0.005769966714367058,0.013250851561241247,0.06318252212765131,0.9157566371631317,0.12106571291761112,0.9484734275421509,0.15368886223346997,0.9287242811488099,0.5588280917097126,0.7278215147115394,0.9574718674882383,0.004363952103206507,0.0035534012248500967,0.014763231197771589,0.005329153605015674,0.005259689211733464,0.005293059383681968,0.00063406579829479,0.002453515292378107,0.0028603604464724442,0.0011352980712333307,0.005462766539397912,0.0072836887191971905,0.008651823461480433,0.002720192819470589,0.007291804248897773,0.003734112969996336,0.09419142969997776,0.02275261822192266,0.0023000374634206517,0.0009541502424354206,0.0008186781807107298,0.0025300699337862053,0.0014019234968650719
ENDOSCOPIC,ConvNeXt,BASE,0.9551180904522614,0.9551045239737552,0.9959508553453977,0.01743174691248061,0.005854562492199197,0.016899222771145223,0.06899789516764543,0.9080028064431396,0.13112805187702178,0.9449427127838135,0.15729545950889587,0.9238398432731628,0.5681898653507232,0.709701144695282,0.9560470342636108,0.0051094270362505075,0.004049640201544376,0.016713091922005572,0.006896551724137931,0.004886899148570623,0.004879973943654253,0.00033276736529431425,0.00323956348936473,0.0019143012319666434,0.0015048344714256945,0.004302821394332317,0.005737095192443078,0.00674036232020104,0.005536689026396343,0.01443327946769025,0.00537386083557825,0.08950876650613221,0.017365745636670225,0.00490498798856959,0.0007029721130827761,0.0007019169120281593,0.0017057728013810435,0.002847320082223346
ENDOSCOPIC,ConvNeXt,DIRICHLET,0.9583819095477386,0.9584183284881247,0.9960790560428567,0.015176400811152357,0.004090990634302387,0.012122993250510233,0.0646165591269742,0.9138445878307012,0.12616249024868012,0.9618241429328919,0.10136805027723313,0.9396020412445069,0.42437205528696254,0.7550629854202271,0.9709517002105713,0.004830270019729602,0.0039060496033386195,0.013370473537604458,0.006896551724137931,0.007015150069435776,0.007008367873105229,0.00031575881153562296,0.0020321932114690747,0.0017317359674766221,0.0005813087175776097,0.006176785218136753,0.00823571362418232,0.008265621557677773,0.006455516936105725,0.01546872784035111,0.006543135032557211,0.22548609942906084,0.03771266445244239,0.004411817447875752,0.0005690777006850046,0.0007371750546421819,0.0015879880572411392,0.00237707694170895
ENDOSCOPIC,ConvNeXt,FAIR_equal_blend,0.9531143216080402,0.953141660522871,0.9948525800579269,0.033967441950466984,0.020121581462487236,0.02180772502232099,0.07844543307599416,0.8954060892320079,0.15361998947143074,0.9225421678661567,0.2107174653054389,0.9025906854876876,0.38653298930525515,0.6804694654926351,0.9344617711392779,0.006504038596736232,0.00535304796399242,0.01977715877437326,0.010031347962382444,0.0036976189576756837,0.003653404545950015,0.0009472340266579973,0.0020282353182369166,0.002719687699211133,0.0014248727661563423,0.005336482829561141,0.007115310439414843,0.00834291208780474,0.0013770549571833356,0.0037736672974169588,0.0026702591211820617,0.14915026495458752,0.0253529872946933,0.0009479590109453294,0.0013745686455076498,0.0013078137941049,0.00577616750789073,0.002622758703868575
ENDOSCOPIC,ConvNeXt,FAIR_knn,0.9097110552763817,0.9099139890287302,0.9821700475832689,0.04091682598078532,0.021343550844401392,0.03254551330708043,0.14092079903669874,0.8121056012844019,0.8148695229638768,0.8978693285116405,0.2133070518722051,0.8601558437044486,0.3347457616410769,0.6721175831169863,0.9202550182820441,0.024493777880558634,0.020230042902639654,0.050696378830083565,0.031347962382445145,0.004386882687760021,0.0045025939792140285,0.0025064212888376786,0.005016971273068903,0.005842582622109013,0.0031409461268583684,0.005008538515394456,0.006678051353859266,0.0712300540942045,0.004031968992828105,0.00813086636944882,0.003693539166242596,0.2026187413098182,0.01491660854115899,0.0035580166866768194,0.001362187771725375,0.0012526190496792862,0.0053580456996299005,0.003134796238244514
ENDOSCOPIC,ConvNeXt,FAIR_poly_svm,0.9486118090452262,0.9486381595301978,0.9942012342162905,0.017991666892619107,0.004664560421686356,0.015234223432418443,0.07917740048732007,0.8944301326835733,0.1552684776352058,0.9407444951161162,0.1704507915607707,0.9158893680458619,0.4833754790766126,0.7103550388303069,0.9532786833524789,0.007082070420568326,0.005694892567874204,0.02061281337047354,0.010971786833855801,0.005300534351244896,0.005313845476157433,0.001035515489910253,0.0036325077398361226,0.0014551736274534602,0.0009426007234820068,0.00678435583217408,0.009045807776232092,0.012962575828374283,0.0012369856695168308,0.005676358764158256,0.0024385226019145436,0.17778276197333368,0.02781997892493862,0.0027850082919061996,0.0013143206634764104,0.0012572856573622095,0.0052483130031801585,0.003134796238244515
ENDOSCOPIC,ConvNeXt,FAIR_rbf_svm,0.9576369346733667,0.9576631947754318,0.9958540528941041,0.016195487856543844,0.004659419880254025,0.013090119215707486,0.06546216962971099,0.9127171071603855,0.12568854342084093,0.9528452752483496,0.1349089004033005,0.9317268447127496,0.4944580520509332,0.7281589334526081,0.962785417384475,0.005496224856318411,0.0045510865437750885,0.014763231197771587,0.006269592476489028,0.004532067605758091,0.004527947050313189,0.0012156090006754689,0.0018838723066489267,0.0014971856021684486,0.0020333501590297453,0.005447592566076826,0.007263456754769073,0.0163358588286309,0.0006870764097872935,0.0037267876269125714,0.002521725082741739,0.10345922612734301,0.018724718655224615,0.0010041230379540232,0.0028065031240517135,0.0026336947700737836,0.003763023979416796,0.0019196628078238073
ENDOSCOPIC,ConvNeXt,ISOTONIC,0.9568793969849245,0.9568578609133054,0.9939690255640686,0.02046845682282794,0.008170157072873042,0.013542806816669566,0.06765913924861497,0.9097878143351803,0.18610217571258544,0.9702729821205139,0.07875713109970092,0.9436909317970276,0.37149667092732025,0.8007852911949158,0.9779900789260865,0.007031173863666846,0.006038883166244588,0.017270194986072424,0.007210031347962382,0.007329596470877384,0.007370269624396928,0.00137414214597684,0.0036219530662303084,0.0035607232178276457,0.0013349041341458223,0.009624387051105245,0.012832516068140318,0.025867173826599393,0.004066166241595035,0.007209857839473213,0.006687525528727148,0.16704022840883356,0.028744873931640238,0.0019359929123514029,0.001706983530567095,0.0019104337486463977,0.002330529321821938,0.0021028852452976083
ENDOSCOPIC,ConvNeXt,MC_DROPOUT,0.9538655778894473,0.9538517695731891,0.9959238232928087,0.02065759387082025,0.0069560886019277915,0.018563806751181598,0.06986389260080796,0.9068481431989228,0.13369422554969787,0.9389204144477844,0.17299643754959107,0.9190647959709167,0.4342225631078084,0.6874822497367858,0.9511037111282349,0.005201610293546513,0.004084328503122523,0.017270194986072424,0.006896551724137931,0.0044714014093594715,0.004485210393376756,0.0003323747039119612,0.0042859307373484135,0.002469544834832095,0.001562783156767798,0.004090970436298205,0.005454627248397582,0.006511487838388478,0.005461938357338412,0.014347377662023281,0.005387926611863338,0.15466969726714203,0.010671239727106476,0.005361302604887162,0.0006817822366518194,0.0006894473206128387,0.002112221572159207,0.002847320082223346
ENDOSCOPIC,ConvNeXt,TAU_0.60,0.9616356783919597,0.9616542188603654,0.9963980909020229,0.01925717103688412,0.006738179836899917,0.015139992065628124,0.06202247981729984,0.9173033602436004,0.11977479406100991,0.9465876167600431,0.15857036170048028,0.9276475094834857,0.43238930142278215,0.7267555539213728,0.9554211234886593,0.004295356800341975,0.0035146122664212716,0.014484679665738163,0.005015673981191222,0.0053725414527553165,0.005365129068493143,0.0005205068890202767,0.0032531845689956805,0.0033359924561249484,0.0010026153499957306,0.004831251628553735,0.006441668838071633,0.008032456453797203,0.0032665675765488527,0.009222097649010289,0.004182765036215483,0.19366215316086882,0.0191111411447463,0.00320288196452274,0.0007150658411967763,0.0007174589248223868,0.0012457203217269021,0.0013113793519342876
ENDOSCOPIC,ConvNeXt,TAU_0.70,0.961140703517588,0.9611595576262875,0.9963822144099709,0.019674343056788876,0.007339687803891137,0.0145336788347014,0.062101592156558284,0.917197877124589,0.11971661745001794,0.9484714273432926,0.15582712473579083,0.9286520970258676,0.501582628938557,0.7324965645960788,0.9572621808827654,0.004256141710027746,0.003454545589449032,0.014206128133704735,0.005015673981191222,0.005529559039825832,0.005537255371051632,0.0005821779819405772,0.002819900044878562,0.0030730739595219393,0.0008769724665271295,0.004723668601421307,0.00629822480189506,0.008140067987938211,0.0028881480064022243,0.008953858450521731,0.0037058286257671456,0.13974804603334431,0.013442747309399974,0.003245279245320867,0.0008207801486005794,0.0007126283267707411,0.001815933817605195,0.0013113793519342876
ENDOSCOPIC,ConvNeXt,TAU_0.80,0.960641959798995,0.9606638556114465,0.9962327220289982,0.01882851899214926,0.005693792925529741,0.01354028033518275,0.06312746187703996,0.9158300508306135,0.12132185291699624,0.9489684757812636,0.15407807716075073,0.9287438857012761,0.5588280917097126,0.7327645560537063,0.9578665526436858,0.004388202120325436,0.003564448958213133,0.014763231197771589,0.005642633228840124,0.0059044648104729855,0.005942068152978472,0.0006431421771263463,0.0017121032266200612,0.0020311009585996455,0.0008916498878561727,0.005927496069808093,0.007903328093077458,0.009334849227974104,0.0024071803798813942,0.007542357988604959,0.004123461496703908,0.09419142969997776,0.021992615783168922,0.0018129231351114257,0.0009646838785195016,0.0008154405799047953,0.0025300699337862053,0.0014019234968650719
ENDOSCOPIC,ConvNeXt,TAU_0.85,0.9608919597989949,0.960904550795259,0.9962645743682034,0.01886630472855446,0.005769966714367058,0.013250851561241247,0.06318252212765131,0.9157566371631317,0.12106571291761112,0.9484734275421509,0.15368886223346997,0.9287242811488099,0.5588280917097126,0.7278215147115394,0.9574718674882383,0.004363952103206507,0.0035534012248500967,0.014763231197771589,0.005329153605015674,0.005259689211733464,0.005293059383681968,0.00063406579829479,0.002453515292378107,0.0028603604464724442,0.0011352980712333307,0.005462766539397912,0.0072836887191971905,0.008651823461480433,0.002720192819470589,0.007291804248897773,0.003734112969996336,0.09419142969997776,0.02275261822192266,0.0023000374634206517,0.0009541502424354206,0.0008186781807107298,0.0025300699337862053,0.0014019234968650719
ENDOSCOPIC,ConvNeXt,TAU_0.90,0.9596394472361809,0.9596599642182604,0.9962935814493262,0.017321689754034815,0.005707704222385839,0.013503912097129842,0.06452444641520827,0.9139674047797224,0.12190304006819681,0.9472569965497095,0.15432473209781566,0.9276339039031745,0.5533289743327784,0.7179627363503526,0.956906570093681,0.004438868138760202,0.0035793477315938633,0.013649025069637884,0.005642633228840126,0.004629526105670198,0.004658788292789333,0.0007863551001397031,0.0025769159549653615,0.002286296978692545,0.000872124164042202,0.005748602277902739,0.0076648030372036356,0.009943681210995443,0.002794419601835113,0.00693229268722201,0.004116890330882685,0.10604672099010523,0.028019483421587776,0.0023224706999883014,0.001080073441916695,0.000967296129206158,0.0034679386066820985,0.0017871088167698084
ENDOSCOPIC,ConvNeXt,TAU_0.95,0.959638190954774,0.9596622848480794,0.9961805302741927,0.019713522888061136,0.006635605923811574,0.013982282681501007,0.06561654769070607,0.9125112697457254,0.12404225417202142,0.9444850167456738,0.15810008990200064,0.9254954389700017,0.5533289743327784,0.7100509364923605,0.9543503809641413,0.004539085082211422,0.003681534245343096,0.014484679665738163,0.006269592476489028,0.004095818418455151,0.004114225273158205,0.0007708849099136898,0.002444127870866968,0.001691638312783915,0.0017363508657179771,0.005550231438517506,0.007400308584689983,0.009692778910749815,0.0027759982594233144,0.0065806309658817475,0.003994025522631051,0.10604672099010523,0.03261713557305279,0.0022754372741558755,0.0010725697196325734,0.0009873653907036825,0.003763023979416796,0.0011083178388503875
ENDOSCOPIC,ConvNeXt,TEMP_SCALE,0.9551180904522614,0.9551045239737552,0.9959529582407096,0.012069724040820181,0.002169880933763163,0.01535682481901637,0.06835318874011172,0.9088624150131845,0.13083520531654358,0.9612470626831054,0.10696433782577515,0.9367352604866028,0.46358760197957355,0.7564441204071045,0.9709427237510682,0.005052240871769187,0.0039924540370630535,0.016434540389972146,0.0065830721003134795,0.004886899148570623,0.004879973943654253,0.0003334853460088018,0.0011558255387398202,0.002056497738654761,0.0014259992614287001,0.004834814332885013,0.006446419110513342,0.006725060815916455,0.004665724664273674,0.01302202772204107,0.005458590382667384,0.1798900533416156,0.024255272449766142,0.0028659993516220237,0.000690347071065347,0.0006805316366555316,0.002065793450444475,0.002575497919303289
ENDOSCOPIC,ConvNeXt,VEC_SCALE,0.9566293969849247,0.9566486573304903,0.9947953850483117,0.01817625042176912,0.00541690060150568,0.013172719286093865,0.06722438034577802,0.9103674928722961,0.18690566508880044,0.964617863576769,0.09358883428490264,0.9402274448287853,0.5153576180096205,0.768990140352565,0.9736034676609429,0.00671013796452056,0.005712845401635553,0.014763231197771587,0.008463949843260187,0.006255512896533537,0.0062544246649039285,0.0013145369492108098,0.0035175543653137766,0.004427062129114609,0.0012606306859964526,0.005881242450452277,0.007841656600603037,0.0769568994598957,0.005268400939391538,0.01215436711405186,0.005354259999942413,0.09940716439456808,0.03901880775159593,0.0031101712382935725,0.0024939499037211245,0.0025608580300498117,0.003763023979416796,0.004377504715915029
ENDOSCOPIC,MobileNetV3,ABL_focal,0.9360628140703519,0.9358551559093173,0.9922360192652869,0.041775474820453365,0.023768115943853127,0.02722176534825984,0.10249825548981564,0.8633356593469127,0.20037463800717212,0.8950445882933996,0.30677453899595414,0.8686375559860704,0.3486540211960414,0.6724626878137065,0.9102862628126044,0.010004904111996856,0.007868308381526301,0.03175487465181058,0.016927899686520375,0.004692819395759377,0.004597361441179554,0.0006173958516033932,0.007178823488119157,0.006620511909909665,0.0031072648113111595,0.007152678772587053,0.009536905030116057,0.011811394114629127,0.00952634941693923,0.025703228411296783,0.009806188744099139,0.18411941256583955,0.021064602713059925,0.008018746965122241,0.0009026553478716447,0.0007051562846936528,0.0033251633388059402,0.0013113793519342887
ENDOSCOPIC,MobileNetV3,ABL_no_descriptors,0.9335540201005026,0.9333868786025524,0.9919727553855733,0.024239827766393277,0.009236631173906188,0.019608474166132227,0.10260487373782837,0.8631935016828958,0.19375126199223064,0.9171106757747504,0.23740997724914129,0.8864430343917515,0.3256832065821326,0.6987942338453249,0.9327999210187372,0.010520684285815972,0.008190991646079575,0.03370473537604457,0.016614420062695923,0.008659910509005844,0.008686649984131493,0.0007823650648650243,0.0035407094248839826,0.0032929392103596567,0.002452586908587415,0.007767941142609452,0.010357254856812555,0.013361086907647934,0.011377933201813833,0.03575203826740266,0.011987004166479763,0.17585169090326447,0.028552487263714975,0.00942661532956,0.0013327709228395878,0.0012671778237596286,0.0037371609651807077,0.001401923496865073
ENDOSCOPIC,MobileNetV3,ABL_no_gate,0.9420741206030151,0.9419976482940429,0.9927306579512323,0.02548421295098871,0.009996453439029995,0.01891526704556987,0.09305704789743989,0.875923936136747,0.17844359448733785,0.9224992584864197,0.22213618412477354,0.8952235152432431,0.5936832709716022,0.7050674084100614,0.9359300406449022,0.009405235078959314,0.007648624771554013,0.02785515320334262,0.014420062695924763,0.0051293398319559045,0.005074494641053851,0.0008820305124727822,0.009496313815750912,0.005276935615555123,0.0034467735522169555,0.0055329146731943595,0.007377219564259115,0.010948634667616253,0.012382082519049719,0.03585135314170106,0.011358750894321503,0.13817189350994105,0.029885733056548403,0.011003265975581851,0.0015849562469830848,0.0013712701613733138,0.0013927576601671307,0.002575497919303289
ENDOSCOPIC,MobileNetV3,ABL_no_knn,0.940570351758794,0.9404908952757864,0.9926007486294124,0.01906444692299217,0.006073236170091555,0.016751055833964475,0.09328770701788487,0.8756163906428205,0.17699729068109393,0.9295235529170972,0.203875414135185,0.900123168959284,0.5618942474791755,0.7238841929823647,0.9427437488175621,0.0095415551464601,0.0076789987325903055,0.029247910863509752,0.015360501567398118,0.00772065469627858,0.0076915578849104885,0.0009828454929990643,0.006454514595201069,0.003044073339112942,0.0018174983890859413,0.004934171411939921,0.00657889521591991,0.009702194265173634,0.007651076269004416,0.023643385745807245,0.007908027892107329,0.11821873658205204,0.04042884863377827,0.0052744435788326695,0.0018101047424855493,0.0017351973161184291,0.0019696567721073756,0.002803846993730144
ENDOSCOPIC,MobileNetV3,ABL_no_poly,0.94056783919598,0.9404670706546213,0.9925362232236441,0.02009947987962716,0.006524352565352057,0.016924104042321583,0.09364796752856439,0.8751360432952477,0.1781719051940194,0.9266498985417495,0.21001376212414505,0.8979437879346129,0.5688261699115776,0.7162117590089554,0.9401203875586898,0.009547732915743689,0.007690215934193463,0.028969359331476326,0.015360501567398118,0.006917487158565943,0.006893701974693345,0.0009175748176402216,0.006324240478265092,0.003267118621022757,0.001572867752340097,0.005070401941935773,0.006760535922581009,0.00971219322914681,0.009249575178920283,0.027484978798504513,0.009124742783929902,0.12016896907186159,0.037500981086702564,0.007087756843473809,0.001665999153150249,0.0015438822779575267,0.0028543038345291375,0.002575497919303289
ENDOSCOPIC,MobileNetV3,ABL_no_rbf,0.9255376884422111,0.9252783020807295,0.9905441856008703,0.02984772647838766,0.012779326282413603,0.02301611482654704,0.11226913430993099,0.8503078209200922,0.21224641901011426,0.8994967621833189,0.28804791486520565,0.8686470058285408,0.4579804339836585,0.6723521561858806,0.9178496861738388,0.011976049164982922,0.009067755539451876,0.03844011142061281,0.02006269592476489,0.006770071245942274,0.006592756680132192,0.0008709115736141951,0.004740559082024838,0.005315943729594256,0.0021705897411371205,0.00690740194292364,0.009209869257231528,0.010984959869577458,0.009027340642081695,0.019217963021240427,0.008710083106163486,0.26180807851486204,0.0216643106949757,0.007174389049885197,0.0009591920338690333,0.0004680500598075917,0.004577068725669911,0.0025754979193032893
ENDOSCOPIC,MobileNetV3,APEX,0.9403178391959799,0.9402292210094793,0.9925781244007095,0.02037527881582795,0.006943316166604688,0.016692960253559836,0.09359855972841546,0.8752019203621128,0.1777277112495562,0.9270581720931691,0.20956303359570758,0.8982460697299286,0.5655510455220722,0.7172251257570628,0.9405875636933085,0.009514072669579007,0.007637326479341247,0.029247910863509752,0.015047021943573668,0.007524531282893782,0.00752611695950231,0.0009031388482744488,0.005859207090329401,0.0034794531163123057,0.002249352864315753,0.005077421848834807,0.006769895798446387,0.009670687725467121,0.009022801015335147,0.027220051727444773,0.008970970450894839,0.11925752837201577,0.04003951933071995,0.006511136529132608,0.0016221870601631297,0.001560427244872961,0.0022021432173874515,0.0023770769417089496
ENDOSCOPIC,MobileNetV3,BASE,0.9257701005025126,0.9255473953299361,0.9913276510602269,0.06192287040085422,0.03930657614923686,0.035417792480263874,0.11954362810474217,0.840608495860344,0.2347394496202469,0.8674230098724365,0.3775360107421875,0.841623044013977,0.5851525247097016,0.6170443177223206,0.8874891519546508,0.011580255341379042,0.00868479408969084,0.03816155988857939,0.020689655172413793,0.007818099461742991,0.007767280578345614,0.0011689793171836644,0.015975221119572624,0.015883952437198475,0.006654483548738686,0.012065262857021903,0.01608701714269583,0.024340261296866984,0.020620503280458207,0.05945620435745167,0.02052368372594147,0.17790845909841416,0.021537560636061947,0.01883336186829621,0.0012443795046314734,0.0007529873467847631,0.005266760557434272,0.004349353268185458
ENDOSCOPIC,MobileNetV3,DIRICHLET,0.9270502512562814,0.9269013485210067,0.9912217306977544,0.01579091478708693,0.003925958011473529,0.018189907068934322,0.11026095903572788,0.852985387952363,0.20395452678203582,0.9307024598121643,0.18901937901973725,0.8933547854423523,0.49808337807655334,0.7253699183464051,0.946811830997467,0.01147419574717695,0.008693912726940695,0.038440111420612814,0.017241379310344827,0.004256140221356532,0.004259489123839046,0.0011425870500383923,0.0053767686448839575,0.005027806376427192,0.0024406385645844835,0.0090876997170473,0.012116932956063054,0.01723277633315215,0.003940455806968129,0.010170550993442884,0.007176517916907663,0.22318849469233287,0.013053048756771497,0.0037316213896363254,0.001581915948435017,0.0012700789449039888,0.006865603088504868,0.005315305629408517
ENDOSCOPIC,MobileNetV3,FAIR_equal_blend,0.9300489949748745,0.9297483255443177,0.9901689774423061,0.04298350779987599,0.02348070864249495,0.027972920704988184,0.11414163564548371,0.8478111524726885,0.22118775135822805,0.8907135834992437,0.2883020611855919,0.8618322204055673,0.4293300580877951,0.674668660614345,0.9070361789610152,0.01272769126946876,0.0101698512794051,0.03816155988857939,0.02225705329153605,0.004864880608168516,0.004857594770374916,0.0005493324576540658,0.007843405758109366,0.008343740865405878,0.0024957060957032156,0.005384597970643445,0.007179463960857906,0.011168426464625427,0.006593911139917013,0.012769998887678538,0.0064285923341422645,0.16557650964495604,0.019865762645394837,0.006781017152505247,0.0010576161173068371,0.0010318255203139726,0.002112221572159206,0.0033980381486957366
ENDOSCOPIC,MobileNetV3,FAIR_knn,0.8671005025125629,0.8649942758783993,0.9698641121114839,0.04536483926813354,0.025252801338050933,0.03732024955304514,0.20241880118060734,0.7301082650925238,1.1200216300819166,0.8543834203761171,0.3019730884937161,0.8012842783742695,0.18704202689666607,0.6543104905903061,0.8850863332439486,0.04742633633104429,0.038083987723301946,0.09303621169916435,0.06551724137931035,0.006317363482331396,0.006736134109095557,0.002937590446383375,0.01277385532450989,0.010323115012612976,0.0018570447121464039,0.007693360555618514,0.010257814074158007,0.1501833280613703,0.007842423451547079,0.014933998115213096,0.007926333755930319,0.0960388978118457,0.01582181026259727,0.0074716677489295585,0.007132197712353113,0.007374690061971773,0.005155085103989347,0.0062105369141564086
ENDOSCOPIC,MobileNetV3,FAIR_poly_svm,0.9195188442211055,0.919353540230712,0.9890272476832154,0.019317935727026274,0.004209942535429554,0.019832436029557664,0.1165083262513749,0.8446555649981669,0.2230071154376366,0.913602033718254,0.23659943484098628,0.8782274293721543,0.2479656288143614,0.6907868018688124,0.9333022882317172,0.014207000993976501,0.010792853529899274,0.041225626740947076,0.02225705329153605,0.00925481673779552,0.009007443051376204,0.0011022571207261818,0.00441026376897613,0.0021550130630857214,0.0021924670948276523,0.007743874956997447,0.010325166609329925,0.01690037599054769,0.00947011332866433,0.01818874515216023,0.009580533074108099,0.22199248208684433,0.03202250677608681,0.005768200513078164,0.002336506520843343,0.0018113831538535516,0.004131586900888948,0.0023248271119422135
ENDOSCOPIC,MobileNetV3,FAIR_rbf_svm,0.9398178391959799,0.9397134050001773,0.9917707158104188,0.015317308349494314,0.003020634359891881,0.015738206953693896,0.09402402037930085,0.8746346394942657,0.184749695051817,0.9366748267288981,0.17354128623115744,0.9059849534702759,0.4108410431021644,0.7319965931025403,0.9499060717418952,0.011151207608672728,0.009251050686487126,0.03008356545961003,0.014733542319749215,0.006169516961697082,0.006165763854745072,0.0013171859436343408,0.0023867295230612403,0.003227227686142708,0.0013765337936386688,0.005093995203731631,0.006791993604975517,0.015283531090793353,0.005198061139581104,0.0106230210872297,0.005254959643869286,0.218271677966498,0.03235847760345196,0.002389420388716439,0.0028818795871951857,0.0027490599267906996,0.0023305293218219385,0.0032502259174494864
ENDOSCOPIC,MobileNetV3,ISOTONIC,0.9277939698492462,0.9276202947291214,0.9896322269779756,0.021856257117780532,0.0066323642960982535,0.01981696657370736,0.11015511209175903,0.8531265172109881,0.2782261610031128,0.935883891582489,0.1578158676624298,0.8982279539108277,0.490258549451828,0.7350795865058899,0.9515341639518737,0.012966817753045257,0.01022196600804601,0.03844011142061281,0.019122257053291535,0.008283867824326132,0.008295818431635377,0.0020323055449543975,0.0070600652865511265,0.004088556183838063,0.003851390965141299,0.011567611628612123,0.015423482171482804,0.051204978418103245,0.0049176850947630114,0.01136377836570117,0.009007575102242418,0.2002637560191773,0.011460057775260202,0.0031606090261096565,0.003015099864785455,0.0025332308986064558,0.006722851468605666,0.0039027898426296967
ENDOSCOPIC,MobileNetV3,MC_DROPOUT,0.9267663316582915,0.926543146841917,0.9913033252040011,0.06531658082229451,0.04358718665862489,0.03874491329128646,0.12108196949980321,0.8385573740002625,0.2388805478811264,0.8623623013496399,0.39027360677719114,0.8373865008354187,0.5232665618260701,0.6130014181137085,0.8820796251296997,0.01166323356700424,0.00883728282303735,0.03732590529247911,0.020062695924764888,0.008904802737435108,0.008821277886175203,0.0011809168442456013,0.013884545912663613,0.012703465108048666,0.006483041997301489,0.011824273624970334,0.01576569816662711,0.023938814853840452,0.020074214911347428,0.057981886258403365,0.020076874678331212,0.19906087906207315,0.022665057839101253,0.017865223293113467,0.0012440623073544726,0.0007464026167181508,0.005248313003180159,0.0037421117198474362
ENDOSCOPIC,MobileNetV3,TAU_0.60,0.9420741206030151,0.9420005096575842,0.9927134824988141,0.022024419112470557,0.00829390962614707,0.017485183909434602,0.09244732081765906,0.8767369055764547,0.17678324147029745,0.9252781593848907,0.21642698996481663,0.8971912838435735,0.564328225672327,0.7159106362122165,0.9382534144778717,0.009405836550894938,0.00764755848133727,0.028969359331476326,0.014106583072100314,0.005504117457722853,0.005472639778646845,0.0008794977062498644,0.0076406537731822126,0.004551360102319973,0.001844077640978031,0.004913168804605128,0.006550891739473485,0.010056581811508657,0.010128967320028406,0.031546914012046526,0.00967733667055484,0.11893767757328391,0.032411205214056785,0.008541058897999646,0.0015866436981962209,0.0014298874663213517,0.0015256895752233039,0.002932333375214687
ENDOSCOPIC,MobileNetV3,TAU_0.70,0.941321608040201,0.941236686889687,0.9925797896446742,0.02137808016237661,0.0074236765487903835,0.016851848649844757,0.09313099393129713,0.8758253414249373,0.1777983176971297,0.9263457349077819,0.213621235807872,0.8976307211054315,0.5655510455220722,0.7188506005687147,0.9394118209798143,0.009558507506375043,0.0077522748298460035,0.0298050139275766,0.015047021943573668,0.005990639175169713,0.005976823490614184,0.0008709617324459937,0.006758686912507985,0.004107039651644432,0.0019298907028069809,0.004841884433306937,0.006455845911075915,0.009540164884042902,0.009473266695707071,0.029816713107492204,0.009323284038440422,0.11925752837201577,0.0351222279791734,0.007513334443139849,0.0016110637259172938,0.001499821001813624,0.002112221572159207,0.0023770769417089496
ENDOSCOPIC,MobileNetV3,TAU_0.80,0.940819095477387,0.9407260208214753,0.9925483959473305,0.020693732509411963,0.007108710913836256,0.01672303994552755,0.09345343498495488,0.8753954200200604,0.17786994925901595,0.9269159026937647,0.2107436989453042,0.898107678422629,0.5655510455220722,0.7188630882546331,0.9401871920608841,0.009581555653846541,0.007739237244284919,0.029526462395543174,0.015047021943573668,0.0069668189521084195,0.006961623510928007,0.0009173547693213101,0.006061497939594994,0.0035224818967183936,0.002311511995026936,0.005049660954075667,0.006732881272100868,0.009778090667496877,0.009218361306610693,0.028035617671562332,0.009106746540182242,0.11925752837201577,0.03897240395300681,0.006871424341483276,0.0016487941288041814,0.0015565427053723163,0.0020657934504444754,0.0023770769417089496
ENDOSCOPIC,MobileNetV3,TAU_0.85,0.9403178391959799,0.9402292210094793,0.9925781244007095,0.02037527881582795,0.006943316166604688,0.016692960253559836,0.09359855972841546,0.8752019203621128,0.1777277112495562,0.9270581720931691,0.20956303359570758,0.8982460697299286,0.5655510455220722,0.7172251257570628,0.9405875636933085,0.009514072669579007,0.007637326479341247,0.029247910863509752,0.015047021943573668,0.007524531282893782,0.00752611695950231,0.0009031388482744488,0.005859207090329401,0.0034794531163123057,0.002249352864315753,0.005077421848834807,0.006769895798446387,0.009670687725467121,0.009022801015335147,0.027220051727444773,0.008970970450894839,0.11925752837201577,0.04003951933071995,0.006511136529132608,0.0016221870601631297,0.001560427244872961,0.0022021432173874515,0.0023770769417089496
ENDOSCOPIC,MobileNetV3,TAU_0.90,0.9400665829145728,0.9399745974676612,0.9923575866235215,0.02004650462805756,0.006936694818798453,0.016926317624011082,0.09419475561961996,0.8744069925071735,0.17912346638382193,0.9267910702403757,0.20910180397909897,0.8978780626979695,0.5655510455220722,0.7172449283753082,0.9403656775326594,0.00990522580337767,0.008011602585256574,0.029526462395543174,0.014733542319749215,0.007723416659817025,0.00773188287283259,0.0008204158464996773,0.00564959432856972,0.003128652530142769,0.002398036168571092,0.005402780037655011,0.007203706716873341,0.010323057915760402,0.009048047954197629,0.026574301968375878,0.009118676712486094,0.11925752837201577,0.03948255624190587,0.006665827366183938,0.001567886910620301,0.0013749547622789711,0.002491440643453806,0.0023770769417089496
ENDOSCOPIC,MobileNetV3,TAU_0.95,0.9400665829145728,0.9399745974676612,0.9923057499573738,0.019717102455681944,0.006826771435802506,0.016848718082170026,0.0943566010601546,0.8741911985864608,0.17981799420882913,0.9264867940450132,0.2088626009917544,0.897598871119197,0.5655510455220722,0.7168594412202631,0.9400617509473331,0.009892899850636233,0.007999276632515134,0.029526462395543174,0.014733542319749215,0.007723416659817025,0.00773188287283259,0.0008135417623018216,0.005245444479159302,0.003166587384876833,0.0020596838137422126,0.005475884412785767,0.007301179217047663,0.010526385275979325,0.009152089463122607,0.026319941792143624,0.009240271645068689,0.11925752837201577,0.038561268659592106,0.006896370059278905,0.0014906723059598887,0.001367291150171487,0.002491440643453806,0.0023770769417089496
ENDOSCOPIC,MobileNetV3,TEMP_SCALE,0.9257701005025126,0.9255473953299361,0.9914324068016253,0.01754471931541176,0.004118119969681255,0.01934546113439035,0.11037337537095253,0.8528354995053968,0.20320047736167907,0.9289501667022705,0.1929035484790802,0.8923490524291993,0.5467852592468262,0.7142833232879638,0.9461320877075196,0.011380402824475817,0.008484941572787615,0.03899721448467967,0.019122257053291535,0.007818099461742991,0.007767280578345614,0.001165594094949921,0.0034599495918880407,0.002525999217587875,0.002011099329316311,0.01110317803959303,0.014804237386123992,0.017550509362745447,0.004700307158253637,0.013035468979753422,0.008467029436877589,0.12662934496938955,0.009609350787044106,0.003155486454132559,0.0013521168715011126,0.0008552249829156253,0.006751643255454498,0.0059064086775601175
ENDOSCOPIC,MobileNetV3,VEC_SCALE,0.9275552763819095,0.9273825529824133,0.991538836183194,0.019858219139767826,0.0033246329577669856,0.018430116238080614,0.10865970292632413,0.8551203960982348,0.1993484776611186,0.9344210342314654,0.17819484121618334,0.8969670105674362,0.49093137475821685,0.7307252854352851,0.9503111022609027,0.010974059334090455,0.008208997901717429,0.03593314763231198,0.01786833855799373,0.008444094799856578,0.008484646966786049,0.0012799656342049324,0.0027567598071300816,0.0023542863676776307,0.002852070724552271,0.01091315426188322,0.014550872349177601,0.020337524140677653,0.00374917336552704,0.010798912474111367,0.00817389131471673,0.20247168547100544,0.008398447701009846,0.002534784352882244,0.00182053629524479,0.0012312922932435366,0.0056915924071594855,0.0032502259174494856
ENDOSCOPIC,ViT,ABL_focal,0.9495929648241205,0.9495862878873649,0.9942158292383183,0.036632209839947104,0.021972603098987888,0.022931236172910523,0.08124811904598644,0.8916691746053516,0.16161036240344578,0.9173974666007233,0.2323297062463797,0.8962086394053465,0.47772400021257433,0.6789398603843486,0.9301404953404028,0.006691464895293674,0.0053584797874623715,0.021448467966573816,0.00909090909090909,0.0050711176559709165,0.005107482495396903,0.0005596508371650613,0.010462843020386348,0.01161734820324063,0.004706040926472083,0.0036602056776197725,0.004880274236826336,0.006501439820467423,0.010753503606284737,0.027829981292637026,0.009069179245477909,0.19574283544636245,0.035309810619123916,0.009417108533333874,0.001313868822869357,0.0015115849113674076,0.0015879880572411392,0.0020436371176183856
ENDOSCOPIC,ViT,ABL_no_descriptors,0.9505967336683417,0.9505681529824086,0.9945358023717226,0.019153017463297655,0.006499373212688292,0.015020861941670441,0.075036029293607,0.8999519609418576,0.1451795003703143,0.9365906419596552,0.18405585738625957,0.9142606381796256,0.4630500122643356,0.6931882020181088,0.9492495018863281,0.006596260001419198,0.0053144517041206485,0.01894150417827298,0.008777429467084642,0.005244679602316666,0.005293163761364684,0.000862160395266225,0.0028134503284476062,0.0026853338708865897,0.001362714037771837,0.005410088218921527,0.007213450958562015,0.010081758834109614,0.003756679114651445,0.008997295370454326,0.004402131815949841,0.1064027818598697,0.01775191046418142,0.0035862601374835185,0.0011947155890228098,0.001062650516738124,0.004360021126044158,0.0023770769417089496
ENDOSCOPIC,ViT,ABL_no_gate,0.9558731155778896,0.9558593133128168,0.9948472607213936,0.02826377692339857,0.0132914732931915,0.017615807587029776,0.07182963344786536,0.9042271554028464,0.14105069324430883,0.9329303045907,0.1901404917994408,0.9133739358341735,0.42452034857402604,0.6923740643418167,0.9440515500748887,0.0061907426395838554,0.005164645661630311,0.01587743732590529,0.007836990595611286,0.005152425347708918,0.005190421849133957,0.000698664232054134,0.002010914166896393,0.0019851741220858637,0.0029871053894398557,0.0061162675727549996,0.008155023430340013,0.008953739368026974,0.0028492707198735003,0.005707778590484617,0.004210356978266315,0.19861737487788805,0.027073715537080358,0.002097358410526009,0.0009709971690726036,0.0009845995921126094,0.0032063689229028802,0.002216635677700776
ENDOSCOPIC,ViT,ABL_no_knn,0.9561155778894473,0.9560716078734283,0.9948119449543349,0.02524848250268811,0.010771087480916257,0.01624301924942203,0.07052622359708585,0.9059650352038856,0.13854146562042818,0.9398370730150578,0.176631142532364,0.9186122946011048,0.5116119295622912,0.7141849442624008,0.9502346162693627,0.006287435061771126,0.005271604261523946,0.016991643454038998,0.008463949843260187,0.005426927748203694,0.005460363488939507,0.0006405940259547591,0.0027989103732071734,0.004288174164098276,0.0029747139240782388,0.005060556927439497,0.006747409236585966,0.008390033212102611,0.0011590432417256417,0.005036219694748879,0.0031285000799850947,0.05904913290097167,0.017683615036409802,0.0019984149192345054,0.0011819798320457063,0.001196284046845246,0.0036050638177004975,0.002847320082223346
ENDOSCOPIC,ViT,ABL_no_poly,0.9561155778894472,0.956081873062549,0.9946891874356905,0.022721115492244065,0.009113827021691575,0.016193705937521834,0.07169556585011773,0.9044059121998431,0.14114665115945296,0.9373278296565036,0.18054526403966134,0.916457095017847,0.32565235700177614,0.7072064122732267,0.9478878505241954,0.006404616464876089,0.005394693550526004,0.016713091922005572,0.008150470219435737,0.003895770471774246,0.003920763279700619,0.0005942273731464618,0.003455048217561414,0.003978757310911299,0.0026236947573336044,0.00540252135985891,0.007203361813145202,0.008363412849523046,0.0028862385388464112,0.007062446456028184,0.004165331315643094,0.15390015594734485,0.011740085330699052,0.0023965551790005586,0.0010559719986458836,0.0010269295258480587,0.003266306239431358,0.0025754979193032893
ENDOSCOPIC,ViT,ABL_no_rbf,0.9468366834170855,0.9468597085974049,0.9941687420153628,0.025295319446792634,0.009868589761071926,0.01794302972779706,0.08041780483762778,0.8927762602164965,0.15466445792623235,0.9302979095311004,0.2014574448661231,0.9068302936790641,0.4993335675259905,0.6891576271358654,0.9438596568837976,0.006924076784108388,0.0054361277758140725,0.019498607242339837,0.007523510971786833,0.00647965209690587,0.006485732431666344,0.0010236695970598751,0.008061863304498667,0.007461570810971166,0.0025730656219224756,0.005991296106027715,0.007988394808036968,0.009760930282246996,0.004804928697116812,0.013778526285447911,0.003718376574217772,0.14422700602128716,0.017084608858155766,0.005915852860200933,0.001400385636681654,0.0013274457699137805,0.0027855153203342614,0.00301495047988579
ENDOSCOPIC,ViT,APEX,0.9558643216080401,0.9558291891524788,0.994773395255713,0.024003145772962954,0.009978263037041664,0.016569329590418555,0.07136011033614763,0.9048531862184699,0.14017904356863542,0.937731832591694,0.18072763287247712,0.9168104123115434,0.3861648399700476,0.7086461049906013,0.9483683149057412,0.006298684560841175,0.0052696428776350945,0.016713091922005572,0.008150470219435737,0.005806816148717471,0.005834197063816688,0.0006131069381758081,0.0034704498844053597,0.0041033504418852415,0.0025928420601615504,0.005289564040186961,0.007052752053582574,0.00840300747698438,0.0022778389106888754,0.006421604979247615,0.003825783183790943,0.1724047411238075,0.018402307141013003,0.002067707863607297,0.001086078709760692,0.0010823642181775712,0.003266306239431358,0.002324827111942214
ENDOSCOPIC,ViT,BASE,0.941854271356784,0.9419417739681991,0.9937458368637848,0.02491950763198068,0.011388252837572404,0.019941611735314772,0.08787621984058012,0.8828317068792266,0.16532116532325744,0.9246683597564698,0.20888763666152954,0.899763000011444,0.416924649477005,0.6830567717552185,0.9396326065063476,0.007941465457842311,0.006154301885249415,0.025348189415041782,0.010031347962382446,0.007955767652443952,0.008009482269743292,0.0007489294061386266,0.01013706819604876,0.007950672941680888,0.0033494022694568735,0.0041749757804242825,0.005566634373899049,0.008493302344133927,0.008104879061792908,0.02442748845824575,0.006304359817558159,0.03597801416300345,0.020582065184856935,0.009084578065577607,0.0007940862941051868,0.0009569607300267026,0.002065793450444474,0.0032502259174494864
ENDOSCOPIC,ViT,DIRICHLET,0.9466017587939698,0.9465523140667204,0.9937861578075917,0.01686908516071196,0.004007643658930978,0.014454084694026145,0.08253600239221989,0.8899519968103735,0.15843338072299956,0.9498917102813721,0.13531567007303238,0.9213014841079712,0.4324710879060957,0.7486461400985718,0.9613542079925537,0.007359874514990079,0.005855030996532959,0.023119777158774373,0.010658307210031349,0.006995118821801921,0.006937671439461566,0.0011388984311581844,0.002547345664708103,0.001166664224796328,0.0019310290122431556,0.006002319136682968,0.008003092182243928,0.015945657115757527,0.008028563118530046,0.02027284636288383,0.007006373133020211,0.08340175825542781,0.030595378382203466,0.008405522330338614,0.0011364555736027148,0.0013660235615176018,0.003354204618047993,0.003398038148695736
ENDOSCOPIC,ViT,FAIR_equal_blend,0.9470804020100502,0.9470620837519774,0.9931732567120054,0.04372142490318406,0.02755388636022747,0.026216605370477764,0.08992929360830723,0.8800942751889238,0.17813555194433323,0.9075034689294107,0.2462149025920739,0.8857352896362467,0.42993841958872653,0.672087855156755,0.9206647429796986,0.008284531985879372,0.006820405123365543,0.023676880222841222,0.012539184952978058,0.004238300907761626,0.004222129922617018,0.0010341371705004261,0.003750069608391256,0.003451857296644809,0.0010473194876788514,0.004175232778070694,0.0055669770374275895,0.00963755506226671,0.0021590808482110065,0.004828523584703737,0.0024709149203677827,0.12013290308007951,0.01701564198505206,0.0018193739264957473,0.0022945645051610573,0.0022248128364781763,0.0038142239380582594,0.006269592476489029
ENDOSCOPIC,ViT,FAIR_knn,0.8901080402010051,0.8900066001789468,0.9756344338841796,0.045536489760190306,0.025630976711426473,0.03412012217015497,0.17364456363066233,0.7684739151591172,0.8719296553070967,0.8729535770287228,0.2615848875327294,0.8277087699548573,0.4622959594304641,0.6749832092401379,0.8976548913166764,0.03029949139609599,0.023910185269725763,0.07298050139275766,0.05141065830721003,0.01183081329265135,0.011844440841132734,0.0017765715261028757,0.004924072469398285,0.0037356545412964713,0.0019260910296549198,0.0035395659026297953,0.004719421203506383,0.05518090557461402,0.005304006960140801,0.009597398751785053,0.004214043239239328,0.21737932076735697,0.027794547083008075,0.00651511709395654,0.002879242846752967,0.0031920839360077427,0.004784279676133053,0.004754153883417901
ENDOSCOPIC,ViT,FAIR_poly_svm,0.9440854271356784,0.944087733914591,0.9926224142912933,0.020518180986156303,0.006840852820657215,0.016209829172579533,0.0859126085374351,0.8854498552834199,0.17590734915346884,0.9340521782309101,0.18573577932335278,0.9078039230991731,0.31510715369974285,0.7007240813732386,0.9478701498261902,0.01003250874854613,0.008393882507272646,0.02479108635097493,0.012852664576802508,0.005329849934163146,0.005352804712474098,0.0012211311899038694,0.0037144323114958553,0.0032532077776305517,0.0016734969990819658,0.005747408638484094,0.007663211517978763,0.016508404882115073,0.002120816652266015,0.003573955606584988,0.0032094243766661516,0.07216153864428733,0.01667486478005316,0.0024585415626700987,0.0027233882292268725,0.0026746607996513895,0.0024914406434538043,0.0040571094374748555
ENDOSCOPIC,ViT,FAIR_rbf_svm,0.953359296482412,0.9533087695637892,0.9942013034832342,0.018416587892044145,0.006855266517529511,0.014649192441434731,0.07217239929178129,0.9037701342776252,0.1451921502630872,0.9435818739154707,0.15749562672121123,0.9216931758547073,0.24830551703537185,0.7070238159961193,0.9551872243411397,0.007327584300871798,0.006184211386438203,0.016434540389972142,0.009717868338557993,0.004998876164702162,0.005032320484836404,0.000631014881149575,0.003966739200992226,0.0031867279260886744,0.0017754980729989924,0.0050589589713896385,0.006745278628519518,0.009040564018064374,0.0005604629427563789,0.002736977402995844,0.0023250846814828995,0.13235691293857266,0.01919589127605208,0.0014124966876656105,0.001521687401898322,0.001619949121182562,0.003019426655804847,0.004057109437474854
ENDOSCOPIC,ViT,ISOTONIC,0.943359296482412,0.9433469376466826,0.9921380205300346,0.019634530515897853,0.005499203019710192,0.01452183958240535,0.08480921932160475,0.8869210409045272,0.22240356206893921,0.950989818572998,0.11855952590703964,0.922230339050293,0.2864326437314351,0.7372758269309998,0.9638475775718689,0.009931648430060402,0.008239763335121313,0.025348189415041782,0.010658307210031349,0.007055560079712573,0.007109545702035579,0.0010442097786975684,0.0024302274084237077,0.0022811424342546625,0.0018860944496605033,0.007954383542479413,0.010605844723305871,0.036171681896833625,0.006931513600061622,0.014079197230860884,0.006117727737384656,0.11285759524521462,0.03980096919107264,0.005528515028004715,0.003214827954062304,0.003481060642187676,0.0024914406434538043,0.004057109437474854
ENDOSCOPIC,ViT,MC_DROPOUT,0.9413505025125628,0.9414126535209852,0.9936812554833114,0.031050620819990514,0.015878075136827218,0.023115178892554662,0.08988383713929035,0.8801548838142796,0.17094706296920775,0.9149743676185608,0.23458150029182434,0.8916666984558106,0.40057733103081034,0.664663302898407,0.9306180357933045,0.008043196193741775,0.006221929689611551,0.025626740947075205,0.009717868338557993,0.008475109153188286,0.008534434899909144,0.0007709124192488427,0.009978664253731067,0.008506333689125884,0.004064609334732039,0.004322111014475906,0.005762814685967871,0.00803729034134877,0.007599334576227436,0.023064818748282805,0.00608082605838907,0.14824465822578364,0.018043238146246816,0.008668442960112021,0.0007593603815822859,0.0009246186178737613,0.0025300699337862044,0.003398038148695737
ENDOSCOPIC,ViT,TAU_0.60,0.9563731155778894,0.9563540788762757,0.9948568467192889,0.023559988184179988,0.010324009829506655,0.017062984280718608,0.0710130068362755,0.9053159908849662,0.13984234825172956,0.9358463157958742,0.18582267155301385,0.9153411970652157,0.3420452368375668,0.7062942474362158,0.9463302268173702,0.006190891430138878,0.0051866114569576,0.01587743732590529,0.007836990595611286,0.005379218529567203,0.005414842824516896,0.0006443935221333232,0.0026605388770128947,0.0030820906036167473,0.0023481701175011903,0.005182926561476,0.006910568748634657,0.007651530438818551,0.002285272142293299,0.006512840193104205,0.003965045454519728,0.13053116017219893,0.018671517863582152,0.0015373239245713907,0.0008833105474536514,0.0008744310298533361,0.002714984497161272,0.002478274028345125
ENDOSCOPIC,ViT,TAU_0.70,0.9566218592964825,0.9566091884292938,0.9947642231199156,0.024111752290052697,0.010721562906955064,0.016819946593190145,0.07112546692973608,0.9051660440936853,0.14020687958854836,0.9373956855247899,0.18364449883887615,0.9161134752263388,0.3412696431940031,0.7181011791717139,0.9473935229686887,0.0062964621687768675,0.005300790506701491,0.016434540389972142,0.007836990595611286,0.005955725280736707,0.0059773313338753065,0.0005915801744620121,0.001969025272032194,0.004409063536811285,0.0032052301020730535,0.005087154530174649,0.006782872706899537,0.007420364656282763,0.001612223993267857,0.006278506873992546,0.003712999455806675,0.13140511271234856,0.026400008551700226,0.0015128834991969334,0.0010152018981691604,0.0010801823759236198,0.003019426655804847,0.002478274028345125
ENDOSCOPIC,ViT,TAU_0.80,0.9563680904522615,0.9563391275568923,0.9948052727835357,0.02509992514560938,0.01174757536642473,0.016808734802103497,0.07087257206824957,0.9055032372423341,0.13946107149340414,0.9380552241393311,0.18126749500227965,0.9169735600813398,0.34906776649651244,0.7132766759997381,0.9483837395900568,0.006235619622766654,0.005228716980465778,0.016434540389972142,0.007836990595611286,0.005943008461587974,0.005968861482752943,0.0005685812678041069,0.0014352579177014377,0.0032359077278376,0.002194806234150404,0.004896907271148419,0.006529209694864563,0.007227949299794113,0.0019064205859264335,0.006031543653225798,0.0035015703308913355,0.1326323378306565,0.02236986900152388,0.001917228457130786,0.0010726123056655594,0.0011220945360154923,0.0034679386066820985,0.002478274028345125
ENDOSCOPIC,ViT,TAU_0.85,0.9558643216080401,0.9558291891524788,0.994773395255713,0.024003145772962954,0.009978263037041664,0.016569329590418555,0.07136011033614763,0.9048531862184699,0.14017904356863542,0.937731832591694,0.18072763287247712,0.9168104123115434,0.3861648399700476,0.7086461049906013,0.9483683149057412,0.006298684560841175,0.0052696428776350945,0.016713091922005572,0.008150470219435737,0.005806816148717471,0.005834197063816688,0.0006131069381758081,0.0034704498844053597,0.0041033504418852415,0.0025928420601615504,0.005289564040186961,0.007052752053582574,0.00840300747698438,0.0022778389106888754,0.006421604979247615,0.003825783183790943,0.1724047411238075,0.018402307141013003,0.002067707863607297,0.001086078709760692,0.0010823642181775712,0.003266306239431358,0.002324827111942214
ENDOSCOPIC,ViT,TAU_0.90,0.9548618090452262,0.9548323424085815,0.9947445351081907,0.022827539943498107,0.009184905245560666,0.016724984652453406,0.07190661436987363,0.904124514173502,0.14076050181364577,0.9370619299524741,0.18071819223313718,0.9163839722328332,0.3861648399700476,0.7008271446876754,0.9483295598565334,0.006345101083105242,0.005264191272880823,0.016991643454038998,0.008463949843260187,0.0068387721102483425,0.006847306354821988,0.0006499842842708042,0.003384168047800799,0.004101186793498843,0.002958883005569355,0.005790583604192556,0.007720778138923381,0.009270986117881994,0.0028280222903182377,0.006616532092147463,0.004172653581664643,0.1724047411238075,0.023925268410352626,0.0020064110524509247,0.0011962538995465356,0.0011179905956421252,0.003605063817700497,0.00237707694170895
ENDOSCOPIC,ViT,TAU_0.95,0.954610552763819,0.9545814938071354,0.9946586830347177,0.0231499035048621,0.009998488558555996,0.01690891455957962,0.07282342029779112,0.9029021062696119,0.14257083180056904,0.9352219999194575,0.18354858100437435,0.914759104316814,0.38496697360147636,0.697282878364321,0.9466315188164511,0.006431392541296521,0.00534057697756982,0.01754874651810585,0.008463949843260187,0.006508575917353838,0.006513326867743768,0.0006221671325169495,0.0024357954737059297,0.0024407734173562323,0.0026024707192941333,0.005621171176437094,0.00749489490191612,0.008773516085184882,0.003948319257247964,0.009083849459465951,0.004958895310489861,0.17314882525949446,0.02457883293520741,0.002301337585098779,0.001142120179508596,0.0010914989446611516,0.0032063689229028802,0.0030554214247050042
ENDOSCOPIC,ViT,TEMP_SCALE,0.941854271356784,0.9419417739681991,0.993762989926321,0.017882559495163458,0.004711703772540781,0.01705988459967434,0.08670689214680745,0.8843908104709236,0.16192726492881776,0.9453980088233948,0.14627315402030944,0.9162266373634338,0.43589073419570923,0.7278283953666687,0.9588659048080445,0.007889892899092022,0.006102729326499125,0.024512534818941504,0.009717868338557993,0.007955767652443952,0.008009482269743292,0.0007337026803042621,0.0030308250580398056,0.0016429615060148868,0.0013151415882641663,0.005609316807719812,0.007479089076959746,0.01050547660611224,0.005244888201823251,0.01446171145590008,0.00287411774796065,0.07223604915149734,0.01485314682418158,0.006785931535487729,0.0007414393476463768,0.000901379472583645,0.0015879880572411392,0.003398038148695737
ENDOSCOPIC,ViT,VEC_SCALE,0.946856783919598,0.9467844655228375,0.9937366783709447,0.01774438803930517,0.004310132902984959,0.014594049732138303,0.08272040790397353,0.8897061227947022,0.16203652223072945,0.9505688998277053,0.1312183024994707,0.9220505985417573,0.3977106788082442,0.7494293367798236,0.9618916097005149,0.007497061391584061,0.006008094556159384,0.0233983286908078,0.009404388714733543,0.006635102610974804,0.006646859070497021,0.0006710825094523455,0.0020371371286766913,0.0017655926267471159,0.001999616968500593,0.006703435847902356,0.008937914463869788,0.012979006983706588,0.008296054920448466,0.02152009381988471,0.00770438468368104,0.14853616546298368,0.02314396578129965,0.0076304209598678915,0.0009222039192812548,0.0005698355260153142,0.0022885343628349557,0.0019196628078238073
RETINAL,ConvNeXt,ABL_focal,0.874237873994409,0.8767463865175303,0.9765294105375805,0.08127458426499545,0.053186506615959986,0.04710365366051462,0.20185609336383914,0.7308585421815481,0.3855578407161592,0.797236669566416,0.5474579822606789,0.7511060539146814,0.38236784530983947,0.6225906592818109,0.8218538971863959,0.035314524627381515,0.02715884208422458,0.08981554438438627,0.06723578572816839,0.015658186022051712,0.01514152222209618,0.0030432167625052313,0.01063582604350589,0.011946605993530014,0.003921011772354905,0.017102601422167716,0.02280346856289026,0.025966730073673127,0.00853166010385509,0.01359360020982762,0.012229584434931771,0.17450250152236185,0.005511472093430848,0.007639168168619002,0.006089685366764107,0.0042545117532196,0.014238391374686977,0.013237006496063382
RETINAL,ConvNeXt,ABL_no_descriptors,0.8725797657476567,0.8740778401418627,0.9768410249951849,0.045324414677582844,0.019791198929056925,0.03160459096719958,0.1903289665387588,0.7462280446149887,0.3568690631834027,0.8397844751333633,0.44663492495379914,0.7854779882350834,0.3800781424475446,0.6676389764902725,0.8647978240897146,0.03496932173881616,0.026437179687736918,0.087850040184692,0.0650270854824804,0.017819682110659214,0.017883243898529962,0.0026762410087089843,0.011876911349070396,0.009114024462606632,0.0034879290877766994,0.01784582830423181,0.023794437738975736,0.027189726820626824,0.01307551079506975,0.029124613055961212,0.016751279578872916,0.15711331776350426,0.01502178839497233,0.011450682944187544,0.005350039599509954,0.003130665699265619,0.013396245343027866,0.012897462444085881
RETINAL,ConvNeXt,ABL_no_gate,0.8758730681539234,0.8774535316999913,0.9769943134646756,0.045060551004630196,0.019489470411363063,0.03211743687712528,0.18890305612223743,0.7481292585036838,0.3575281776732168,0.8364903225380989,0.45831141162200967,0.7835652408031148,0.3173512557122934,0.6653603145600415,0.8605857074336629,0.03432249362119616,0.026279908301243087,0.08700891942575287,0.06250242947059967,0.016166661172204253,0.016635527390232316,0.002930250201802307,0.011947131993386999,0.0105879135564801,0.002885603862916049,0.015950357936038224,0.021267143914717613,0.026056593133923462,0.016710969144358427,0.03812617858170518,0.0175960100608448,0.19024035694979327,0.020691390065616613,0.016053351336095173,0.005367935787029115,0.003564777774709929,0.013598122470593367,0.008847847512330606
RETINAL,ConvNeXt,ABL_no_knn,0.8760574516135353,0.8775188915658927,0.9756061244731722,0.03595993001173805,0.01324506827565607,0.026316535633275007,0.19084429371810946,0.7455409417091876,0.35963862589763373,0.850360677899636,0.42542248392431536,0.792661674488176,0.3145917398664477,0.6887055776195522,0.873264508137153,0.03608010396799242,0.02800211855017672,0.0912180689285658,0.0650270854824804,0.01877035908161709,0.019072054853686814,0.002894098732903335,0.0058253885808075435,0.005152755285778254,0.0021914357271050652,0.01618303812036794,0.021577384160490595,0.026085978173087495,0.010622647061427888,0.02547075612648496,0.01407020136876304,0.14617317212737693,0.02329596620251232,0.009818001188735829,0.0046380005365330625,0.0025392256943633576,0.01311499571064308,0.007025196308572577
RETINAL,ConvNeXt,ABL_no_poly,0.8743410820268347,0.875967159061646,0.9768064774958758,0.037901638246139,0.01414993469747251,0.030887064306457268,0.18879138199671722,0.7482781573377106,0.35520193077888673,0.8457102700779453,0.43047905726279634,0.7904773841711635,0.29194092717200987,0.6742717444847419,0.870142728715761,0.03430248418473498,0.026064347023654205,0.08701049529602722,0.06376376077065299,0.01603161441540291,0.01617500949870196,0.0027333022293506266,0.008414035705002675,0.007839895417182914,0.0041659992781004265,0.01594676271532093,0.02126235028709454,0.024691525783300028,0.011631311804879309,0.024893089475014913,0.014136858428685726,0.11845592954833004,0.016026152405219183,0.010515316879601118,0.004873574884268153,0.0031424956187168667,0.0157279838127227,0.007206832194251688
RETINAL,ConvNeXt,ABL_no_rbf,0.8492021565897312,0.8526926254277656,0.9711527478002641,0.08154004360248758,0.050240230288848886,0.05024844318523293,0.22948697446082877,0.694017367385562,0.4311965663083008,0.776640245248735,0.5838447481470646,0.72619870538404,0.35856954942025343,0.5955735140283345,0.8082005761621058,0.04359467583583387,0.0317800125381604,0.10917865641300409,0.08364804321716726,0.02579579847894485,0.024977561910116842,0.003608847309692314,0.02051455934382084,0.02004769938145733,0.00467641822794651,0.01615915348030956,0.021545537973746063,0.023444858821078354,0.002280782968395926,0.006534213478674382,0.00835277194207291,0.19376586186174544,0.013301701035512674,0.005739542411496521,0.00735813838907288,0.003634911750967185,0.01632642806791362,0.01513521625460803
RETINAL,ConvNeXt,APEX,0.8744015552269332,0.8760430899507258,0.9766919734280304,0.03981710595300173,0.015796522072110214,0.03135928045054145,0.18951779053694207,0.7473096126174109,0.3566787119223159,0.8433037849611352,0.4398676307923169,0.7882603700701005,0.3612663370894185,0.6724746255486136,0.867642901080675,0.034545558718532834,0.026307421557452054,0.08729021226972596,0.06471112971628766,0.016079473951777685,0.016317622517443273,0.002903311724742655,0.007717298907083614,0.007501738180484712,0.004002866627956796,0.01615978118896409,0.021546374918618737,0.02571811589232662,0.012569015872435455,0.028516156310191925,0.014968275155597205,0.15221552003877803,0.016202160132652126,0.011359331469062503,0.005064097800652385,0.0032706945614572975,0.013905993734091767,0.007582789267748729
RETINAL,ConvNeXt,BASE,0.8441648259738701,0.8461853388809365,0.96763107142472,0.07460727859826793,0.04165231297049277,0.05278775994150943,0.24042136514220921,0.6794381798103882,0.4553859293460846,0.7784729599952698,0.5793980240821839,0.7229029655456543,0.3712922692298889,0.6119063138961792,0.8082944393157959,0.054915733206011265,0.04252019596745225,0.12125139858486848,0.09060206019106852,0.01047902941235879,0.010793714111266525,0.004159801300752248,0.016844842258062383,0.0196355803934394,0.004610520717424227,0.013056094027591406,0.017408125370121843,0.02094482665248257,0.01449345876616574,0.030915938638464587,0.009040213399430726,0.19019125568356632,0.030816514811872812,0.013234376625520744,0.008768889056588522,0.0072986185116479104,0.013356399973448767,0.015269999517847948
RETINAL,ConvNeXt,DIRICHLET,0.8536606253348002,0.8544727171314651,0.968542273261454,0.030605881481790293,0.009583280173327016,0.027037637025296817,0.21583875083509918,0.712214998886535,0.4097339928150177,0.8617055416107178,0.3632218182086945,0.7921186566352845,0.3330961358547211,0.6960310935974121,0.8897538542747497,0.04704950268661904,0.03574127539873186,0.11030697952944513,0.08176277403182483,0.011788206162799773,0.012209597972152821,0.004318139288376103,0.004734201543965656,0.0030114956342680104,0.003256771013906214,0.021249435084374706,0.028332580112499537,0.03277583631455225,0.01712158091711956,0.04240949417557566,0.018645231215635858,0.21558007888659336,0.03012178118204371,0.01620209920574636,0.008953217109139966,0.00738417278822853,0.014193994253396854,0.018304242209044825
RETINAL,ConvNeXt,FAIR_equal_blend,0.8650291964403453,0.8671593920353111,0.9734125773583078,0.08145915093527188,0.052046078956755615,0.0472654971315325,0.21376218884247583,0.7149837482100325,0.40717354740992484,0.7867898553274302,0.5632040540167915,0.7394716672407007,0.307540058640824,0.6113216893553286,0.8137776967232607,0.039114413366930716,0.029600552401766123,0.09851631813669098,0.07133623374746463,0.01758464594760935,0.01740988226083446,0.0038945888094463746,0.010708926898290682,0.012060485050923832,0.002407950430824634,0.01598383256537451,0.021311776753832685,0.026499532517718992,0.005766142425165385,0.010221510143073265,0.01055337009567718,0.21483451967704537,0.00991706908294816,0.0029011625287022587,0.007345725517567577,0.004964193313420685,0.01739986080774555,0.012028106461608856
RETINAL,ConvNeXt,FAIR_knn,0.7945037196912508,0.7977580395861037,0.9459208352218772,0.08684401943147282,0.055818730820846416,0.05986212162004769,0.3013436482343067,0.598208469020925,1.7348332620540823,0.7792171798865285,0.45678674581657974,0.7037236899614776,0.2846715427890253,0.6225526496615077,0.8186494232661822,0.07464762366128422,0.05262122850458757,0.167564256110437,0.12311111775581703,0.024248482702516134,0.024103993167593558,0.008623278719774082,0.008230415700764255,0.007872171056440136,0.003025304234455479,0.022651768463185305,0.030202357950913725,0.25957465617409736,0.008442560347530038,0.014714922794403625,0.014970281668533508,0.05390187415720034,0.01204419769794488,0.008075515040969367,0.01513969051442365,0.010387195118170144,0.01825686754214363,0.013951479594341032
RETINAL,ConvNeXt,FAIR_poly_svm,0.8271509719953285,0.829358177934464,0.9539068334826961,0.07466969169850697,0.03935618799981712,0.045014833117568084,0.2683642395863597,0.6421810138848543,0.583439487153057,0.7765151748281018,0.5737871635200402,0.711076911610981,0.3347839022102931,0.612697493470713,0.8105120207501072,0.07522947897247596,0.059383286949941015,0.13977023811399844,0.1133184824156164,0.010390433870072524,0.010238491547238394,0.003200212022054199,0.006871977653638292,0.006634730619022495,0.0042652182702079475,0.013375170862524951,0.01783356115003328,0.024736453407591227,0.007690722357780723,0.01334089854090376,0.01006316607108584,0.1978026400913684,0.015049085435197984,0.005540425429177655,0.005681492274637588,0.0047953543486784255,0.01020388089698621,0.011855798118310158
RETINAL,ConvNeXt,FAIR_rbf_svm,0.8711933673857214,0.8724303125825351,0.9742802079485686,0.03216871993217449,0.009527934420515364,0.02554838275340839,0.19322942312565167,0.7423607691657981,0.36496695749412084,0.8649113924645784,0.3704675784669115,0.8036144001496414,0.27779330815007347,0.6989959171954732,0.8894450790612487,0.0382769941684988,0.029532978368150987,0.09177829081110042,0.06692082666786271,0.02000389510042778,0.020171307902567628,0.003452852082554606,0.005527333065368727,0.004260476992405265,0.0011875897040522915,0.017331318951975018,0.023108425269300004,0.028965712999150454,0.005410138074316068,0.00908135632160155,0.011074779489050168,0.10961867279649093,0.018933635524997546,0.004802613309778857,0.006291314218580933,0.0037634137342572433,0.013494942316011692,0.007385830085768821
RETINAL,ConvNeXt,ISOTONIC,0.8547511764037298,0.8559593149762419,0.9670058537083754,0.03895258765448402,0.015633845200989198,0.029906748978312515,0.21521422375612448,0.7130477016585012,0.4914874494075775,0.8719915509223938,0.33643922209739685,0.7990379810333252,0.36554967761039736,0.7164239048957824,0.8981259822845459,0.049756644167543454,0.038727964152072976,0.105813779409679,0.07954958860964512,0.014660611124566372,0.015365825784209662,0.0035989540324689487,0.007064584369733115,0.005358625061192453,0.003544219407019066,0.014811734676080716,0.019748979568107568,0.038580238729144734,0.014028540192831288,0.0423211833341243,0.014496096073797106,0.028900818223541878,0.02444863746620471,0.012202424303146333,0.007736036616559259,0.006660442707663103,0.013231932316973276,0.009291687058433928
RETINAL,ConvNeXt,MC_DROPOUT,0.844421461516481,0.8465368995736172,0.9679726654714671,0.0836683760248031,0.05013687116907038,0.05508245116774556,0.24341562688951499,0.6754458308139804,0.4607429325580597,0.7677127480506897,0.6044100165367127,0.7143382430076599,0.3631325998226134,0.6028225302696228,0.797128689289093,0.05451768072383919,0.04221309021219679,0.12209448918165058,0.09249480467056378,0.00970649446820067,0.009927905133087653,0.0037103939368589105,0.016956862911801335,0.01771632030349215,0.004864865801025884,0.012252711853642732,0.016336949138190265,0.018787082366695924,0.013730513199001308,0.02855676935387452,0.008832317338028181,0.18073618188877222,0.027646117271922732,0.0130086697090334,0.008067221687667363,0.006684683950624271,0.013386231225311868,0.015382742373360202
RETINAL,ConvNeXt,TAU_0.60,0.8761831859258449,0.8778157113332223,0.9765594367042285,0.04450131924903897,0.018545053576751413,0.03153265424773064,0.18922684477368087,0.7476975403017592,0.35770277245482635,0.8414275381819876,0.4473998468756644,0.7865277129368838,0.3538281518997301,0.675241681140356,0.8646884817728034,0.03489287847953443,0.026898827635148597,0.08729021226972596,0.06376525582948356,0.01514883564522666,0.015536727039061081,0.003110120570672846,0.008878667585606964,0.007970305216239057,0.0037781885689336155,0.016380935135296842,0.021841246847062415,0.026639158385933732,0.013952662840858556,0.03278185608773335,0.01623671102780072,0.18322418558916687,0.014220456202329994,0.013641744817493634,0.0055261671231564965,0.003870452823299245,0.0145286041175962,0.008851410232420238
RETINAL,ConvNeXt,TAU_0.70,0.8751487722248491,0.8767969728022459,0.9765901218820133,0.04181771427422355,0.015985528916501988,0.03156811338471814,0.18925102555623247,0.747665299258357,0.3572804199955015,0.8428271363624766,0.4431133722645744,0.787694895157659,0.3554044230717365,0.6745370279412207,0.8666011381286852,0.03488186909860549,0.026753890744683467,0.08700970736089005,0.06408021488978924,0.015338642053903463,0.01562171705071775,0.0030402227818372,0.00819625077369823,0.007000420249955713,0.0035021143421171096,0.016104867503086737,0.021473156670782298,0.026176845707759078,0.013089031420883386,0.03065252083728884,0.015441918951312077,0.15766481788937822,0.014654001290065556,0.012403275027015893,0.0054318204904990125,0.0037622128600481902,0.014380197128771697,0.0073031628988840065
RETINAL,ConvNeXt,TAU_0.80,0.8748736314717,0.8765602326745988,0.9767322716376123,0.04189119724876232,0.017001546689436865,0.03171439029723009,0.18922544138311734,0.7476994114891773,0.35633756141389117,0.8435348442921837,0.4401618840070536,0.7884151848384191,0.3612663370894185,0.6735575195849117,0.8676178824783026,0.0346244876958999,0.02646024711610582,0.08700931339332146,0.06439567230303846,0.015646831095548753,0.01581113804013794,0.0028860443622163016,0.007597191332978943,0.007612123073848673,0.003869291208790745,0.01608048801228157,0.021440650683042062,0.02556401821363673,0.012457825639314168,0.02889554944639246,0.015010497209754595,0.15221552003877803,0.015371891478170488,0.011350060093667845,0.005196984827518978,0.0035012886186254442,0.013420563295501925,0.007197921970527832
RETINAL,ConvNeXt,TAU_0.85,0.8744015552269332,0.8760430899507258,0.9766919734280304,0.03981710595300173,0.015796522072110214,0.03135928045054145,0.18951779053694207,0.7473096126174109,0.3566787119223159,0.8433037849611352,0.4398676307923169,0.7882603700701005,0.3612663370894185,0.6724746255486136,0.867642901080675,0.034545558718532834,0.026307421557452054,0.08729021226972596,0.06471112971628766,0.016079473951777685,0.016317622517443273,0.002903311724742655,0.007717298907083614,0.007501738180484712,0.004002866627956796,0.01615978118896409,0.021546374918618737,0.02571811589232662,0.012569015872435455,0.028516156310191925,0.014968275155597205,0.15221552003877803,0.016202160132652126,0.011359331469062503,0.005064097800652385,0.0032706945614572975,0.013905993734091767,0.007582789267748729
RETINAL,ConvNeXt,TAU_0.90,0.8749060537782472,0.8765592195053304,0.9765699735437362,0.04008839168207322,0.0159948492208528,0.03162277014434735,0.18969360712743255,0.747075190496757,0.35705175776087217,0.8428456397368145,0.4404375265607401,0.7879015464725959,0.3612663370894185,0.6728256611896049,0.8669576540017493,0.03477846024963571,0.026603656853977486,0.08728981830215736,0.06502608877659337,0.01636990984044466,0.01653074762740757,0.003056841973436775,0.008729713796268575,0.008151061585856562,0.00428138052670177,0.01634304255168899,0.02179072340225193,0.026362926592563837,0.012780489831186603,0.028860521544072974,0.015202060811257733,0.15221552003877803,0.0165712773353214,0.011210038898413537,0.005603125505257261,0.0038258703444702153,0.013397177905965882,0.006647235907291168
RETINAL,ConvNeXt,TAU_0.95,0.8746559902090876,0.8762932060983758,0.9764570226123592,0.04115463560143121,0.01665692559533217,0.03182359944602632,0.18983414495921724,0.746887806721044,0.35763854373707615,0.8422437099818806,0.44143057137166875,0.7874728071782365,0.3763431821480399,0.6716566064467993,0.8665110304420125,0.0349432956610503,0.026731960791868164,0.08728981830215736,0.06502559042364985,0.016537467173887002,0.016749043416450976,0.003122833007717891,0.008840988042452052,0.007580539324911934,0.004450007930994596,0.016258643654136675,0.021678191538848878,0.026646436430006314,0.013018563016359551,0.029006230732827553,0.015337844923672014,0.1850698151373104,0.017346423497062287,0.011465126990753659,0.005741100342005093,0.003949544560670775,0.013397177905965882,0.0069157365128289135
RETINAL,ConvNeXt,TEMP_SCALE,0.8441648259738701,0.8461853388809365,0.9675280418039911,0.04070645349933792,0.013549821075975623,0.039365226553652224,0.22893471398557635,0.6947537146858986,0.43749366998672484,0.8456270694732666,0.4059122383594513,0.7744974255561828,0.3172139818895431,0.6849899649620056,0.8743848204612732,0.05378415788455224,0.041388620645993225,0.11844634949650945,0.0864996187599982,0.01047902941235879,0.010793714111266525,0.004211912737477199,0.007825013304782382,0.00517574791511767,0.008373853688411374,0.018520470970293773,0.024693961293724996,0.03473902964205104,0.02053188607912418,0.053086993297709655,0.02114405652368793,0.21032090119824437,0.01816339012619356,0.021821634328807713,0.008713233657531362,0.00727507989700754,0.014436530658290819,0.016929323036867935
RETINAL,ConvNeXt,VEC_SCALE,0.8511256469762797,0.8517662486661937,0.9683614795090939,0.03494395981906845,0.011156872329377478,0.028612991884463375,0.21728138012404594,0.7102914931679392,0.4159935895185326,0.8614924087418272,0.35993701928501115,0.7920970163453864,0.33071511458603065,0.6902299851351158,0.8913490533453743,0.047091928940340595,0.03522598871729091,0.1105847266653009,0.07955208037436273,0.019354220984443903,0.01995751378245987,0.004621322082031711,0.008188863716740916,0.007083187949729539,0.0026516403514456966,0.022212697998409286,0.02961693066454565,0.034647466354114524,0.01743377425345116,0.04415263937833725,0.01933774190225916,0.2234234327651214,0.028021513232316084,0.015062720186156916,0.009471145304885692,0.006721849044726425,0.012732132498014507,0.018371429614207492
RETINAL,MobileNetV3,ABL_focal,0.805761683729839,0.8078107510422475,0.9542739464901446,0.06417901416266412,0.03453522391136775,0.04228172773513565,0.27701688196100493,0.6306441573853272,0.5144702279177374,0.7556709108419112,0.627782087330444,0.6883173831810557,0.18916345811178553,0.5987742114884297,0.7929290234989974,0.06572624639168281,0.04582143281737174,0.15380533274500843,0.11679449419667995,0.010457112998749105,0.010606780196515841,0.005210483516604532,0.015358876265677926,0.015740519416476972,0.006191681147003412,0.011186960009774767,0.01491594667969969,0.02219630887506043,0.011223086800709171,0.02031253669710614,0.009100243760500087,0.08417921239309789,0.011695517624063397,0.012768610520938129,0.00904509870914692,0.007434644462207224,0.007329210262858383,0.006448614973938101
RETINAL,MobileNetV3,ABL_no_descriptors,0.8056767714590645,0.8073821294864262,0.9545047980251022,0.03581776106127974,0.01137025111257839,0.031248178379967552,0.27376798918892253,0.6349760144147704,0.5004676368854296,0.7909047260314168,0.5494163653596169,0.7133770388100548,0.3467548040400365,0.6381696129944201,0.8273716939810312,0.06620585587119741,0.04618158503438703,0.15661195770364184,0.12342557846317918,0.01061560645302316,0.010903481975167113,0.0033290013898092915,0.01137966641833079,0.006979354642095097,0.005389269351790231,0.00872994416374388,0.011639925551658511,0.016653176781155698,0.011031656765579887,0.030588151274502796,0.008651637567778628,0.19156214948697775,0.010605012146062028,0.012645405197592219,0.005488432951528299,0.004464364375037879,0.008505508668348967,0.007176849846386687
RETINAL,MobileNetV3,ABL_no_gate,0.8161216224305552,0.8181346872386006,0.9563081222148477,0.04176955572303036,0.01373896389593649,0.03291869546316787,0.26755634221176106,0.6432582103843192,0.49279670645656265,0.7882438313751229,0.5579212586079312,0.7140361709723958,0.5456266376541732,0.6398212086967133,0.8212977927670131,0.06307286019801461,0.04524706391496512,0.15155971760404682,0.11647903678343074,0.012018256493075129,0.012028016029078133,0.003727592090342124,0.010688567152811471,0.009074024046558372,0.006364765708823255,0.01131986268334152,0.015093150244455308,0.020293941442574348,0.01308726957130066,0.03361827101425044,0.01098849890450479,0.20927733518136965,0.01962365339698566,0.011370563858721936,0.005986282648068937,0.004539867197543856,0.010764227548345188,0.003833627836626308
RETINAL,MobileNetV3,ABL_no_knn,0.8123599778403345,0.8142353413767809,0.9550289773807549,0.03377264341004951,0.007304554163804064,0.0295895257511829,0.26928388589185953,0.6409548188108545,0.4943782928654832,0.8036018981601792,0.5215160192301391,0.7237127455454117,0.31991452583974833,0.6543858836229489,0.8377960422857307,0.0647514829746307,0.04603407263173146,0.15268331310966482,0.12026851256596949,0.01345446599923601,0.013427482040808045,0.0038994353393496444,0.010642691221140633,0.005094173748761433,0.0031831845292488578,0.012992613437997954,0.017323484583997194,0.022641498870161432,0.010965278112911675,0.030349778374711114,0.010122951712075171,0.11661643906812373,0.01669514973860135,0.009782361655167946,0.00675674570262394,0.004822470062350015,0.011927279455356647,0.009219646062267599
RETINAL,MobileNetV3,ABL_no_poly,0.814762822001996,0.8164378750429686,0.9552972549772774,0.03770189248162786,0.010538421089685394,0.030949027071403557,0.2693912925723538,0.6408116099035288,0.4937356633929973,0.7973960033073073,0.5346814019466299,0.7193073359326494,0.6117651513684514,0.652275380047576,0.830088348685187,0.06475767134528573,0.04656744295465105,0.15156011157161542,0.1205819765674446,0.012812240527657382,0.01279095337421645,0.0034145244435767066,0.012457394046424257,0.006993846213289588,0.004523890265785103,0.010291380621142156,0.013721840828189521,0.017769534044671936,0.009598334631984208,0.026185757166900185,0.008892290142077234,0.1671475494909932,0.012884793533293543,0.008427121057588851,0.006131885759879608,0.004339557730709077,0.01095295679467633,0.004304882658926478
RETINAL,MobileNetV3,ABL_no_rbf,0.7991303087358579,0.8014139999673263,0.9518058980518088,0.043279814473387,0.015597153595977936,0.033910789035379765,0.28071009986932954,0.6257198668408945,0.5183395506087607,0.7721212629918652,0.5902979661826985,0.6986949215052869,0.21544302446383204,0.608858076927703,0.8125935418980376,0.0698108240198497,0.048432987543496814,0.15773555320925983,0.12405699164262114,0.008459449253338606,0.008536834381857948,0.005231631335320766,0.008521063596443952,0.006035887286172001,0.0041992215392554514,0.011475829378826167,0.015301105838434846,0.023323485709147395,0.008618814006777909,0.016506833030737144,0.006238191653245618,0.0989402964401747,0.013345536180038838,0.008946099974039466,0.008322872904939063,0.006944936794214422,0.00780631099583198,0.007535285075234172
RETINAL,MobileNetV3,APEX,0.813734296771921,0.8155947757253326,0.9555545346948524,0.039686589834917206,0.012677346600529191,0.03029097131292624,0.2686701260522325,0.6417731652636904,0.4930908695904382,0.7955831944955264,0.5414649209014051,0.7183263207675062,0.3198510121924647,0.6459090547124038,0.8295424807879851,0.06390345328753322,0.045498348707932845,0.1501571930598673,0.11963610268064048,0.01345391173785123,0.01336393465469788,0.003961261238878951,0.00604547298112686,0.0061627040372171015,0.003357218425592755,0.012202797573657262,0.01627039676487635,0.021072419437739968,0.009518981116390553,0.026666621310218894,0.009173925145920251,0.2283664399695849,0.012540483565146258,0.00988275820117123,0.006841088220677754,0.004770929781906322,0.010778398681484261,0.005684774194925597
RETINAL,MobileNetV3,BASE,0.7627704118120785,0.76321280340017,0.9432090347356192,0.037350623410883674,0.012319283195739734,0.05323374933462077,0.3278811391193125,0.5628251478409172,0.5982689619064331,0.7430538415908814,0.6638617277145386,0.655680799484253,0.26559384424252197,0.6113475322723388,0.782963240146637,0.09595395732438346,0.06593114979932618,0.19984438281040706,0.16352006618127093,0.02701210821583577,0.027625514237579068,0.00866242147125604,0.01009894488154456,0.008050726715396885,0.013658900523081968,0.03318295147932199,0.044243935305762594,0.06316159831137165,0.03905717170761948,0.0931890775643074,0.04061277228806056,0.0961811916249875,0.029872921559607784,0.03815487733895961,0.016307569525918015,0.00990076343056299,0.027882970766055157,0.0241286361154796
RETINAL,MobileNetV3,DIRICHLET,0.7769839441787487,0.7778884671963378,0.9435726711476521,0.04100018862528084,0.01174688959166335,0.03174840422626492,0.30767136227052283,0.5897715169726367,0.5569380402565003,0.7938654899597168,0.526709932088852,0.7003614425659179,0.36225638972388374,0.6504618167877197,0.8347318291664123,0.0829279093061627,0.05605833575272815,0.18299714767480343,0.15089030753360144,0.013995355886699772,0.012861978311549144,0.007045633292013713,0.013446673527098838,0.008395138570939412,0.0036920280712062475,0.01831311145173863,0.024417481935651447,0.036089319065218825,0.0255305560889405,0.060904414850240556,0.023355595124678163,0.2125625546894216,0.022328405699339034,0.02578185041518962,0.008138292833791624,0.006037749823610657,0.01636511888577144,0.016574018076165407
RETINAL,MobileNetV3,FAIR_equal_blend,0.802582344998177,0.8046663026923648,0.9516312403176432,0.06362677667817557,0.03237312696779771,0.04004772369499708,0.28368350178863555,0.6217553309484865,0.527085726457926,0.7505783716381538,0.6245142085638856,0.6829271088180876,0.29978113875577084,0.597513750573132,0.7877683728393532,0.0700251336878815,0.049325802193154016,0.15745229052744378,0.12058247492038812,0.013304649393951488,0.013579052201468796,0.005622926023958016,0.009760046943120586,0.007970328853491382,0.0030604528818732658,0.01175599266127351,0.01567465688169801,0.02340222775249864,0.006101056185291039,0.014057704027274753,0.0071378341744329525,0.21995753674176285,0.008953701575496914,0.007545065927509316,0.0108414353349588,0.008753731205170126,0.0071335519548555,0.006694824781899632
RETINAL,MobileNetV3,FAIR_knn,0.7129269726609943,0.7154656437430178,0.9058041584167746,0.061537068028670316,0.028983507610452403,0.051449470096583495,0.4009109227874914,0.4654521029500122,2.127111809875095,0.704269122732615,0.6072615043368506,0.6088736349967898,0.363671170603788,0.5839550024967778,0.7521176345388401,0.14049654341600132,0.09534812265601764,0.248108167735632,0.21811861796761703,0.008189417343856115,0.007586531158087361,0.0061339531507494365,0.014153730158532503,0.011390469426431004,0.00745264686466942,0.013705153901911328,0.01827353853588177,0.23659993678982633,0.005520381230760865,0.011905245259385166,0.009198073810651911,0.189149497926232,0.017901525699793523,0.009653088483219966,0.016842698165761897,0.01622168954696319,0.007690043418224538,0.00909201316332938
RETINAL,MobileNetV3,FAIR_poly_svm,0.8011375199304244,0.8031602800972335,0.9478417376118923,0.0407757019133474,0.015299434259564565,0.03295838356984987,0.2873389305755062,0.6168814258993256,0.5375765094532114,0.788069510313985,0.5412086072785834,0.7077305369414674,0.34795522898009523,0.6328432210519321,0.8262744402296998,0.0761326993444879,0.05502272322256193,0.1602612792914887,0.12942475119729296,0.01038285474770448,0.010108255620165842,0.0063713968821151445,0.007615349705322065,0.0062303597200416725,0.0010427818457063335,0.014930773761555813,0.019907698348741048,0.03669545071262863,0.008898298223307358,0.019448669909254007,0.005510782949912582,0.20670470745391606,0.02118456687181688,0.00782818670099815,0.011168088724900818,0.010071549741107333,0.011166474877059915,0.013646489862767267
RETINAL,MobileNetV3,FAIR_rbf_svm,0.8129375620324669,0.8143694313707479,0.9528556726687224,0.032525053746696744,0.008606430094661808,0.02976468221245258,0.2744077066961987,0.6341230577384023,0.5053184511094198,0.8180092019137752,0.4748156665562718,0.7321771545160046,0.39443636177786406,0.6775749045948752,0.8501149428424088,0.06847097367042372,0.04979676325073508,0.15492774634792064,0.1243714523499833,0.013860070027869657,0.013990305586652506,0.0040775724242877315,0.007420885052363678,0.005838273132715485,0.0024343848969446084,0.013082608136957902,0.01744347751594387,0.02582126497606067,0.007752882508895498,0.020624993197198908,0.008924830615362537,0.204355893235383,0.008483407104866373,0.007653812053575685,0.007130382230756588,0.005300209136506505,0.01115770337382485,0.006610034461162377
RETINAL,MobileNetV3,ISOTONIC,0.7744655545056227,0.7761701154152867,0.9427610300497905,0.038310239454544745,0.011350334927604237,0.03491436383780096,0.3098809990801388,0.5868253345598154,0.6210904717445374,0.8029569268226624,0.48910680413246155,0.706404447555542,0.39031373924679225,0.6604363203048706,0.8439070582389832,0.08445193511311852,0.057115589021621185,0.18299754164237197,0.14868061058202642,0.019695660415529455,0.01816535066644025,0.008292028940648084,0.01370193348921653,0.008525470871174414,0.004957019100552393,0.022745424194108833,0.03032723225881173,0.060938594569169405,0.028881123306225505,0.0711193399580256,0.02957484077570524,0.17366936896270502,0.024156170650711645,0.027556610207483807,0.009846335072232955,0.00566325899410036,0.016937322167374532,0.01576357039060995
RETINAL,MobileNetV3,MC_DROPOUT,0.7599075946989081,0.7602170246200874,0.9431049347090139,0.043254640917384526,0.014381400582141383,0.054394609654330996,0.3287528463647904,0.5616628715136134,0.6005778670310974,0.7363140225410462,0.6785966157913208,0.6510628581047058,0.1634514653246495,0.6023351550102234,0.7774702787399292,0.09609986411698082,0.06536364594975065,0.19844146429865892,0.16572776972107187,0.0259995208002851,0.026564095607771003,0.008882495228416548,0.012342452573553524,0.010380840727723942,0.014486370952405627,0.033204777577140084,0.04427303676952004,0.06346845052938783,0.03812499050453169,0.09056440782095375,0.039878529678104,0.07900941991672078,0.02713302445707871,0.037685499791211226,0.016411536873695433,0.010029119763583722,0.027920974284276406,0.02210129978303158
RETINAL,MobileNetV3,TAU_0.60,0.8144468451277482,0.81643677937955,0.9559332807414028,0.03976736092783657,0.012111646638591945,0.031037129188090557,0.26762161563868836,0.643171179148416,0.49263500277300876,0.7942076066433168,0.5466505065396154,0.7174018663547252,0.42192011409343405,0.6461867981790823,0.8275604684963941,0.06327395361537351,0.04507601232498734,0.14987747608616858,0.11774236149525819,0.013478926602833143,0.013434241591425552,0.003969702888270064,0.008019779428698918,0.006449570916534577,0.004391372507632373,0.01174959788507232,0.01566613051342975,0.021830583890182265,0.009523329966834772,0.02765587456797007,0.00899694263467614,0.2590108513923502,0.013928350519348341,0.008720990714512713,0.00656403505015668,0.004500948901372514,0.011172813660911069,0.005817326016045789
RETINAL,MobileNetV3,TAU_0.70,0.8135634803545185,0.8155476806747959,0.9557610476164216,0.040187910630395604,0.012256857392869202,0.03033250254850515,0.2680490619069267,0.642601250790765,0.4927982412666944,0.7957301097971824,0.5435568286494646,0.7182126171344847,0.437821827876804,0.6474575115981278,0.8293460481768579,0.06362722780110723,0.0452343758448142,0.1495961832421955,0.11805781890850739,0.012485473137949036,0.012386960123821839,0.0039864053847397125,0.006939154547345886,0.004676629881093363,0.0034241089798067656,0.011788172883700543,0.015717563844934,0.02134177109912866,0.009017264317227242,0.026550480847763087,0.008551903661059426,0.23952001333474957,0.013190879707500873,0.008691864734214448,0.006631259716877248,0.00476375733971013,0.009909535842519062,0.0052261254088892765
RETINAL,MobileNetV3,TAU_0.80,0.8132221385818434,0.8151143363957571,0.9557666042930728,0.03849839753017964,0.011267944809022178,0.03009749057605937,0.2680713554581479,0.6425715260558033,0.4921626153582965,0.7962423510631027,0.5411342335215837,0.7188234236891395,0.4196466586830937,0.646338700064461,0.8303704992477083,0.06360207935611445,0.045097870054789414,0.14959539530705832,0.11931964856150423,0.012891687103129618,0.012823526713882448,0.003843900814108673,0.006367404476276014,0.006650972984499333,0.0037834815127108447,0.01123066784141085,0.014974223788547828,0.020205794434236535,0.009002727508060963,0.02587228206882715,0.008281395441733844,0.2571843030390874,0.012472940618568622,0.00935421403729027,0.006420533107812414,0.004386705842902156,0.008503076744551943,0.00472688049338969
RETINAL,MobileNetV3,TAU_0.85,0.813734296771921,0.8155947757253326,0.9555545346948524,0.039686589834917206,0.012677346600529191,0.03029097131292624,0.2686701260522325,0.6417731652636904,0.4930908695904382,0.7955831944955264,0.5414649209014051,0.7183263207675062,0.3198510121924647,0.6459090547124038,0.8295424807879851,0.06390345328753322,0.045498348707932845,0.1501571930598673,0.11963610268064048,0.01345391173785123,0.01336393465469788,0.003961261238878951,0.00604547298112686,0.0061627040372171015,0.003357218425592755,0.012202797573657262,0.01627039676487635,0.021072419437739968,0.009518981116390553,0.026666621310218894,0.009173925145920251,0.2283664399695849,0.012540483565146258,0.00988275820117123,0.006841088220677754,0.004770929781906322,0.010778398681484261,0.005684774194925597
RETINAL,MobileNetV3,TAU_0.90,0.8142521559716718,0.8161225617361808,0.955443859183411,0.03933885102930198,0.012970329534565736,0.030470398223802396,0.26914964822483567,0.6411338023668863,0.4939196415652825,0.7946840134210974,0.5425575986834534,0.7176084578814461,0.32972286321201477,0.6458322829443529,0.8283505432627273,0.06406937998682442,0.04576550349673342,0.14987629418346282,0.12026801421302595,0.013514331732711937,0.013474857903697792,0.0040258372158114035,0.0073596933767218625,0.006402678258085217,0.003159760075737685,0.012302044379856564,0.016402725839808757,0.021655589537931095,0.010252061912732242,0.027635198441001322,0.009795083385866876,0.21751597717377968,0.012544695616902544,0.010759945990361468,0.007372701232870034,0.005409745120602139,0.009636391320823442,0.006889588498079146
RETINAL,MobileNetV3,TAU_0.95,0.8138332078044457,0.8156985858063122,0.9553173837572462,0.04129521556743649,0.01311372351733337,0.03076990192535567,0.2697392811602498,0.6403476251196675,0.49499253785787384,0.7930666476945079,0.545772673949454,0.716229996910352,0.32972286321201477,0.6446134789990603,0.8267520015652675,0.06450991068559217,0.0460986214157567,0.15015719305986733,0.12058396997921869,0.013785363642528779,0.013749017340486586,0.004359437522064336,0.00842302669245074,0.0070442300733723606,0.00351379550634206,0.012990952464597968,0.017321269952797213,0.023125256659112935,0.011063805764388973,0.028896870600676236,0.010889865129408276,0.21751597717377968,0.012774544458578781,0.01157093981517137,0.008101462134090843,0.006051419684691417,0.009923215318826246,0.00751922445326027
RETINAL,MobileNetV3,TEMP_SCALE,0.7627704118120785,0.76321280340017,0.9431674238479604,0.0350001878545681,0.008822411873887112,0.052559030086745194,0.32678808622792754,0.5642825516960972,0.5953340768814087,0.7817750692367553,0.5678046524524689,0.6817721724510193,0.22578215996424356,0.6502479434013366,0.821703064441681,0.09547765265685744,0.06545484513180018,0.19844067636352175,0.1625721988826927,0.02701210821583577,0.027625514237579068,0.008664201246740907,0.011472635498313464,0.005887283840719208,0.011021612154361489,0.03220902942692016,0.04294537256922681,0.05947573152067017,0.03006315751965118,0.07588239365386894,0.03426099141563602,0.10177968304552217,0.030579185303827548,0.02631327074439526,0.016361172429172635,0.009891880580602747,0.0267794316603253,0.022693568227067598
RETINAL,MobileNetV3,VEC_SCALE,0.7809868702057821,0.7815612457782589,0.944454543649637,0.034901467910660657,0.008528823678043359,0.0325272375113585,0.3049533319436402,0.5933955574084804,0.5544000706450827,0.7944205970096176,0.5234497307257432,0.702590805409368,0.34979721200151404,0.6489721364172107,0.8351504224912208,0.08129536191467397,0.05526678436776744,0.17963030083363538,0.14962449105705644,0.01618795550051665,0.015297702868775348,0.007484605727998005,0.010261259640226611,0.008204195817682391,0.004096616343494502,0.019366001078571265,0.02582133477142829,0.03938365306689086,0.02742655116879492,0.06372271296683944,0.024455603598258602,0.2128799503963126,0.03327288630850933,0.023395804207781812,0.008508662921814824,0.005864273665303465,0.014651447409544438,0.011835308318354708
RETINAL,ViT,ABL_focal,0.8753717801166694,0.8779297543699753,0.977681709236454,0.05780699726923677,0.03169006793455411,0.03715498764827373,0.1882539097542391,0.7489947869943483,0.35857231233894843,0.8255823804399229,0.47046404488549715,0.7777603421191953,0.18521510847539693,0.6342623244309176,0.852322112715816,0.031170547666274067,0.02317988423004281,0.08110886111855273,0.05965932592780859,0.01238603320022206,0.012416274036131372,0.0022957708404615696,0.01111305376490431,0.008275240318534525,0.0034621489942996578,0.012255845180603575,0.016341126907471408,0.017016124745227422,0.004421160172356073,0.009833204160270267,0.008106550764481494,0.03778760905619794,0.013082597922828051,0.004418880298836826,0.0035293204559544086,0.0029000424282284243,0.010354824650497264,0.00664098109335879
RETINAL,ViT,ABL_no_descriptors,0.8782805988140279,0.8799460342753378,0.9784469770069322,0.028142372372931247,0.008969581105409173,0.027382167776791304,0.17824883176085476,0.7623348909855274,0.33305754021354295,0.8627184847488785,0.38273869079002465,0.8091897148470931,0.24777563965051685,0.6711234641701739,0.8890438836474293,0.02961165511127583,0.021853133259100717,0.07942740753581165,0.05460901719816007,0.01239155590668488,0.01232422146917608,0.0026367867216037554,0.01073260619941358,0.006970065856525609,0.0027001266039725423,0.014001524060367608,0.018668698747156775,0.020938723221311625,0.0066285992573039,0.017135736544179634,0.00921948656485564,0.09108868909118721,0.023953323290628624,0.005536994273834933,0.004070195495407658,0.0032276012500116443,0.011722062799387273,0.007779936785425151
RETINAL,ViT,ABL_no_gate,0.8765364308419569,0.8778093993642161,0.978101665749041,0.03226602042913212,0.010645837485122977,0.028459640080223853,0.18130365231155016,0.7582617969179334,0.3380508602076836,0.858038109553602,0.3950509417548572,0.8043242051435534,0.36925978300864537,0.6685487035967018,0.8845001791446787,0.03089454733353808,0.022873490636856297,0.08083072001512835,0.058080543802731976,0.014780137771808576,0.014642506451434853,0.002424058509590206,0.013173738351266963,0.008718453839062886,0.0028174328238653457,0.013813383685191638,0.01841784491358886,0.018728148589769945,0.007168950902552438,0.018682068690753135,0.007398808771768931,0.19637900890487822,0.015030903272838712,0.007807730477009862,0.004058900342817527,0.0027106965211696602,0.011159645334456103,0.009492033714694285
RETINAL,ViT,ABL_no_knn,0.8779043187955298,0.8790288165219525,0.9774883317308891,0.026868253968548667,0.006173840138454428,0.02649629130986722,0.18120666135609786,0.7583911181918698,0.3388776803521871,0.8654638230187889,0.37523683933841834,0.8100044919554474,0.3542837074468284,0.6795626574805526,0.8911024607180285,0.03202857855808193,0.024180895433137426,0.08139172983280016,0.05808004544978844,0.014029139246426495,0.013919649479583332,0.002531656214978542,0.00732123117132789,0.003944058693815724,0.0017089153100886306,0.01433520508622578,0.019113606781634374,0.02175836031870273,0.004601871686980694,0.011636072919463341,0.008460578910114196,0.16581191295537073,0.01287326029607811,0.0045013717460610225,0.005783370480490794,0.004488516028645019,0.010633207666168897,0.009357314293414914
RETINAL,ViT,ABL_no_poly,0.8773256789525684,0.878512434349895,0.9778482967227816,0.031005810209623057,0.008072998769404155,0.02660894857746691,0.18158384200365982,0.7578882106617872,0.33827449599563664,0.8616695789058003,0.38231002246555545,0.8071942005533039,0.21253433091944732,0.6730623060307741,0.8877500266581524,0.031258862051927405,0.023358457678553025,0.08223560836471941,0.05807954709684493,0.012988787426892332,0.012786124249734195,0.0025237317147572963,0.008286251989554468,0.006478305790706076,0.004648444429213056,0.014352339906914873,0.019136453209219813,0.019462049485236596,0.005980293923316789,0.015829890444141858,0.008076587008459781,0.09299107894591964,0.013849329142013455,0.006410160800320348,0.004082852378875179,0.0029132830434711295,0.01319462774321694,0.01023991045705338
RETINAL,ViT,ABL_no_rbf,0.8680313429904339,0.8701322290462716,0.9752807444628516,0.038177407344540885,0.01634546114933331,0.030496828429770563,0.19395407204107823,0.7413945706118961,0.3660084398888685,0.8389264624813734,0.4479324507046233,0.7838275198387668,0.1616371972896988,0.6522247375638537,0.8669467588276903,0.0339658221993487,0.024877563522596995,0.09093520021431836,0.06439517395009493,0.012232767213644488,0.012046618825680498,0.003414763348400793,0.014977596952749521,0.011489131503133796,0.005555333375531278,0.014230689149160727,0.01897425219888098,0.022041044865839278,0.007603201884844845,0.016825846642764864,0.008726424990053687,0.0537073427124283,0.017282882009343893,0.007923256300623816,0.005047496406648674,0.0037804864293715904,0.010524491355577452,0.009107089231662917
RETINAL,ViT,APEX,0.8767582640719418,0.8780113817679783,0.9780521216214556,0.030101255291080764,0.009599257454625726,0.027956644763046008,0.18097654755467635,0.7586979365937652,0.3373462510982576,0.8603717043852853,0.388398851871092,0.8062809151195806,0.33232758662878836,0.6707395448270401,0.8867785693649234,0.030794954671368825,0.02281227307312126,0.08026971019745655,0.05808004544978844,0.014398332651853496,0.014266086064250564,0.0025146281978884995,0.008411167344117813,0.005631332010651734,0.0024506964151783,0.014136376170587467,0.018848501560783222,0.019673110774617118,0.005954058485263517,0.01598924739000713,0.008329777496758128,0.2130802404101925,0.015323911971739608,0.005437328933128944,0.004150083256606569,0.002933306748993281,0.011712835172068217,0.009489318483173286
RETINAL,ViT,BASE,0.8215425663862606,0.8241196747834387,0.9588440704840924,0.03733229009604908,0.011170121234841535,0.04220832328949919,0.26166154982229667,0.6511179335702716,0.490882021188736,0.807318651676178,0.4999960660934448,0.7319980382919311,0.3284899551134843,0.6488711595535278,0.8412212252616882,0.061992027610098345,0.045260414403217666,0.14173928802181004,0.11016490498901133,0.025518068838825122,0.024599566352005626,0.005053786332060036,0.009095216623844509,0.006537918711671641,0.002706977176056454,0.020054701582983402,0.026739602110644523,0.033417702838989774,0.005366365745993777,0.007611280902740393,0.011843219212886074,0.21623045461105933,0.011915199866682376,0.0045571062786765966,0.009948283162585954,0.006331150092623067,0.019685290684666866,0.015952569787596543
RETINAL,ViT,DIRICHLET,0.8335820706831963,0.8345471121999365,0.9614370424612508,0.036025526247806534,0.010044124958578891,0.028009207884181243,0.24538087791802649,0.6728254961092983,0.4563997745513916,0.8301936864852906,0.4428360521793365,0.7555048346519471,0.4782683057444436,0.6690171122550964,0.8622946858406066,0.05353187826362199,0.03872747252460997,0.12938919268165844,0.10259492377691729,0.02006148240489905,0.020039512998417556,0.004562488228340127,0.004455178767865566,0.0041639244209137295,0.0015332859802125768,0.019057049661887388,0.025409399549183146,0.029766583428978272,0.014641683045200254,0.033297007270104755,0.01827792326399588,0.20859708653492343,0.015160352368599089,0.012563303278927244,0.007500887422346081,0.004618721652100071,0.020451624967752373,0.01780638487056891
RETINAL,ViT,FAIR_equal_blend,0.8748383879728932,0.877400901712765,0.9769377648167165,0.05736209694234706,0.030299803823406923,0.037354808719070556,0.1911258900498079,0.7451654799335898,0.36342171118040617,0.8241353363308113,0.46276760097030795,0.7765175607240034,0.26453741918778345,0.6310652328810992,0.8512757851196243,0.03149504221347971,0.02340283588390145,0.0830739713506784,0.059659824280752116,0.012438521914874361,0.01227150320423341,0.002684235072311148,0.010622588121675238,0.008261816988535507,0.004049388623384571,0.012997383396164986,0.017329844528219958,0.018889017388679798,0.004195017644461069,0.01328458520049536,0.008889830959592124,0.08612994882103273,0.011628213824844339,0.003495395181873113,0.004118260861361963,0.003348622851802167,0.011528606021445682,0.007358184037853233
RETINAL,ViT,FAIR_knn,0.8112633907919282,0.8157023709310046,0.9503968162911208,0.0857333928685822,0.05544391902132417,0.058133536827832934,0.28307858365532795,0.6225618884595632,1.6551217669744056,0.7942550000290679,0.42782248892444985,0.7215041958794671,0.27534239239587344,0.6373368419100831,0.8298989990275277,0.0708349240011585,0.05232895686871856,0.14847061789873456,0.10827265886245958,0.01157614233620164,0.011077193872607964,0.0049387498657237705,0.010554664048504138,0.009651902144767771,0.006066897499876421,0.014315815704688442,0.019087754272917912,0.21620499107503485,0.008210231512733363,0.018533687960120778,0.010497591999617075,0.05125692737654796,0.021437122461948815,0.006050821874072678,0.017410335952772547,0.017355520299453808,0.010001314752936762,0.011175502589187298
RETINAL,ViT,FAIR_poly_svm,0.8656139413625441,0.8671438579027159,0.9726026813866033,0.028961531322379545,0.009291500596510755,0.027319242156834494,0.19800807213575436,0.7359892371523279,0.3794812961139377,0.8540463629452402,0.4023159979983532,0.7937642477802241,0.14439505408774905,0.6709040663666247,0.8821847653652867,0.03846579032804217,0.028942526889355634,0.09289952251130687,0.06723528737522488,0.01220387688565949,0.011828148485157492,0.003849438665824923,0.005144270235232463,0.0037698857209680697,0.003285025486824952,0.016292046845857437,0.0217227291278099,0.027711170628886842,0.0024488560614080584,0.00661037448859935,0.008459020891577407,0.023687561351687432,0.015657569727313664,0.0036849781906445824,0.005222412361225713,0.0038319164169407106,0.01009166383189353,0.011363696751012635
RETINAL,ViT,FAIR_rbf_svm,0.8759929530585712,0.8770516258616304,0.9768321201445858,0.023122658740415424,0.003953274936396235,0.024745142638928342,0.18253578393058165,0.7566189547592247,0.34294527817189324,0.8713177317594853,0.35323841417177404,0.8142842385123167,0.20364661367464562,0.6835738029885581,0.8976388102562869,0.03323374833175284,0.025148719913387203,0.08363892084403611,0.05776408968359572,0.011745469763452303,0.011510700137425953,0.00261361422609523,0.003319312532000743,0.0013349103944570047,0.0015320566722970567,0.014518570316611204,0.019358093755481556,0.024315503332264666,0.0044366526608083205,0.011771004566969275,0.009013768372527335,0.09835083101550775,0.012648614094199682,0.005000843561489714,0.006100426855723283,0.004831537133001942,0.012427101091832354,0.010729177920842962
RETINAL,ViT,ISOTONIC,0.8293187467594757,0.8313679703899876,0.9588826644943177,0.03986125231705573,0.013645779721840917,0.032114109334983584,0.2503763907773484,0.6661648122968693,0.5472038745880127,0.8352171421051026,0.42502533793449404,0.755951988697052,0.3452090098744347,0.6810347318649292,0.8664355993270874,0.05807900351562763,0.04268269076919588,0.13219187796460594,0.09974833176352156,0.022968829431882266,0.0222589645287947,0.005411508571335927,0.006240407130444035,0.004027670091840065,0.00472229699309227,0.020030917963057605,0.026707890617410104,0.08329224303207869,0.011367242875988112,0.04058823972457594,0.018964388872712262,0.15556980095685866,0.0061771232772838865,0.00968931154138827,0.009800396381502154,0.0063849519028264246,0.02032046323197906,0.013779701686852932
RETINAL,ViT,MC_DROPOUT,0.8206208215776141,0.8229422553625408,0.9585587944505161,0.0396454229979186,0.0153652561556346,0.04326911247296278,0.2645019488549401,0.6473307348600803,0.4955611705780029,0.7899312973022461,0.539643132686615,0.7192296028137207,0.30143759611881144,0.6289099335670472,0.8245593070983886,0.06230333849964007,0.04539239457459051,0.14426343823376458,0.10985144098753619,0.02447943772797571,0.023816331652682658,0.005279188859478491,0.013695338066725973,0.011452718894887831,0.0037659959393145158,0.019145319572998264,0.025527092763997648,0.03175066154084167,0.003921289930983337,0.005434756038590513,0.011158501886961998,0.050288444478999814,0.011211001993569664,0.0049776892434776725,0.010441262027068233,0.007104241233779585,0.018412065909296244,0.014165359648021292
RETINAL,ViT,TAU_0.60,0.8767803332809814,0.878047541052476,0.9781089980588348,0.0325314029106777,0.0111429054828644,0.028375747018089748,0.18098782047973613,0.7586829060270188,0.33734237902887565,0.859475538338639,0.3916949062010002,0.8054508730397648,0.3796289190835654,0.6708153440925182,0.8857564643559452,0.030844855937532452,0.02286217433928489,0.08026971019745655,0.05808004544978844,0.014416756068900183,0.0142868982555837,0.0024331405072255583,0.012165170320878752,0.008812331812334805,0.00241855412881424,0.014113300702548761,0.018817734270065,0.019518321234145115,0.006249151114568463,0.016910544922335593,0.007854904492779062,0.19753478624753754,0.014635143960316085,0.0063433845395994524,0.003990483211624518,0.0026537384694462693,0.011712835172068217,0.009489318483173286
RETINAL,ViT,TAU_0.70,0.8762551289586732,0.87752875928799,0.9779877491333042,0.03048629239680666,0.009659051002882616,0.02799560244037157,0.1811085612064675,0.758521918391377,0.3376546857503998,0.8600137959894589,0.3900427030570736,0.8058357324236889,0.3439928006493939,0.6703674971178317,0.8865486494607089,0.03099423580006701,0.022949753257952562,0.08055021510629246,0.057764588036539236,0.014042378718952114,0.01391434660832011,0.002474705661292806,0.009871250846359592,0.006172779975529984,0.0023741162942318927,0.013999031493313571,0.018665375324418063,0.019466389284105524,0.006061713304719981,0.01634320042298787,0.008074295186922601,0.20503329902210035,0.015424762413627544,0.0056045822364601755,0.004017613243811625,0.002875129734503971,0.01142237632281645,0.009825672119039862
RETINAL,ViT,TAU_0.80,0.8762551289586732,0.87752875928799,0.9780184641121827,0.029989181783511877,0.009357139354985788,0.02810369606382977,0.18103098131590994,0.7586253582454539,0.3374943863420816,0.8603990836723645,0.38872554041536317,0.8062126335725106,0.34280858435865225,0.6703996301513732,0.8869801775660522,0.030889273256917472,0.022844790714803026,0.08055021510629246,0.05808004544978844,0.014042378718952114,0.01391434660832011,0.00246390200517278,0.009098546319274578,0.005738311447721104,0.002496880932919858,0.014066231754780356,0.018754975673040443,0.01946497354635893,0.00593314070258985,0.015995137899388556,0.008293158451785333,0.20490654755291618,0.015454446067021099,0.005332759599619922,0.004092023204454611,0.00293166326768603,0.01142237632281645,0.009489318483173286
RETINAL,ViT,TAU_0.85,0.8767582640719418,0.8780113817679783,0.9780521216214556,0.030101255291080764,0.009599257454625726,0.027956644763046008,0.18097654755467635,0.7586979365937652,0.3373462510982576,0.8603717043852853,0.388398851871092,0.8062809151195806,0.33232758662878836,0.6707395448270401,0.8867785693649234,0.030794954671368825,0.02281227307312126,0.08026971019745655,0.05808004544978844,0.014398332651853496,0.014266086064250564,0.0025146281978884995,0.008411167344117813,0.005631332010651734,0.0024506964151783,0.014136376170587467,0.018848501560783222,0.019673110774617118,0.005954058485263517,0.01598924739000713,0.008329777496758128,0.2130802404101925,0.015323911971739608,0.005437328933128944,0.004150083256606569,0.002933306748993281,0.011712835172068217,0.009489318483173286
RETINAL,ViT,TAU_0.90,0.8767582640719418,0.8780113817679783,0.9780277937039019,0.029936543118521352,0.00952827924338768,0.02793592527026404,0.1810751615203027,0.7585664513062633,0.33767750291674115,0.8604198299663993,0.3880679567122905,0.8062699687564789,0.33232758662878836,0.6709492684408179,0.8868057113219958,0.0307737291023115,0.022791047504063935,0.08055021510629246,0.05808004544978844,0.014398332651853496,0.014266086064250564,0.0025265924232355224,0.00841259366329425,0.005696019487163698,0.0024657915642361085,0.014045843583027507,0.01872779144403663,0.019662463336206075,0.005897944564894789,0.01583120764313079,0.008319923326028508,0.2130802404101925,0.015100750914173067,0.00539087957057173,0.004168585348478498,0.0029518854565280007,0.011465348595160588,0.009489318483173286
RETINAL,ViT,TAU_0.95,0.8767582640719418,0.8780113817679783,0.9780577932873656,0.029901440473245795,0.009792429788126252,0.02795819366541826,0.18110901196857662,0.7585213173752314,0.3375950591529952,0.8601884669762672,0.3881563546185126,0.8061391854493575,0.33232758662878836,0.6704875841237918,0.8866043503612605,0.03075242315211991,0.022769741553872354,0.08083072001512835,0.05808004544978844,0.014398332651853496,0.014266086064250564,0.0025574911432429594,0.0085079445765565,0.006041674524797937,0.0022981229300061373,0.01402914332285009,0.01870552443046673,0.019777153232497024,0.006015019122054323,0.01587386518568778,0.008231515544740907,0.2130802404101925,0.015569573484092783,0.005536054080867013,0.004225387624383348,0.003023361697399976,0.01124743344447407,0.009747965646933124
RETINAL,ViT,TEMP_SCALE,0.8215425663862606,0.8241196747834387,0.9588552075556759,0.03655811121313921,0.009191184085910183,0.04070965011194634,0.2611914374528738,0.6517447500628354,0.4904933512210846,0.8092360138893128,0.49495928883552553,0.7335750341415406,0.35358379854784383,0.6517064332962036,0.8429940819740296,0.06202066934589717,0.045289056139016494,0.14201939896307736,0.10953399016251289,0.025518068838825122,0.024599566352005626,0.005078432359358929,0.0015738584990925592,0.0027592297869151457,0.004469832091468695,0.020713378558325293,0.027617838077767003,0.03431914319963041,0.01770895363085337,0.040584938692797036,0.021004612014654776,0.21161483789046792,0.024140021532534937,0.011970124435170757,0.009999329356637216,0.00638224743991181,0.018318979986241428,0.015489257302335581
RETINAL,ViT,VEC_SCALE,0.8308023919239043,0.83157526046278,0.9612329035426944,0.032784213082295725,0.008322354503792432,0.030098512504995206,0.24477431059930424,0.6736342525342615,0.4565493653684175,0.8253121317448409,0.45267570022295284,0.7529333563006941,0.3711919468800714,0.6569906774466471,0.8595199402940026,0.054062824732170965,0.03881401842952939,0.1307905353231322,0.09659475433691649,0.01872837105110444,0.01873206324069307,0.003913251576567794,0.010870690732416073,0.006289365769996553,0.0029067052751143643,0.014941972547178568,0.019922630062904706,0.024760164661161384,0.016835739034064826,0.03870806331745862,0.018133959009421347,0.20440921793528258,0.020271391858658186,0.013841630466379552,0.006317705023694301,0.003257387051257412,0.016778522543429354,0.010884271099659008
ULTRASOUND,ConvNeXt,ABL_focal,0.7256663328572497,0.737924032975608,0.9141759649115551,0.0880956375396042,0.032988183327396635,0.08738452362907605,0.3112113948669154,0.5331829076996278,0.5362779322979669,0.7403425939903654,0.6136171139418078,0.6661904911945369,0.26691077328583984,0.5977701442812271,0.7810283749270769,0.08410341729622313,0.05525869186276844,0.18635149023638234,0.16129032258064516,0.0569713221920355,0.05581741697604552,0.022258238636225305,0.019389028177063047,0.02069656910767633,0.014798413273746813,0.03940050755085065,0.05910076132627586,0.06301883918369725,0.03237638673473418,0.05010971101072678,0.025060679078846616,0.0739905530990671,0.04324041199644637,0.03297324722494934,0.026356989367368584,0.016297729832144964,0.038885788826920675,0.04112112510961923
ULTRASOUND,ConvNeXt,ABL_no_descriptors,0.7227413551986023,0.7349028239123743,0.914162346608572,0.08890684600818048,0.03677899195874248,0.08132317207441747,0.3140830661338957,0.5288754007991573,0.5343486169275312,0.7603384900381511,0.5786469795021647,0.6757629270294148,0.3556359230319231,0.6237885528756684,0.8014907873502388,0.0852570568367552,0.054618243557118876,0.2006474820143885,0.15967741935483867,0.05425447445535289,0.052377412933152075,0.01743044871873214,0.024433935972853222,0.018902788162601304,0.015082939225417962,0.03788063205709675,0.05682094808564505,0.05684593627623944,0.028010362230468676,0.04314061832276599,0.020298292427616094,0.08330193049148495,0.04278703821121721,0.03197397383588698,0.020568548966680415,0.014964697324360864,0.02973077972510321,0.03195421412283701
ULTRASOUND,ConvNeXt,ABL_no_gate,0.7205097008713494,0.7338980864075371,0.9105973881555173,0.08108444744640617,0.026361251450795632,0.08832833971025364,0.31689983776955644,0.5246502433456662,0.5376184850446243,0.7500379084051104,0.5962432609223385,0.6682030977928193,0.35704309753958724,0.6196464883794571,0.7884616802783004,0.08688204908478599,0.05722613061084229,0.19493319630010278,0.16129032258064516,0.060539029105004666,0.0613799608980642,0.020802082587345824,0.003035493739004668,0.01024779741618966,0.009142851973607915,0.036850969848092247,0.05527645477213826,0.05841587460291697,0.028320227969076114,0.04846404436819725,0.024230047556096496,0.1864074653781978,0.044263542136248925,0.024534242946908605,0.019114536112485103,0.009706779864463092,0.03288172393695182,0.03468679543162349
ULTRASOUND,ConvNeXt,ABL_no_knn,0.7253310261159995,0.7364460116959788,0.9138947620766009,0.08208454970499637,0.024082461746025168,0.07470409224692834,0.310321951471641,0.5345170727925395,0.5305258249577878,0.7694476522189434,0.5662873538892315,0.6825675885698302,0.3669990511904351,0.6342993584204132,0.8085865185565387,0.08480259604930582,0.055610371225954226,0.18916752312435764,0.15,0.0648651840401988,0.06384396159502934,0.019058478978587437,0.013617699511633401,0.00841147001220308,0.015196133799974719,0.03970424648584175,0.05955636972876249,0.06300082256073282,0.030693959453131876,0.057146957609551574,0.025887326889161934,0.14621692242185783,0.04529069609679778,0.0295494477514103,0.02178239256107711,0.011502770440579194,0.02709053685424887,0.03354295861787971
ULTRASOUND,ConvNeXt,ABL_no_poly,0.7334509655998303,0.7418527782080733,0.9123692127174399,0.07044099808596223,0.016565793832027734,0.08022533728537158,0.31273229703758715,0.5309015544436201,0.5349166611413428,0.7654494004284939,0.5702349593995868,0.6791948079128035,0.2880666203278771,0.634473228814012,0.8038170658165136,0.08651345583324384,0.057236727066607096,0.1877389516957862,0.15806451612903225,0.05241750113467705,0.04921417057613548,0.018774620834406893,0.01288779023735404,0.01353085312292988,0.006968320656141464,0.03717709589367488,0.055765643840512205,0.06125510301844645,0.031204059845664288,0.0522749537999449,0.024140451251367802,0.20650694144129783,0.03701979265040756,0.03411054913392423,0.0201397700648966,0.01320471562501503,0.02653881554206691,0.030496242582562966
ULTRASOUND,ConvNeXt,ABL_no_rbf,0.7157257540142317,0.7311824123553583,0.9081035803385362,0.08892711568627079,0.035449161503613,0.08169453876096536,0.32122107632871016,0.5181683855069357,0.5543321602380239,0.7334146472443062,0.6207220314740323,0.6585196537149117,0.2783362172570425,0.5908707456658207,0.7745217562667998,0.09167703385514822,0.061730935668973606,0.19349434737923946,0.167741935483871,0.048379641422583816,0.045199049974544644,0.02796228521911718,0.021244353997566166,0.023237843196053716,0.009433744555854369,0.047441429567836674,0.07116214435175489,0.07547100298280256,0.02157936246816385,0.027862742312403495,0.026927651649287062,0.10328021313658271,0.044935232196754236,0.018796367876973592,0.03419379379414394,0.024448506675178682,0.043397914486021816,0.04357824543905257
ULTRASOUND,ConvNeXt,APEX,0.7214932206171343,0.7328662283397216,0.915750229651293,0.07526099042660125,0.02319632986593896,0.082371825810118,0.30910515103700115,0.5363422734444991,0.5299949145790338,0.7622803230215142,0.5787866947919081,0.6789704029629708,0.2940388253354143,0.6186614818761524,0.8046385826767025,0.08314212697390395,0.052832590558952765,0.18631038026721478,0.15161290322580645,0.05786264857410868,0.056016594523143254,0.02015951089778743,0.02027332478625227,0.018541577745550708,0.009859390813019597,0.0392244149609428,0.05883662244141408,0.06256317605466859,0.0319919072602944,0.055591923032872984,0.024588454589483194,0.09864041681349925,0.046347816322688175,0.03152055552962307,0.0232081515179044,0.013820298210458548,0.03125453251544106,0.034873787597483316
ULTRASOUND,ConvNeXt,BASE,0.6698897560195569,0.6781088455064659,0.8836914600935868,0.08324963035861552,0.026269508077367547,0.09158715288320914,0.3680743008420155,0.44788854873697775,0.6166847229003907,0.7416039943695069,0.5813268661499024,0.6427899241447449,0.3789812883576091,0.6104848504066467,0.7917411208152771,0.11425026416495823,0.06931551140208612,0.23791366906474823,0.20483870967741935,0.08497367304793933,0.08750738558737545,0.02954444687703373,0.023858458388577884,0.015045173558550168,0.0172086877116262,0.05667143564653407,0.08500715346980091,0.09251008544903684,0.022152114583479664,0.044031285646259896,0.03179791914256472,0.16571476422546563,0.019294446638808027,0.027715870225531698,0.02944240739155602,0.014238696069673281,0.05485154059068914,0.05719555879515207
ULTRASOUND,ConvNeXt,DIRICHLET,0.7254919047041278,0.7099640840533559,0.8827003225579272,0.08186397746710662,0.0165954953602084,0.08250311993035277,0.3592481724466309,0.4611277413300547,0.6082123041152954,0.7621841430664062,0.5345918893814087,0.6595775365829468,0.23647988417209725,0.6395794153213501,0.8049083590507508,0.11093575077581978,0.07248690709808933,0.23220966084275435,0.2,0.05474552759188993,0.05434653553739079,0.02841751823194003,0.01823634737655063,0.011194443227819671,0.009985602767758254,0.04454833583219667,0.06682250374829488,0.08872616051405179,0.020764408247937603,0.040540580403579,0.02705610400879099,0.0937467392375288,0.0159352637039663,0.0247377315985687,0.02380342960960815,0.013456202398625083,0.041256153885252625,0.03533693919388167
ULTRASOUND,ConvNeXt,FAIR_equal_blend,0.7227041580770204,0.731969795636987,0.9075993650456915,0.0953833230822181,0.03508075463249764,0.09221292283371883,0.3226815140854293,0.5159777288718569,0.5579314073530252,0.729935062490368,0.6354159763294662,0.6536670972367861,0.27909573592442244,0.5997469036613711,0.7682277899137866,0.0974524842473452,0.06749496529964452,0.18915724563206576,0.1596774193548387,0.047285986017378,0.04172002381283883,0.01903534506207039,0.01578917331170297,0.020564344186845065,0.007833277894769241,0.03508219488750356,0.05262329233125524,0.058157313764840936,0.02571288410200432,0.042572255525404855,0.021888492280537335,0.20042609261835423,0.04069124163542025,0.024876823590689424,0.03351742840190784,0.027184295948455,0.0313468358764994,0.04088319953431153
ULTRASOUND,ConvNeXt,FAIR_knn,0.6995594809514069,0.6931012192466472,0.8661941912687563,0.0802477126965985,0.02349438207893461,0.08959829983740637,0.38534187047618423,0.4219871942857246,1.7552918978483412,0.7311679615005332,0.5492599833779497,0.6324157049415609,0.38228659056651754,0.6222980377977063,0.7703685858798668,0.1303112593648541,0.0895868378142141,0.2436382322713258,0.22096774193548385,0.04875729641889434,0.04501082343566793,0.021758177812408356,0.017799745549484068,0.011057240362052568,0.011479375118261933,0.031256067799952485,0.04688410169992863,0.45993415415886874,0.01315116186688338,0.02062626365402354,0.016033843746895746,0.16001847055041607,0.026864389261388143,0.011266544993296221,0.02929670879374005,0.021627475643622735,0.031235744914206175,0.0335429586178797
ULTRASOUND,ConvNeXt,FAIR_poly_svm,0.6715322208033169,0.6936673211946,0.892324540278762,0.09342809828755991,0.03438792810273562,0.09902049950562095,0.35200191344951826,0.4719971298257235,0.6532401698981183,0.7451051677939684,0.622937004129164,0.6451678829032597,0.24892881475191234,0.6282301976382932,0.784226996000128,0.1279122777833553,0.09035764138258018,0.22647482014388487,0.18225806451612905,0.059343382259816106,0.057617746906167056,0.024396085324047016,0.011588635660178318,0.015080277456973056,0.012967231221151834,0.04840877288552789,0.07261315932829174,0.09298378788641572,0.034514464179834295,0.06345753459042643,0.028853535774940077,0.092721914845508,0.05031944685283313,0.03610646411399303,0.040441085518189986,0.03300921915237025,0.04504299921756073,0.05023358549160464
ULTRASOUND,ConvNeXt,FAIR_rbf_svm,0.7210410071918343,0.7324161964774301,0.9015183473319187,0.0865673190500617,0.022871234724492137,0.08109063343101094,0.3262908692648944,0.5105636961026593,0.5589392517085076,0.7851752708151131,0.5371492264199591,0.6834177038655371,0.34836142763464956,0.6695711304728957,0.8203274563279745,0.1006844717526714,0.07007356844371972,0.1991880781089414,0.1661290322580645,0.04413843646879014,0.039574318250539024,0.017485370321202832,0.004769057892456457,0.0035404278404901333,0.012063844713411629,0.031903071322993776,0.04785460698449056,0.057146078939747186,0.028901545665082233,0.05798294379675685,0.02601542869885225,0.13818401260053864,0.03268053100735667,0.02881962737155987,0.01830227702789059,0.01507993922213618,0.03585402284308209,0.018565910376163456
ULTRASOUND,ConvNeXt,ISOTONIC,0.7198017930215855,0.7127331624194215,0.8817082733660528,0.0759471209745352,0.023402671836131643,0.07613410509991876,0.35597249359363536,0.4660412596095479,0.9024032711982727,0.779877531528473,0.46218867897987365,0.6751478552818299,0.341594314177831,0.6468403100967407,0.8258522748947144,0.10545690053921761,0.06725235226518042,0.22077081192189105,0.18548387096774194,0.0590505476249393,0.05743775640215166,0.031511333164299764,0.031474268601097026,0.020696511420572286,0.016562099624255536,0.049484507284776665,0.07422676092716486,0.3049910776902076,0.029019156935473942,0.028353020919153787,0.03080243277145201,0.09592776120710096,0.03572184864788214,0.028231016488217544,0.023866185531455468,0.01418063089317572,0.05056710812646371,0.051952010994859375
ULTRASOUND,ConvNeXt,MC_DROPOUT,0.6835395268532359,0.6895356885576678,0.8838666629845091,0.08026058393978105,0.021510979390306283,0.0870278580835372,0.3667543584968741,0.44986846225468985,0.6144341826438904,0.7354473829269409,0.5923452615737915,0.6399300694465637,0.39774524569511416,0.611273992061615,0.7806026935577393,0.11415064497563802,0.07265091602242044,0.23934224049331965,0.20161290322580644,0.08819443218255905,0.08803998526983957,0.028380328071079805,0.01835287338230887,0.006145067451189537,0.013484602160382745,0.05358459780372414,0.08037689670558608,0.0876022370170306,0.022812123714709392,0.044316489238017114,0.030075762053776968,0.21089651700087894,0.019228627294761238,0.029853997409144784,0.02898614438026418,0.015907098340582557,0.05273944263577888,0.05379703251663844
ULTRASOUND,ConvNeXt,TAU_0.60,0.7210521951130306,0.7343831680430611,0.9126494513946154,0.0887032502286127,0.02433098236567502,0.08699103867371802,0.312600932059501,0.5310986019107493,0.5326645862828393,0.7627606372689846,0.580696918662081,0.6760736875903508,0.35251814814553634,0.6358560606268293,0.7997952903208978,0.08465060459157112,0.055519264050561914,0.18920863309352515,0.1564516129032258,0.05876007347308546,0.06243158792702004,0.02146434209789761,0.00696479345676489,0.008890304852193793,0.008381575571082255,0.04062642750976996,0.06093964126465482,0.06423717318192385,0.02544122200928246,0.049227033693993755,0.025100186346551007,0.19334535669816397,0.036253436571850234,0.02422839822834887,0.019391723174066063,0.009309887558837316,0.037348893427099426,0.037653604935254034
ULTRASOUND,ConvNeXt,TAU_0.70,0.7236916161432563,0.7356113259356513,0.9149353637023268,0.08978033826857922,0.029918214811956008,0.08631324239227312,0.3086676555340304,0.5369985166989553,0.5272984102294238,0.765331545412323,0.5771953453845283,0.6796074712286592,0.4578201419719103,0.6325597041584456,0.8045221603631217,0.08352065349200236,0.05372577917205038,0.18775950668036998,0.15161290322580645,0.06940172099791893,0.07167845626423273,0.02239441201182452,0.01847766900187703,0.011926128066622561,0.00757599689495679,0.04240587000121196,0.06360880500181781,0.06782783863994815,0.027716178926525423,0.05318379555767578,0.026800186739680817,0.16088706848241666,0.035461799022812476,0.02757959217759606,0.022540605011593516,0.009940483392957717,0.032373252407359054,0.04007991496706186
ULTRASOUND,ConvNeXt,TAU_0.80,0.7192030778097501,0.7298447612782667,0.914442843661945,0.07626828536151968,0.0224165486032969,0.08287596664071505,0.31061013545900246,0.534084796811497,0.5311869259132741,0.7644716854053591,0.5769619906366245,0.6789704526711506,0.3412835457669363,0.6221045360576407,0.8075432939912792,0.08478036927903063,0.05339682066826028,0.1891880781089414,0.15483870967741936,0.05933501830100692,0.05766011713761921,0.020086824146511178,0.020656527338728546,0.015532326041260125,0.007427280451566374,0.039077382239319135,0.058616073358978595,0.06302422575983806,0.030172270798779398,0.05429034370828396,0.025056863061334273,0.07898026626416545,0.04222295442627217,0.02941187358150624,0.023310408060064677,0.013384781142460202,0.030803999353063605,0.04048354967100366
ULTRASOUND,ConvNeXt,TAU_0.85,0.7214932206171343,0.7328662283397216,0.915750229651293,0.07526099042660125,0.02319632986593896,0.082371825810118,0.30910515103700115,0.5363422734444991,0.5299949145790338,0.7622803230215142,0.5787866947919081,0.6789704029629708,0.2940388253354143,0.6186614818761524,0.8046385826767025,0.08314212697390395,0.052832590558952765,0.18631038026721478,0.15161290322580645,0.05786264857410868,0.056016594523143254,0.02015951089778743,0.02027332478625227,0.018541577745550708,0.009859390813019597,0.0392244149609428,0.05883662244141408,0.06256317605466859,0.0319919072602944,0.055591923032872984,0.024588454589483194,0.09864041681349925,0.046347816322688175,0.03152055552962307,0.0232081515179044,0.013820298210458548,0.03125453251544106,0.034873787597483316
ULTRASOUND,ConvNeXt,TAU_0.90,0.7199059190298327,0.7315986563949075,0.9149214263933496,0.07566640056282309,0.02188420924202909,0.08298243113452533,0.3103432193565595,0.5344851709651615,0.5317250786036593,0.7602858930416281,0.5810189705330833,0.6774891616889346,0.28208808908822663,0.6162070009078301,0.8031312700825785,0.08390477488450032,0.0533284777968097,0.18487153134635148,0.15161290322580645,0.05469286312983333,0.053198132476086825,0.01837988938905472,0.016481188909819047,0.01443631646242023,0.010634040703152745,0.03663633513429017,0.05495450270143514,0.060069103814324606,0.032679963410166255,0.05588937410578363,0.023708062149050763,0.09727420797861709,0.04442937572330859,0.034112881766432596,0.021983987541334425,0.013631689135903336,0.032168604231130375,0.030389425292607696
ULTRASOUND,ConvNeXt,TAU_0.95,0.7199059190298327,0.7315986563949075,0.9146364907514564,0.0804232715782031,0.024539953201366444,0.08398721397594748,0.3112800804166619,0.533079879375008,0.5334251304891583,0.7575900386151838,0.5867574752283237,0.675189281627852,0.2816331770711108,0.6149661515912703,0.7999871870417288,0.08336910304948006,0.05279280596178944,0.1863001027749229,0.1532258064516129,0.05469286312983333,0.053198132476086825,0.018619816453330655,0.014274133474620374,0.016604393056037305,0.011053905986107,0.03661816190953837,0.05492724286430745,0.060476873609977826,0.03329085074217481,0.05687398225690861,0.024023164133101755,0.09753178432379006,0.044601122234740616,0.03494113889365694,0.023205468034902036,0.01496431171384833,0.033534513998043664,0.027348104770666404
ULTRASOUND,ConvNeXt,TEMP_SCALE,0.6698897560195569,0.6781088455064659,0.8839403785658545,0.0753196768882947,0.01698480265233187,0.08663029907740136,0.36495524240137833,0.45256713639793356,0.6104990243911743,0.741464352607727,0.5815448999404907,0.644371497631073,0.2740984620599665,0.6104259490966797,0.7916011691093445,0.11387685083400378,0.06894209807113168,0.2364850976361768,0.19838709677419356,0.08497367304793933,0.08750738558737545,0.029211618917098878,0.021219599557062326,0.011847333968757527,0.01659914878048294,0.055916545870908926,0.08387481880636324,0.0922189509549905,0.03184426859926317,0.059731844813703576,0.04294636406261778,0.20149182337160884,0.025348625910119126,0.02685515194967596,0.029199293516111377,0.014137524877207592,0.05336833423267593,0.05516977863382925
ULTRASOUND,ConvNeXt,VEC_SCALE,0.7118105505475845,0.7051888451051861,0.8866839019345051,0.07371141411718994,0.014759881857632806,0.07798753253256427,0.35427479873966666,0.46858780189050087,0.599000322131987,0.7692095696472983,0.5306612337845493,0.6657972660211591,0.3603321036741352,0.6380352397352123,0.8157339294453418,0.10682199903651828,0.0670471932266575,0.22361767728674203,0.19838709677419356,0.06364271876765125,0.06015945354431564,0.025197533639393144,0.013138171570034886,0.008094023183105151,0.01701309662058995,0.04499655645450611,0.06749483468175907,0.08268058783176177,0.015002292410482825,0.030802039103575384,0.026671010863292394,0.1824663833989751,0.0160815977713542,0.015893843961047514,0.023480276110484737,0.011938666499768606,0.05065591311080271,0.047914357346815956
ULTRASOUND,MobileNetV3,ABL_focal,0.7181459775726666,0.7295648664039799,0.9058502981573922,0.10523741825727059,0.0483249213306408,0.0930148531110373,0.3266238865467856,0.5100641701798223,0.5678088771100871,0.6957287475626931,0.7048788258113069,0.6296104490986427,0.33011571905914155,0.5715364719281462,0.7343596116902983,0.08605618306181134,0.05461324285324054,0.1991469681397739,0.16129032258064516,0.026010394961234615,0.019262295710174432,0.00892342682240601,0.016650523013842615,0.010900681906441495,0.01310610904514107,0.010627104359766064,0.015940656539649076,0.019492166440368077,0.01739023724792346,0.028348738171136874,0.014147376408532869,0.19002923740609964,0.018792773086786018,0.014857485952536074,0.005422724099842714,0.0037574803262205585,0.017228124492809287,0.019753949538574022
ULTRASOUND,MobileNetV3,ABL_no_descriptors,0.7323902880182667,0.7397821023518188,0.9018288730712177,0.07342235072714334,0.024136874121122892,0.08437021897973228,0.3248977479199203,0.5126533781201205,0.5563648129102258,0.7503624648658238,0.601227127410882,0.6624912166960333,0.3298233552801062,0.6371632200787654,0.7850565248532297,0.0955808465871707,0.06536062476887998,0.20056526207605346,0.1725806451612903,0.029676971846260846,0.02693093035091695,0.008627649098161546,0.012556308080937587,0.013907460752674863,0.010296738100320344,0.01492950871306828,0.022394263069602353,0.02441012323446706,0.015004227728023505,0.03198444746979548,0.007878402567937606,0.13024305552708781,0.02562232791175343,0.0167165569141745,0.0119675447453149,0.010360998194220863,0.024147787766262818,0.02024177483550182
ULTRASOUND,MobileNetV3,ABL_no_gate,0.7363842073261753,0.744372941701278,0.9007678163954473,0.06798124835547048,0.01972158617803857,0.07437077761176447,0.3245672927924622,0.5131490608113076,0.5558873335254746,0.7478270864544241,0.6092476624942706,0.6606949797099031,0.3898536323686237,0.6368751688603926,0.7808572339845691,0.09338414798130484,0.06433370029287282,0.20053442959917778,0.17258064516129032,0.02070282391999942,0.01982463737187627,0.005671125147603044,0.011721240409920272,0.006904180765781067,0.009294181920802724,0.008639361341993917,0.012959042012990838,0.014718855158867783,0.011733161859130977,0.02390422934727031,0.006303193548979033,0.15772642345752927,0.019634656801528795,0.013057085501056151,0.0071882434863993865,0.0060743966448290375,0.019747921299646864,0.010819683762095763
ULTRASOUND,MobileNetV3,ABL_no_knn,0.735563189263778,0.7437761781885593,0.8996018723183109,0.07177266355124402,0.017069645758977625,0.07880921445473112,0.3263756349618115,0.5104365475572836,0.5605898038620526,0.7548580679526895,0.5932933020137183,0.6645114016572014,0.4809803951106594,0.6452588810261062,0.7874932090213762,0.09620774774558043,0.0671573000571484,0.1991058581706064,0.17096774193548386,0.022140295844413363,0.02057532524390569,0.006953515787900166,0.011927696981091083,0.009167736871840634,0.004399444748326045,0.008611632213505492,0.012917448320258209,0.017157070195659773,0.017013942737461586,0.03535703149752784,0.008899908181449903,0.12338446866156692,0.021197172661433814,0.019084653527402413,0.00688234283227094,0.005573712351051074,0.018043351744748595,0.017483454345708707
ULTRASOUND,MobileNetV3,ABL_no_poly,0.7332617125370139,0.7430047513146353,0.8983686966235881,0.078519983083471,0.022244480576527097,0.08653344933468501,0.32951452906799844,0.5057282063980033,0.5625924609903231,0.7579617247734942,0.5849932317260027,0.6650736499085175,0.40842310521371256,0.6499112944399611,0.7903824636949096,0.09908100439121297,0.069387694533992,0.20769784172661873,0.17903225806451611,0.018074679503307652,0.014837291631756401,0.008341722876926604,0.014184632544608161,0.010733049390283123,0.013703584891924388,0.014065856694812322,0.02109878504221846,0.02481070421458065,0.015346325614314359,0.03336552849577006,0.009269514372124364,0.14102870903774198,0.02063394090101433,0.015406119443121771,0.015684547852418487,0.01169144219891672,0.02435918529815467,0.018389926211276424
ULTRASOUND,MobileNetV3,ABL_no_rbf,0.6819789141488048,0.7075530875610431,0.8959996756111097,0.09633148117397308,0.03520715325565891,0.08920570271844043,0.33964650743682123,0.4905302388447691,0.6459642704127017,0.7039805038772433,0.6847872307172181,0.6284844120016476,0.2709848633341526,0.5826402744789871,0.7447327612346702,0.0960404042476962,0.060739449859835856,0.21495375128468655,0.17903225806451614,0.04975260925494831,0.039762994855322274,0.01682983801234901,0.018493080414553453,0.009829583958751106,0.010695641230340386,0.020237055971508013,0.030355583957261977,0.1272348419630772,0.016952110442877682,0.030631953410887248,0.01866662105296188,0.11295910400496423,0.02150490742650668,0.012798579652695496,0.007772387197697536,0.0065711720005556425,0.026837738240614497,0.022378124073405822
ULTRASOUND,MobileNetV3,APEX,0.7370957563135864,0.7464596306462461,0.9002045110012851,0.07212307677139657,0.022553129610911472,0.07740770601814115,0.3247957973391398,0.5128063039912911,0.556642311793261,0.750510036512712,0.6015455145524992,0.6625284184647084,0.3893350452023883,0.6412015150674143,0.7825404246190996,0.09359275220657189,0.06522325773711747,0.1991058581706064,0.17258064516129032,0.019511152110637264,0.017747324518261377,0.006797922892073174,0.014233950530642976,0.00945582866548055,0.004026021380609273,0.008858561695685918,0.01328784254352882,0.016234885256392235,0.013332717324109542,0.028440869248279283,0.0069727704335153,0.1568418062549264,0.019415872577056292,0.014372100934723847,0.007059131608290587,0.005178680267138561,0.018043351744748595,0.010819683762095763
ULTRASOUND,MobileNetV3,BASE,0.6549741492971097,0.6301161635969375,0.839184410906779,0.14063759505576195,0.0775352277262414,0.13505795322625658,0.46449816619114576,0.30325275071328256,0.7977080702781677,0.5385263442993165,0.9512585997581482,0.4841404378414154,0.2772162314492707,0.46447439193725587,0.5750746488571167,0.1712662182257701,0.10654858642486971,0.29949640287769785,0.27096774193548384,0.027973805569270708,0.0342510184564919,0.016741714338848968,0.025979803910381714,0.024377018208446337,0.010896370616093214,0.026334958719419897,0.039502438079129794,0.0369792174347405,0.01943927502268531,0.02520278977028402,0.021324779454466914,0.03803729746674908,0.0060451247505315395,0.023327512069495102,0.030763330011299807,0.018539354516399806,0.03224818905361261,0.04365280194427212
ULTRASOUND,MobileNetV3,DIRICHLET,0.6256346992259524,0.6263905007670362,0.8344385422175596,0.0691646504816287,0.01817243480436535,0.08855779621923696,0.418806711037356,0.37178993344396716,0.7042070627212524,0.6783981919288635,0.7175512552261353,0.5792198061943055,0.3206511200041998,0.5764220833778382,0.7273680448532105,0.16412855539135113,0.10267053095004419,0.2938335046248715,0.26129032258064516,0.055923010489876905,0.05752297130347596,0.020064669043052017,0.027337201580103176,0.012278179990726718,0.012485344230123287,0.027659516951044454,0.04148927542656663,0.03171720332825046,0.0208342999952371,0.03200414246822764,0.021989655894248044,0.18009310832901668,0.01467649038028569,0.022135016187964103,0.02778332154749338,0.01353705591471236,0.048075929483649416,0.05275944268966492
ULTRASOUND,MobileNetV3,FAIR_equal_blend,0.7192255918706718,0.7340581209846813,0.9064934811883761,0.10269502545317584,0.042761768554274195,0.09104310665973323,0.32342929298706036,0.5148560605194102,0.5618823387140486,0.7018983384359803,0.6793123181887931,0.6369953975767985,0.3056352463107177,0.5727469084777204,0.7404066306788192,0.08502938104652583,0.055659327218862506,0.189136690647482,0.1564516129032258,0.034123794739588056,0.02352961532116204,0.012640417110147685,0.013919710277639701,0.01626284707875461,0.018929542893822333,0.011788178857690476,0.01768226828653572,0.025476942307980418,0.021256329270442943,0.035824676248739785,0.013875154790770138,0.10261923596821053,0.024949058031215523,0.017546547495101816,0.005296862032434718,0.004289950085529176,0.019602130942460924,0.024593468841898235
ULTRASOUND,MobileNetV3,FAIR_knn,0.6754082072907417,0.6675281698463449,0.8556375110472093,0.10582962212340119,0.04312150251980629,0.09492520369172375,0.3990184598818648,0.40147231017720386,1.665692911692556,0.6877581094672529,0.6217803937362743,0.602054730682915,0.3585438979426809,0.5729836671014222,0.736757467222063,0.13895660216162015,0.08816007914679298,0.26083247687564237,0.2354838709677419,0.06263357419031974,0.05293679364438084,0.03414870407079079,0.033562412714686,0.02588814789161868,0.010458939704740287,0.03221098368950068,0.04831647553425095,0.27773249840969777,0.0195647639520572,0.039286691054744464,0.025871385849853493,0.12157164361523375,0.0073969738394431715,0.03151337185411912,0.02275041152671612,0.022326284978294576,0.0315713623108249,0.029849605682777006
ULTRASOUND,MobileNetV3,FAIR_poly_svm,0.6622177493357757,0.6914670193699715,0.8934117779597258,0.08947896005899321,0.04037683027104577,0.09156766730912463,0.3475701990639185,0.47864470140412313,0.6549446457723571,0.7283504534176071,0.6485095722952858,0.6369280544671496,0.31447059875167915,0.6132953672720423,0.7691330648281813,0.11347593721141294,0.07481288267194128,0.23071942446043164,0.1935483870967742,0.0532680278482587,0.04210265162257211,0.013312856309550902,0.022521829397773994,0.017620661800346157,0.011820487436646182,0.020705451409415515,0.03105817711412317,0.13790299478241247,0.019107376165359364,0.03626368960976129,0.015851229242295425,0.14395681781680944,0.02700316691147174,0.014557381680064253,0.023992672117754424,0.026276736193186188,0.02944125752437144,0.03739362296570848
ULTRASOUND,MobileNetV3,FAIR_rbf_svm,0.7349124564291372,0.7433153105681507,0.8943904662180516,0.0746829374591782,0.019498186642122415,0.07909895484866962,0.3343931229438065,0.4984103155842912,0.574439966010889,0.7721768985198867,0.553708003157498,0.6720034075803301,0.380614631985759,0.669981132375161,0.8030065657796375,0.10523294608235903,0.07551239188616707,0.21056526207605347,0.18225806451612903,0.018253533423122068,0.016563953625032306,0.007760790729757853,0.010163694495881668,0.008734146468675964,0.014544609036675588,0.012906392057451605,0.01935958808617739,0.024058720635660304,0.018363448523692004,0.0422107276799354,0.01320787434412027,0.16662149482136837,0.028032516900619732,0.016156080608994722,0.01406383955885186,0.011107456709260334,0.019480037079933444,0.0167229365752643
ULTRASOUND,MobileNetV3,ISOTONIC,0.6500340497326761,0.6386263691212197,0.8319609305645514,0.08498749416829929,0.01902180966089077,0.09847434484912376,0.4347187911499623,0.3479218132750576,1.0453936457633972,0.7298331141471863,0.5860891342163086,0.6034885048866272,0.338247092962265,0.6362999320030213,0.7734506726264954,0.16781360618649918,0.10796148736495151,0.2952312435765673,0.2725806451612903,0.06340956016636479,0.05956936297106328,0.018127991099732368,0.03270673443625961,0.019989980768257018,0.018551729003929582,0.038796573603477574,0.05819486040521626,0.1449183645913083,0.02368051977945044,0.035064106837654055,0.027876878885361372,0.16286217907993175,0.023178663229863016,0.025723717481614637,0.029715394931758943,0.01682863901447022,0.03967355641679272,0.049516391719383074
ULTRASOUND,MobileNetV3,MC_DROPOUT,0.6607721536373063,0.634658398730474,0.8392631370343393,0.14080890458487003,0.07791344791687889,0.13533589336574323,0.46486624962160195,0.3027006255675984,0.7985058188438415,0.537103247642517,0.9529532670974732,0.48338927030563356,0.3033121351137507,0.4636330485343933,0.5730043172836303,0.1706288787746097,0.10662479552444407,0.2995272353545735,0.2725806451612903,0.03344739834451965,0.04263274885754178,0.01805295397869677,0.02764936277772642,0.024142764559122905,0.012651530466213865,0.026889821229814703,0.04033473184472197,0.03776718504361717,0.01980950727712087,0.025320934792639364,0.02164450521958076,0.05182889648189533,0.006470985461038036,0.022686971469394697,0.033056516931260035,0.01838790578885893,0.042529751426540974,0.045405446000836285
ULTRASOUND,MobileNetV3,TAU_0.60,0.7379167743759838,0.7467360393384291,0.8998929233430303,0.07246385738038424,0.022829202967821184,0.07651980797519133,0.32481378289527296,0.5127793256570914,0.5571424729845017,0.7499769160987668,0.603351882142373,0.6621010026810361,0.3893350452023883,0.6409976552637393,0.7819120635327621,0.09360140927830243,0.06523191480884802,0.1991058581706064,0.17258064516129032,0.01821213680944808,0.017546933581104856,0.007439521319069088,0.014683639298966121,0.009887995311896004,0.005213877499324114,0.008876833738465687,0.013315250607698493,0.01725684286184395,0.01280873756819973,0.02645637538821335,0.006598670686048503,0.1568418062549264,0.019317780477374428,0.013775986381467167,0.00705438897821313,0.00517296004869015,0.018043351744748595,0.010819683762095763
ULTRASOUND,MobileNetV3,TAU_0.70,0.7370957563135864,0.7464596306462461,0.8999829900015058,0.07222400411668951,0.022368803438334323,0.07714917082565949,0.324721846343678,0.5129172304844838,0.5568479969636335,0.7502688208271078,0.6024250704300563,0.6623748430333826,0.3893350452023883,0.6409836683440223,0.7822924493163264,0.09366758131419725,0.06529808684474282,0.1991058581706064,0.17258064516129032,0.019511152110637264,0.017747324518261377,0.007253017440716338,0.014364387062432074,0.009179076635419932,0.004311745012892956,0.00878496829072711,0.013177452436090628,0.016653652435477586,0.013084788024903463,0.02741825164543435,0.00682532056865428,0.1568418062549264,0.019311426525237544,0.014123166356294443,0.007019795535803111,0.005131438635189389,0.018043351744748595,0.010819683762095763
ULTRASOUND,MobileNetV3,TAU_0.80,0.7370957563135864,0.7464596306462461,0.9002406458160834,0.07211806214305128,0.022563666089343497,0.07740529292838158,0.3247808376385215,0.5128287435422185,0.5566330095817953,0.7505150511410573,0.6016239801743958,0.6625334330930539,0.3893350452023883,0.6412015150674143,0.782546889759776,0.09350880837262807,0.06513931390317364,0.1991058581706064,0.17258064516129032,0.019511152110637264,0.017747324518261377,0.0067242268379268,0.014227531889851153,0.009471945993563487,0.00402839838795014,0.00884347427327746,0.013265211409916149,0.01621599902121821,0.01333805405795921,0.0283455962122213,0.006977817448041643,0.1568418062549264,0.019415872577056292,0.014378819451585848,0.007107689275311033,0.005237534196726442,0.018043351744748595,0.010819683762095763
ULTRASOUND,MobileNetV3,TAU_0.85,0.7370957563135864,0.7464596306462461,0.9002045110012851,0.07212307677139657,0.022553129610911472,0.07740770601814115,0.3247957973391398,0.5128063039912911,0.556642311793261,0.750510036512712,0.6015455145524992,0.6625284184647084,0.3893350452023883,0.6412015150674143,0.7825404246190996,0.09359275220657189,0.06522325773711747,0.1991058581706064,0.17258064516129032,0.019511152110637264,0.017747324518261377,0.006797922892073174,0.014233950530642976,0.00945582866548055,0.004026021380609273,0.008858561695685918,0.01328784254352882,0.016234885256392235,0.013332717324109542,0.028440869248279283,0.0069727704335153,0.1568418062549264,0.019415872577056292,0.014372100934723847,0.007059131608290587,0.005178680267138561,0.018043351744748595,0.010819683762095763
ULTRASOUND,MobileNetV3,TAU_0.90,0.7370957563135864,0.7464596306462461,0.9002073291410875,0.07211458612662387,0.022562983067742286,0.07734646154679209,0.32479819268184607,0.5128027109772317,0.5566351159215512,0.7505185271574847,0.6014903819862849,0.6625369091094813,0.3893350452023883,0.6412015150674143,0.7825513712355006,0.09357519673126993,0.06520570226181552,0.1991058581706064,0.17258064516129032,0.019511152110637264,0.017747324518261377,0.006792169556608294,0.014223086134486747,0.009470900251204782,0.004088126255549446,0.00886098683193582,0.01329148024790368,0.01622027510251316,0.013341757627554294,0.028508266733876804,0.006981324341404149,0.1568418062549264,0.019415872577056292,0.014383483246430453,0.007068902056797326,0.005190482458809094,0.018043351744748595,0.010819683762095763
ULTRASOUND,MobileNetV3,TAU_0.95,0.7370957563135864,0.7464596306462461,0.9002073291410875,0.07212747435594241,0.02248106175239862,0.07734206939730078,0.32480261685857276,0.5127960747121417,0.5566490774738561,0.7505056389281661,0.6015086767033587,0.6625240208801626,0.3893350452023883,0.6412015150674143,0.782534755005966,0.09357519673126993,0.06520570226181552,0.1991058581706064,0.17258064516129032,0.019511152110637264,0.017747324518261377,0.006792169556608294,0.014239584251383724,0.009346435875404697,0.004092719992172657,0.008865472800834308,0.013298209201251415,0.01624862452191401,0.013328043273971728,0.028485860662588163,0.006968356289095539,0.1568418062549264,0.019415872577056292,0.014366218509606425,0.007068902056797326,0.005190482458809094,0.018043351744748595,0.010819683762095763
ULTRASOUND,MobileNetV3,TEMP_SCALE,0.6549741492971097,0.6301161635969375,0.8398040576993374,0.09642860735739626,0.0240497339143867,0.10893393722218252,0.4348070207600962,0.34778946885985684,0.734342896938324,0.706657075881958,0.6751099944114685,0.5856290102005005,0.29007611450027015,0.6044320583343505,0.7569509387016297,0.1713365803715699,0.10661894857066952,0.30094552929085305,0.2693548387096774,0.027973805569270708,0.0342510184564919,0.018124228754524248,0.02506981637343305,0.007347221666015717,0.01975440262811229,0.03733542836985367,0.056003142554780436,0.04225593023246999,0.020879826754368416,0.04225120629550989,0.02917986891644366,0.09191730299066082,0.012026013073086154,0.027133369161084765,0.03326689893251087,0.020566175779404772,0.035694364744434874,0.046186519558955974
ULTRASOUND,MobileNetV3,VEC_SCALE,0.645146038585904,0.641782539607443,0.8353611219197521,0.08842573450470663,0.018600265090232358,0.09311957630754043,0.4218340785846836,0.36724888212297574,0.7108955663295641,0.7132353602054317,0.6473457387061476,0.5983439189717733,0.3054353832047355,0.6139842114582319,0.758746735155786,0.16371106060738633,0.10677313783699427,0.2838026721479959,0.2629032258064516,0.050826401706694904,0.051608036788692344,0.021646378932988524,0.024075863965842655,0.014911547463314127,0.012022043846210036,0.03219389633058173,0.04829084449587247,0.034788854626837076,0.020067976164006147,0.036610553086990245,0.024924781373367455,0.07743622234182833,0.018667143655677478,0.02544036681142668,0.027897889468907613,0.019171553954583746,0.044595530083104205,0.038927478664990876
ULTRASOUND,ViT,ABL_focal,0.7147001152187583,0.7300860935943205,0.9030043442043482,0.0909813924853831,0.027679695013626493,0.08138374707155945,0.3194691391858452,0.520796291221233,0.5554193598916173,0.7333528553593684,0.6294350067219562,0.6558656288577982,0.21619470434983165,0.6063670320806808,0.7716370552408631,0.09469963796208708,0.06292154101977021,0.19639260020554986,0.1564516129032258,0.06661689680955822,0.06418405228773674,0.03593893500294658,0.009013675824526843,0.01076933794089197,0.006246660396997577,0.053200800073251085,0.07980120010987647,0.08570855262574822,0.027579040266679226,0.03917877987977971,0.03453923508378733,0.0632137825933308,0.03259670561749557,0.023318827514960047,0.0345316910191102,0.022246081437815573,0.05138983036677513,0.04791435734681596
ULTRASOUND,ViT,ABL_no_descriptors,0.7296118347071529,0.7461988926708811,0.9076932783899494,0.07176289263367966,0.018153131331243525,0.0714985988355891,0.307475269146538,0.5387870962801937,0.5317588007579286,0.7702764349689216,0.5655293790681502,0.6834072495849438,0.3622439326447398,0.6501398253574893,0.8031771719661867,0.09634782617140678,0.06907905437775688,0.18632065775950668,0.15483870967741936,0.06136660127100481,0.05577005576263734,0.03148422370749059,0.008522144234864608,0.007745030752231969,0.007013460166100257,0.04898887003657009,0.07348330505485501,0.08094261607035934,0.01743219499775176,0.03244885780793113,0.03022543817474543,0.19243317558081274,0.02324505160582102,0.018745098690826804,0.030921501811892724,0.023458059137333308,0.04705756665022154,0.04784644185223009
ULTRASOUND,ViT,ABL_no_gate,0.7303113345656099,0.7493159437679264,0.9048727450077079,0.08031456373806173,0.028466490494967266,0.07232342179711049,0.3110835039517505,0.5333747440723751,0.5403376000029474,0.7606937130036585,0.5849774648708379,0.6751773685450335,0.5078323265163276,0.6494180476653909,0.7910430115513438,0.09769982834759663,0.07105289074298778,0.19204522096608428,0.15483870967741936,0.06701372535164209,0.060060681948129795,0.029798571002666176,0.01910001869384838,0.015075843329732769,0.013382151795813384,0.04488774022988122,0.06733161034482171,0.07729182916271142,0.022699700345729167,0.04250001482301973,0.030249778210362198,0.1437013867760694,0.02209769786062134,0.022243630073283255,0.02752785502336607,0.019045663345467787,0.03946074249439283,0.04088319953431154
ULTRASOUND,ViT,ABL_no_knn,0.7260237957953125,0.7477503141103177,0.9058089122637568,0.08393556470414351,0.026948360083789848,0.0806964833934096,0.3100422629331025,0.5349366056003471,0.5382750376020089,0.7738520569711327,0.5618110218321607,0.6835601584867494,0.5223138250747499,0.6635477195602137,0.8039446843388898,0.10202057729236172,0.07544475190502406,0.19206577595066804,0.15161290322580645,0.0655481628428449,0.058902352935015626,0.03093915719478032,0.02028412545154378,0.0093070658570372,0.006279008915596264,0.04579512964444384,0.06869269446666562,0.08082481349696627,0.018581111524945997,0.037638308304680124,0.02929616085188925,0.10626388412194072,0.02456306263708052,0.021243543469991404,0.03292541317967778,0.026749544162851413,0.0395875375566281,0.03487378759748331
ULTRASOUND,ViT,ABL_no_poly,0.7221376436332982,0.741434827761405,0.9066068303717433,0.07549867741596863,0.020250788766965462,0.06962317325688537,0.3097900073302271,0.5353149890046602,0.5346816092298095,0.767724566702589,0.5701728980656386,0.680599173641471,0.44442029755680307,0.6495954492002738,0.8011219961566939,0.09490099823607152,0.06689197611846305,0.19060637204522096,0.15483870967741936,0.06736012182467109,0.06127000011370903,0.030697917745373126,0.010075137291586555,0.007205764720474058,0.006373741348773282,0.04619994125139028,0.06929991187708527,0.08103187239501411,0.024573896171561187,0.046260336399620315,0.03188168505995146,0.20758260449435645,0.024333839524858385,0.028035508592680683,0.028859898383624263,0.020766174587624916,0.04107930832466734,0.03884385347997515
ULTRASOUND,ViT,ABL_no_rbf,0.6788185262183019,0.6967263440173381,0.8863408488962525,0.09275524188756928,0.03906121654656898,0.08539203332561454,0.3459342951183034,0.4810985573225458,0.5997935720473047,0.7118202303221207,0.6666253981058334,0.6303490804027516,0.36250357987980447,0.5898908683554942,0.7544403133829847,0.10951731908082771,0.07096468328033834,0.2149845837615622,0.1774193548387097,0.05972538655350201,0.05754195407642538,0.03500209525006484,0.03337388968571769,0.02288490398995845,0.016841867960583894,0.04608147005906027,0.0691222050885903,0.07178471546933056,0.015938957581263298,0.02428239022027533,0.027403184701059635,0.1807910291221346,0.020726807583217446,0.017951652381984887,0.027136883452610335,0.016622994221665292,0.038506127100792854,0.04804990035408462
ULTRASOUND,ViT,APEX,0.7244912287455041,0.7446891319058203,0.9067698494907122,0.07871987435800863,0.020113511564007508,0.07155309524997426,0.3091780180154996,0.5362329729767514,0.5343121820418166,0.7665726970825474,0.5731405334799814,0.6801088643084195,0.4570943003033251,0.6495723417246662,0.7990487771658399,0.09489146986465243,0.06756357904106595,0.19060637204522096,0.1532258064516129,0.0672853369739267,0.06079241764477642,0.030790752848943198,0.012631250897808505,0.007195054215705239,0.009292532929454193,0.04642385100090664,0.06963577650135981,0.08093924432685559,0.023912529768023306,0.04481024761568343,0.03168955888596812,0.19231314413588255,0.024651468500290465,0.02623557630994657,0.028869049893490883,0.020582697119399192,0.0398179451517347,0.039917318292788974
ULTRASOUND,ViT,BASE,0.692793713777734,0.6994875509577889,0.863187062849808,0.0907703964793061,0.028033268058688325,0.09760028073502035,0.39089356827522537,0.4136596475871629,0.6631850481033326,0.6977368712425231,0.6884364366531373,0.6001528382301331,0.4387151356899378,0.619777512550354,0.7278505682945251,0.1502742178233596,0.10646032395058487,0.24787255909558067,0.2225806451612903,0.06971911189269257,0.04980831768935682,0.017322950278011364,0.011127321478027462,0.005500698786422986,0.011093790401428587,0.029092627941050067,0.043638941911575024,0.04678428321597245,0.028896292146839822,0.05660507774769526,0.0285198083142918,0.21423298350093778,0.031881079867227546,0.024604900842726433,0.020318774088032038,0.016172115411082977,0.03681563933899632,0.03205581760379321
ULTRASOUND,ViT,DIRICHLET,0.6848071650286396,0.6986794816274333,0.8660258987912407,0.07758565691801217,0.01611818878872506,0.07755710109957138,0.3720430731738717,0.4419353902391935,0.6453736186027527,0.761201548576355,0.562621819972992,0.6483017086982727,0.42812329928080245,0.6612552046775818,0.7983319520950317,0.1354281513727806,0.0942405002194383,0.23211716341212746,0.20483870967741935,0.021885005428521523,0.01526814165537342,0.015023244279572098,0.020211848141025425,0.006243603740399177,0.00665978297051736,0.01662660637268341,0.024939909559025093,0.03443316412447757,0.012088734846823664,0.03998965871151152,0.012617414985559532,0.1654031639551887,0.027224446035216437,0.008574320569086137,0.01650156250376398,0.01821236368012152,0.010312312545650326,0.021029685178073052
ULTRASOUND,ViT,FAIR_equal_blend,0.6998511497950802,0.7175770368832078,0.8981597200354774,0.09462203482397745,0.03949687226379878,0.0839840334592465,0.32785454002516473,0.5082181899622539,0.5683967649565921,0.7210904866866186,0.652277177286438,0.6441147739881637,0.32566578656782613,0.5947805057406358,0.7606904694552956,0.0968540596631597,0.06341002670950628,0.19637204522096607,0.16451612903225804,0.0526037305750673,0.048813510434750185,0.03368949056598597,0.013485635165043787,0.021335570953042015,0.014775115523988828,0.04585672041477795,0.0687850806221668,0.07555987034623217,0.01484118848521331,0.028077960900358082,0.026078978699517315,0.1853601777204864,0.023046516432811325,0.019006483098167038,0.03422711042988497,0.023931573794581912,0.04311817749200065,0.04990886595730904
ULTRASOUND,ViT,FAIR_knn,0.6827032246222042,0.6787286195326641,0.8560592046594806,0.10061404199705608,0.039034513591067334,0.10789844288297097,0.39948374197495334,0.40077438703757107,2.1927705308020515,0.7231996530226491,0.5611246654313125,0.6202855920582011,0.40618504459378213,0.6125376600341956,0.7664239337067288,0.13609952666329678,0.08953116043434164,0.24652620760534427,0.2112903225806452,0.05260568468759537,0.049249925635338934,0.04912125554615394,0.014136550432546453,0.009524016127018226,0.011553143775863446,0.05822808712776775,0.08734213069165149,1.1877703200819747,0.01023165541671973,0.018537200815612737,0.02638344492069653,0.06194785355961647,0.03211711207627646,0.012027114158384863,0.03993438624665263,0.029366501626337572,0.043341685039214276,0.04540544600083628
ULTRASOUND,ViT,FAIR_poly_svm,0.6513299674709823,0.6769885625264525,0.8713815577513317,0.09266974321660595,0.029410896808992483,0.09046786736981415,0.37058401300838584,0.4441239804874223,0.6875095421984048,0.7294843363849469,0.6575525866785272,0.6234675791733875,0.2663434282732883,0.6400477244277564,0.7622059589449393,0.1489472231682876,0.10669391228447718,0.23219938335046247,0.19516129032258064,0.07068842389999523,0.0659031504728796,0.0357395826210756,0.01583445011970976,0.011723418459377247,0.014003418231391278,0.04543056219453211,0.06814584329179803,0.10667487968561677,0.017199881999334424,0.03090291230347917,0.029684158364399214,0.15256313320656342,0.018137935572174472,0.01814323205814779,0.03438562677363589,0.025551255646340934,0.041474100356630704,0.04431816665817448
ULTRASOUND,ViT,FAIR_rbf_svm,0.7254277974981648,0.7449170646411529,0.905146738125351,0.07101283916103655,0.020479350467279646,0.07446225910178629,0.3122692915043052,0.531596062743543,0.5395389987956374,0.78256211037664,0.5405972105888048,0.6885911507329022,0.5048003211780628,0.6707475225366591,0.8137550025466338,0.10108154241527674,0.07353806434906737,0.19347379239465573,0.15,0.06468922539732723,0.05803137288358746,0.030490957766452817,0.020692410785269615,0.013185882192491526,0.0030853989697521957,0.04504424703770409,0.06756637055655601,0.08073232103995744,0.02197475441117423,0.04699626543874326,0.030534897756945605,0.17498116271731667,0.020016475365720862,0.02573163466893753,0.03245417055938462,0.0262778706590499,0.039303228834273854,0.0335429586178797
ULTRASOUND,ViT,ISOTONIC,0.6722458225822396,0.6894669481347524,0.8566658290477177,0.09572440740414351,0.03133739083364663,0.08917059579127451,0.3879691823518595,0.41804622647221185,1.0689925312995912,0.7793646335601807,0.48266538977622986,0.6561850070953369,0.36681548833847044,0.6800735712051391,0.8172939658164978,0.1491296092993903,0.1061886525702778,0.2392086330935252,0.2064516129032258,0.05953761930114738,0.04981874661679612,0.020195377929498787,0.02857840550057203,0.02080082759002058,0.022731560980731036,0.03448439245762473,0.05172658868643701,0.35648798477730387,0.012705119427819865,0.0555292595414861,0.021679823363355468,0.1504085113924975,0.022658654857578057,0.011970032698829028,0.020845175810205934,0.0203255730147454,0.0380283533440582,0.038082964364895465
ULTRASOUND,ViT,MC_DROPOUT,0.6934357388450463,0.6984136489922951,0.8624218197262357,0.08689080629741189,0.02744524517409209,0.0974363333301689,0.393065297196722,0.410402054204918,0.6665269017219544,0.6879894614219666,0.7043270349502564,0.593882393836975,0.3643616809294774,0.6112097263336181,0.7171709656715393,0.15084963712313834,0.10814447614126546,0.246464542651593,0.2306451612903226,0.07127325986477405,0.051460685893042354,0.01695237088681095,0.016527774412496483,0.011143752919806283,0.013759137323202237,0.027591395648356293,0.04138709347253438,0.044397959104558016,0.027292584752511048,0.05507234463279627,0.02754416980498111,0.16783759171087492,0.026401358769417977,0.027495842747266727,0.01832489065731143,0.01608024736307207,0.03601108861248591,0.03449878973581844
ULTRASOUND,ViT,TAU_0.60,0.7302505184128397,0.7491415045192585,0.9057341099947527,0.08128318768393504,0.026628413860671878,0.0731408524670826,0.31026592026508926,0.534601119602367,0.5374380480022094,0.7650915566903416,0.577596009534618,0.6781546170551677,0.4568329858013772,0.6539437395506791,0.7954722158325973,0.09659609728768175,0.06994915968307289,0.19204522096608428,0.15645161290322582,0.06638282939816824,0.05964060496571114,0.030315544318441984,0.02158403827910766,0.017557702705813884,0.01310748445528178,0.045700274166869,0.06855041125030338,0.07894515870618489,0.023227870320868704,0.04372258137071661,0.03091163041016628,0.1926121500957198,0.03010416429139202,0.021969853271472075,0.028086263508105443,0.020438782423166844,0.03946074249439283,0.042136614443913326
ULTRASOUND,ViT,TAU_0.70,0.7270150990854664,0.7460909813105411,0.9063793995519539,0.08045079119506501,0.025908648873881213,0.07130557460485994,0.30947153090839497,0.5357927036374084,0.5355148519531803,0.7668096436888465,0.5744019603939625,0.6796833914853279,0.46070923811723186,0.6515460740155199,0.7988296402852268,0.09555104907979835,0.06824443748203655,0.18917780061664954,0.15161290322580645,0.06694698134579684,0.06023020865130514,0.030352214904136646,0.015590192893958287,0.012868854452503338,0.010857555523773597,0.045936494156154875,0.06890474123423218,0.07939141180722945,0.024219656888585125,0.04580802376368312,0.031510851583646284,0.18677655168631244,0.02529940648526124,0.025645978452407587,0.028141233049028536,0.0201524535376907,0.04016397110141629,0.039260198208509955
ULTRASOUND,ViT,TAU_0.80,0.7244912287455041,0.7446891319058203,0.9066300657807611,0.07433090216236692,0.01885469980643661,0.07223235808963313,0.3093719469468031,0.5359420795797962,0.5352431296174,0.7673030360229867,0.5726881325895289,0.6802764906379146,0.4570943003033251,0.6508392391789373,0.7996204650709023,0.09489029602894347,0.06756240520535702,0.19060637204522096,0.1532258064516129,0.0672853369739267,0.06079241764477642,0.030977879276243073,0.00983914725234718,0.007212039719443602,0.010098336665957375,0.046586518796336816,0.0698797781945051,0.08124318576129151,0.024666764939795294,0.04606127095883423,0.031763723919566784,0.19231314413588255,0.025336521219876736,0.02692734262502051,0.028958132341698865,0.020697039563186484,0.0398179451517347,0.039917318292788974
ULTRASOUND,ViT,TAU_0.85,0.7244912287455041,0.7446891319058203,0.9067698494907122,0.07871987435800863,0.020113511564007508,0.07155309524997426,0.3091780180154996,0.5362329729767514,0.5343121820418166,0.7665726970825474,0.5731405334799814,0.6801088643084195,0.4570943003033251,0.6495723417246662,0.7990487771658399,0.09489146986465243,0.06756357904106595,0.19060637204522096,0.1532258064516129,0.0672853369739267,0.06079241764477642,0.030790752848943198,0.012631250897808505,0.007195054215705239,0.009292532929454193,0.04642385100090664,0.06963577650135981,0.08093924432685559,0.023912529768023306,0.04481024761568343,0.03168955888596812,0.19231314413588255,0.024651468500290465,0.02623557630994657,0.028869049893490883,0.020582697119399192,0.0398179451517347,0.039917318292788974
ULTRASOUND,ViT,TAU_0.90,0.7244912287455041,0.7446891319058203,0.9071360272404256,0.07750916032125628,0.017959448476932587,0.07071567383506984,0.30932935618399326,0.536005965724011,0.5342338382665073,0.7658656956833196,0.5740344231816764,0.6796209259043557,0.4570943003033251,0.6490490676741911,0.7982874584805535,0.0943777764143869,0.06704988559080041,0.19060637204522096,0.1532258064516129,0.0672853369739267,0.06079241764477642,0.03132725599608085,0.011648385797710449,0.0076177135019103795,0.008977093522413234,0.04648704788030788,0.06973057182046169,0.08126004101028,0.023994777264112033,0.04513640568234598,0.03148161588731282,0.19231314413588255,0.02562357653203407,0.025999903852643683,0.0291177159944791,0.020956692182737234,0.0398179451517347,0.039917318292788974
ULTRASOUND,ViT,TAU_0.95,0.7244912287455041,0.7446891319058203,0.9069925791507242,0.07576436911071587,0.017021323774938205,0.07009729902649252,0.30953236206679174,0.5357014568998132,0.5345188064589937,0.765211677753493,0.5756354056687173,0.6790149154434533,0.4570943003033251,0.648952266391805,0.7974684168986613,0.09474077174370019,0.06741288092011373,0.19060637204522096,0.1532258064516129,0.0672853369739267,0.06079241764477642,0.0312929730082595,0.008423760349906285,0.00840667271171152,0.008564563575931905,0.04641685556015216,0.06962528334022809,0.08098360406592053,0.02345987862075791,0.043526515560895575,0.031231370802803058,0.19231314413588255,0.025485539380043963,0.025161996357703147,0.029053416563564093,0.020836917043656405,0.0398179451517347,0.039917318292788974
ULTRASOUND,ViT,TEMP_SCALE,0.692793713777734,0.6994875509577889,0.863177340213278,0.09791883191483587,0.026532538373370784,0.09831676493555734,0.39287783906382867,0.41068324140425794,0.6714823126792908,0.7494157791137696,0.5834590792655945,0.6307210445404052,0.47701827278212894,0.6700438261032104,0.7802088737487793,0.15019603178050928,0.10638213790773454,0.24645426515930113,0.2209677419354839,0.06971911189269257,0.04980831768935682,0.01725138213062092,0.02937835074839096,0.023880965404767834,0.01129726407854308,0.031957116949853585,0.047935675424780305,0.05108041958374198,0.03800979821174468,0.07701904957409975,0.03378902164461847,0.24104883324738977,0.04711485828098449,0.03212333894393517,0.01994757789607521,0.016091303127445646,0.03762172881869163,0.0335429586178797
ULTRASOUND,ViT,VEC_SCALE,0.6927791681576374,0.7072233885856327,0.8658668616419807,0.08322207395347077,0.018952066537936123,0.08087588778323658,0.3705307627528341,0.44420385587074984,0.6519368081774052,0.7668144239662984,0.5368124075946963,0.6547288158087283,0.2352616296995896,0.6661274717206773,0.8028601192924633,0.13533221799283385,0.09615327192037432,0.23210688591983555,0.2,0.02024214292724898,0.01634468777221007,0.014197985807713923,0.034827429006162126,0.02059346866106389,0.010692567964363077,0.01614008223588701,0.024210123353830482,0.03846493662184462,0.016052297797036777,0.04761770294930476,0.01545633612311813,0.11551571787659551,0.021159805519918324,0.015751379698964545,0.017274366881600525,0.01680182203395555,0.014264690956707852,0.017483454345708704
