domain,arch,fold,method,mc_active,BAcc,F1,AUC,ECE,dECE,SCE,Brier,BSS,NLL,Conf,Ent,MTP,MCE,OCE,CCC,AURC,EAURC,Risk@90,Risk@80
BLOODCELL,ConvNeXt,1,BASE,True,0.8743363348563342,0.8708702633871929,0.9803574375378421,0.053630221487758534,0.0363799126953139,0.04846652147676044,0.18899507252409425,0.7480065699678746,0.35254070345376487,0.8197216987609863,0.4620296359062195,0.7784088850021362,0.17445576190948486,0.5970750451087952,0.852008581161499,0.027887344448067453,0.01948040167749449,0.08969804618117229,0.05194805194805195
BLOODCELL,ConvNeXt,1,MC_DROPOUT,True,0.8759202269162277,0.8726863405016345,0.9800590475634202,0.07895156986419077,0.06108870840174776,0.05640861012552812,0.19705114060613896,0.7372651458584818,0.3722612950366658,0.7959985136985779,0.5198237895965576,0.7587857842445374,0.22864354830799682,0.5745037794113159,0.827655017375946,0.02833886548137031,0.020147187587705444,0.0905861456483126,0.05444555444555445
BLOODCELL,ConvNeXt,1,TEMP_SCALE,True,0.8743363348563342,0.8708702633871929,0.9806975198686549,0.021406896617762176,0.007352908893647397,0.03764380577475776,0.18137234881788966,0.7581702015761475,0.33633982117241595,0.8788102865219116,0.3067164719104767,0.8228316307067871,0.3173085153102875,0.6772595643997192,0.9080378413200378,0.027610529063889173,0.01920358629331621,0.09147424511545293,0.055944055944055944
BLOODCELL,ConvNeXt,1,VEC_SCALE,True,0.8962246518633629,0.8957732031753247,0.981757219003424,0.017385180219962187,0.0050395717761500276,0.011841166806084321,0.1512326411966086,0.7983564784045222,0.27571026947957594,0.8995016212827093,0.2508327702810778,0.852329267837785,0.17804750007309256,0.6940467215782555,0.9234194307487494,0.0207586076525435,0.01510167355716021,0.06616341030195382,0.03596403596403597
BLOODCELL,ConvNeXt,1,ISOTONIC,True,0.8963165536355988,0.8952378651626924,0.9812471642881881,0.01698591658652808,0.005805949564818691,0.015684438254327766,0.15365586497812314,0.7951255133625028,0.31808985301524717,0.8913877606391907,0.25259488821029663,0.8476632833480835,0.11210328340530396,0.6815716624259949,0.9158133268356323,0.023076501315282962,0.017419567219899672,0.06545293072824167,0.03996003996004002
BLOODCELL,ConvNeXt,1,DIRICHLET,True,0.8958991174294468,0.8952238627621929,0.9824895737889736,0.009653467644799286,0.0017840469246544251,0.011024366905404861,0.14939943266055852,0.800800756452589,0.26633785695880463,0.8988442420959473,0.2473059445619583,0.8534224033355713,0.30659207701683044,0.69166100025177,0.9230663776397705,0.02073694940100528,0.015035850516756804,0.06616341030195382,0.038461538461538464
BLOODCELL,ConvNeXt,1,APEX,True,0.9344218283871715,0.9343680225819211,0.9919642866479734,0.019446770543126626,0.007465533993969348,0.012707558940085921,0.09772617516407583,0.8696984331145657,0.17447886527543138,0.9182152775347688,0.21982694221820703,0.8900350559403625,0.12132372268747682,0.6885738047524514,0.9344217972135894,0.008584811706429381,0.006349480261573113,0.03063943161634103,0.015984015984015984
BLOODCELL,ConvNeXt,1,ABL_no_gate,True,0.9344218283871715,0.9343680225819211,0.9919642866479734,0.019446770543126622,0.007465533993969344,0.012707558940085923,0.09772617516407583,0.8696984331145657,0.17447886527543138,0.9182152775347688,0.21982694221820703,0.8900350559403625,0.12132372268747682,0.6885738047524514,0.9344217972135894,0.008584811706429381,0.006349480261573113,0.03063943161634103,0.015984015984015984
BLOODCELL,ConvNeXt,1,ABL_no_rbf,True,0.93245902418711,0.9320850367600478,0.9912841682012644,0.057877290088807654,0.04512006979234794,0.028808011353153196,0.11226198105606268,0.8503173585919166,0.21834380958618163,0.8743583811680626,0.33354944442414336,0.8516865157848021,0.1830296206793559,0.6123605804354972,0.8934495196697927,0.008958916380467816,0.00658482358089742,0.03596802841918295,0.015484515484515484
BLOODCELL,ConvNeXt,1,ABL_no_poly,True,0.9344218283871715,0.9343680225819211,0.9919642866479734,0.019445622142055266,0.0074659031752747455,0.012707089135290053,0.09772660752686554,0.8696978566308461,0.17447916812732223,0.9182164717566329,0.2198227604097522,0.8900358459224785,0.12132264043305285,0.688577636610244,0.9344228052892053,0.008585074895214168,0.0063497434503579,0.03063943161634103,0.015984015984015984
BLOODCELL,ConvNeXt,1,ABL_no_knn,True,0.93362933244745,0.9335743717429559,0.9912233224708451,0.013550019434501709,0.0030704246347204815,0.011638466314593796,0.09964660853152625,0.8671378552912985,0.1775057795207468,0.9229373268466724,0.2006501073151194,0.8931457787216296,0.24150440021631736,0.7013205417164847,0.9387806500987019,0.009534304536112077,0.007243981705608736,0.03152753108348135,0.01848151848151848
BLOODCELL,ConvNeXt,1,ABL_focal,True,0.9428126464324662,0.9425955808845405,0.994083749207032,0.06477712991972792,0.054777732610002426,0.03320101838370949,0.09534307117566525,0.8728759050991132,0.191092179662126,0.8796280839261303,0.33017728582371025,0.8623187423016349,0.6808814034542567,0.5996818381547812,0.8967167907472726,0.0058439044466705664,0.004144825993274456,0.024422735346358793,0.007992007992007992
BLOODCELL,ConvNeXt,1,TAU_0.60,True,0.9344218283871715,0.9343680225819211,0.9919642866479734,0.019446770543126626,0.007465533993969348,0.012707558940085921,0.09772617516407583,0.8696984331145657,0.17447886527543138,0.9182152775347688,0.21982694221820703,0.8900350559403625,0.12132372268747682,0.6885738047524514,0.9344217972135894,0.008584811706429381,0.006349480261573113,0.03063943161634103,0.015984015984015984
BLOODCELL,ConvNeXt,1,TAU_0.70,True,0.9344218283871715,0.9343680225819211,0.9919642866479734,0.019446770543126626,0.007465533993969348,0.012707558940085921,0.09772617516407583,0.8696984331145657,0.17447886527543138,0.9182152775347688,0.21982694221820703,0.8900350559403625,0.12132372268747682,0.6885738047524514,0.9344217972135894,0.008584811706429381,0.006349480261573113,0.03063943161634103,0.015984015984015984
BLOODCELL,ConvNeXt,1,TAU_0.80,True,0.9344218283871715,0.9343680225819211,0.9919642866479734,0.019446770543126626,0.007465533993969348,0.012707558940085921,0.09772617516407583,0.8696984331145657,0.17447886527543138,0.9182152775347688,0.21982694221820703,0.8900350559403625,0.12132372268747682,0.6885738047524514,0.9344217972135894,0.008584811706429381,0.006349480261573113,0.03063943161634103,0.015984015984015984
BLOODCELL,ConvNeXt,1,TAU_0.85,True,0.9344218283871715,0.9343680225819211,0.9919642866479734,0.019446770543126626,0.007465533993969348,0.012707558940085921,0.09772617516407583,0.8696984331145657,0.17447886527543138,0.9182152775347688,0.21982694221820703,0.8900350559403625,0.12132372268747682,0.6885738047524514,0.9344217972135894,0.008584811706429381,0.006349480261573113,0.03063943161634103,0.015984015984015984
BLOODCELL,ConvNeXt,1,TAU_0.90,True,0.9344218283871715,0.9343680225819211,0.9919642866479734,0.019446770543126626,0.007465533993969348,0.012707558940085921,0.09772617516407583,0.8696984331145657,0.17447886527543138,0.9182152775347688,0.21982694221820703,0.8900350559403625,0.12132372268747682,0.6885738047524514,0.9344217972135894,0.008584811706429381,0.006349480261573113,0.03063943161634103,0.015984015984015984
BLOODCELL,ConvNeXt,1,TAU_0.95,True,0.9344218283871715,0.9343680225819211,0.9919642866479734,0.019446770543126626,0.007465533993969348,0.012707558940085921,0.09772617516407583,0.8696984331145657,0.17447886527543138,0.9182152775347688,0.21982694221820703,0.8900350559403625,0.12132372268747682,0.6885738047524514,0.9344217972135894,0.008584811706429381,0.006349480261573113,0.03063943161634103,0.015984015984015984
BLOODCELL,ConvNeXt,1,FAIR_rbf_svm,True,0.93362933244745,0.9335743717429559,0.9912233224708451,0.013550019434501709,0.0030704246347204815,0.011638466314593794,0.09964660853152625,0.8671378552912985,0.1775057795207468,0.9229373268466722,0.2006501073151194,0.8931457787216296,0.24150440021631736,0.7013205417164847,0.9387806500987019,0.009534304536112077,0.007243981705608736,0.03152753108348135,0.01848151848151848
BLOODCELL,ConvNeXt,1,FAIR_poly_svm,True,0.9188776351220677,0.918842251708883,0.9854617292305301,0.027664807788592944,0.015271102601258073,0.016577244017617856,0.1264884039326894,0.8313487947564143,0.2632012775002943,0.8974835932122817,0.2671858344791404,0.8623448630252373,0.7135916481924254,0.6728663119855242,0.917414835217614,0.019278095683815638,0.015846414557231188,0.04440497335701599,0.025974025974025976
BLOODCELL,ConvNeXt,1,FAIR_knn,True,0.9070804541455091,0.9058288566027436,0.9853795804324077,0.07877805877691606,0.06606536403245458,0.04316466555725553,0.15603696845911436,0.7919507087211811,0.5709718959198854,0.8546915236048399,0.3056277622730499,0.8255774333974496,0.2462008479243457,0.5826741129405747,0.8827444429946321,0.01681609389231874,0.01228450896701563,0.048845470692717524,0.02547452547452541
BLOODCELL,ConvNeXt,1,FAIR_equal_blend,True,0.9419898841879077,0.9417739471392846,0.9936783205226105,0.06365851954436542,0.05304661088132949,0.032179357126796045,0.09951601810626014,0.86731197585832,0.1958344386720558,0.8781684945034491,0.32141990349442545,0.860356025048106,0.6693693865210533,0.602159361055012,0.8952653691252023,0.006350156381219897,0.004603234562016125,0.02664298401420959,0.00999000999000999
BLOODCELL,ConvNeXt,1,ABL_no_descriptors,True,0.9348706307177096,0.9346174991471833,0.9912765750590876,0.030135915025493898,0.019041082587633096,0.017497292009614408,0.10415429789834346,0.8611276028022089,0.1883310928731692,0.9057533502680128,0.2550577437211237,0.8773848944740756,0.32703134757623487,0.6838661343136448,0.9213110687017521,0.009202640261406846,0.006994548150802601,0.03774422735346359,0.015984015984015984
BLOODCELL,ConvNeXt,2,BASE,True,0.867155841550349,0.8679895148873814,0.9765522284747018,0.060476169269941274,0.042391484321431916,0.044133560068583856,0.19494244220667317,0.7400767437244361,0.3520821073800068,0.8071376085281372,0.49654144048690796,0.7660666704177856,0.1339542145852919,0.5975081920623779,0.8393065333366394,0.031626189901433024,0.022328891775074217,0.0941385435168739,0.06943056943056942
BLOODCELL,ConvNeXt,2,MC_DROPOUT,True,0.8707553451264134,0.8713985372867578,0.9757462307778149,0.08573290387773533,0.06763398970840089,0.05186894368711462,0.20387698115540784,0.7281640251261232,0.37364687391035367,0.784822404384613,0.5490245819091797,0.7472078204154968,0.18793714046478271,0.5821127891540527,0.8149637579917908,0.033071548206796135,0.02428085228686841,0.09635879218472469,0.07242757242757243
BLOODCELL,ConvNeXt,2,TEMP_SCALE,True,0.867155841550349,0.8679895148873814,0.9760041352600319,0.024168851432255417,0.009118118264919066,0.026953472362651148,0.18629231866942705,0.7516102417740976,0.3222370289281148,0.8827332258224487,0.29801836609840393,0.8231202363967896,0.32052484154701233,0.6893059611320496,0.9124158024787903,0.030249511761898527,0.020952213635539722,0.09191829484902309,0.06543456543456544
BLOODCELL,ConvNeXt,2,VEC_SCALE,True,0.8850502107389766,0.8850023565142024,0.9776546001881528,0.01719200517009855,0.006126304026762828,0.015094794499115721,0.1710572220234206,0.7719237039687729,0.2925522810202254,0.8905036466625329,0.27489865373256306,0.8362176025442281,0.6700423027963137,0.7058940419117824,0.9146012870297267,0.024984124997279873,0.018022925604615297,0.08259325044404973,0.054945054945054944
BLOODCELL,ConvNeXt,2,ISOTONIC,True,0.8838473260854419,0.8840314288775939,0.9769453887343271,0.023243562286013483,0.008346370654637923,0.01914959992890572,0.17379031133476136,0.7682795848869852,0.34007880832662424,0.8909860849380493,0.2664065957069397,0.8344964385032654,0.23824871579806006,0.7180210947990417,0.91382896900177,0.02832439010698968,0.02121508837179374,0.08170515097690943,0.058219558219558334
BLOODCELL,ConvNeXt,2,DIRICHLET,True,0.8894728675110856,0.8892986253269864,0.9792947432126438,0.013047183448202453,0.0032697690006184975,0.012270988763795208,0.16343648869645164,0.7820846817380648,0.27964388314819677,0.8933983445167542,0.26498445868492126,0.8417174816131592,0.28383868932724,0.7065243124961853,0.9167470335960388,0.023185737837829765,0.01675370225954786,0.07726465364120781,0.04895104895104895
BLOODCELL,ConvNeXt,2,APEX,True,0.9288562498223213,0.9290044707132301,0.9910615901171568,0.016915483015649914,0.008921769392724217,0.012300842255149698,0.1011540001743541,0.8651279997675281,0.1775434623236224,0.915935397970887,0.22623367119213578,0.8868667806662753,0.29276621886491294,0.677447331557428,0.9343043153065191,0.008854608677403742,0.00621995065693617,0.03063943161634103,0.016983016983016984
BLOODCELL,ConvNeXt,2,ABL_no_gate,True,0.9288562498223213,0.9290044707132301,0.9910615901171568,0.016915483015649914,0.008921769392724217,0.012300842255149696,0.1011540001743541,0.8651279997675281,0.1775434623236224,0.915935397970887,0.22623367119213578,0.8868667806662753,0.29276621886491294,0.677447331557428,0.9343043153065191,0.008854608677403742,0.00621995065693617,0.03063943161634103,0.016983016983016984
BLOODCELL,ConvNeXt,2,ABL_no_rbf,True,0.930017137089792,0.9298230694474647,0.988769526748444,0.056333245340820265,0.042537582403061845,0.02953092753409632,0.11816339052045727,0.8424488126393905,0.23343170202813346,0.8733511334046851,0.3325212633307434,0.8484921450058703,0.37447082718697067,0.6242599748775405,0.8921908600487666,0.010607376080041631,0.00806111767246279,0.037300177619893425,0.02047952047952048
BLOODCELL,ConvNeXt,2,ABL_no_poly,True,0.9288562498223213,0.9290044707132301,0.991061802882752,0.01691603145164937,0.00892230075002436,0.012301058908148584,0.10115377936583748,0.8651282941788836,0.17754341579046695,0.9159347650198431,0.22623571879197935,0.8868663675773139,0.2927650645986816,0.6774453203873836,0.9343037885091762,0.008854608677403742,0.00621995065693617,0.03063943161634103,0.016983016983016984
BLOODCELL,ConvNeXt,2,ABL_no_knn,True,0.9256607144143247,0.925836811892867,0.9901511087144106,0.017006990396955097,0.007594229729774722,0.010927753240332109,0.1040342685441508,0.8612876419411324,0.17997713026548723,0.9222540085548796,0.20228177817616266,0.8908084074076712,0.376391299644731,0.6907162865300991,0.9409489800655157,0.00999223008161056,0.007114270251418805,0.03197158081705151,0.02047952047952048
BLOODCELL,ConvNeXt,2,ABL_focal,True,0.9380198848642066,0.9379862280423822,0.992458823326194,0.06193612641894204,0.05048586574325192,0.03163495822486044,0.10173281231246728,0.8643562502500438,0.1990434162556646,0.8773947329510196,0.331151628116114,0.8580185525900764,0.20541528382736263,0.6023322454161583,0.8956775399622843,0.007180450144876955,0.005184129733811601,0.02664298401420959,0.012487512487512488
BLOODCELL,ConvNeXt,2,TAU_0.60,True,0.9288562498223213,0.9290044707132301,0.9910615901171568,0.016915483015649914,0.008921769392724217,0.012300842255149698,0.1011540001743541,0.8651279997675281,0.1775434623236224,0.915935397970887,0.22623367119213578,0.8868667806662753,0.29276621886491294,0.677447331557428,0.9343043153065191,0.008854608677403742,0.00621995065693617,0.03063943161634103,0.016983016983016984
BLOODCELL,ConvNeXt,2,TAU_0.70,True,0.9288562498223213,0.9290044707132301,0.9910615901171568,0.016915483015649914,0.008921769392724217,0.012300842255149698,0.1011540001743541,0.8651279997675281,0.1775434623236224,0.915935397970887,0.22623367119213578,0.8868667806662753,0.29276621886491294,0.677447331557428,0.9343043153065191,0.008854608677403742,0.00621995065693617,0.03063943161634103,0.016983016983016984
BLOODCELL,ConvNeXt,2,TAU_0.80,True,0.9288562498223213,0.9290044707132301,0.9910615901171568,0.016915483015649914,0.008921769392724217,0.012300842255149698,0.1011540001743541,0.8651279997675281,0.1775434623236224,0.915935397970887,0.22623367119213578,0.8868667806662753,0.29276621886491294,0.677447331557428,0.9343043153065191,0.008854608677403742,0.00621995065693617,0.03063943161634103,0.016983016983016984
BLOODCELL,ConvNeXt,2,TAU_0.85,True,0.9288562498223213,0.9290044707132301,0.9910615901171568,0.016915483015649914,0.008921769392724217,0.012300842255149698,0.1011540001743541,0.8651279997675281,0.1775434623236224,0.915935397970887,0.22623367119213578,0.8868667806662753,0.29276621886491294,0.677447331557428,0.9343043153065191,0.008854608677403742,0.00621995065693617,0.03063943161634103,0.016983016983016984
BLOODCELL,ConvNeXt,2,TAU_0.90,True,0.9288562498223213,0.9290044707132301,0.9910615901171568,0.016915483015649914,0.008921769392724217,0.012300842255149698,0.1011540001743541,0.8651279997675281,0.1775434623236224,0.915935397970887,0.22623367119213578,0.8868667806662753,0.29276621886491294,0.677447331557428,0.9343043153065191,0.008854608677403742,0.00621995065693617,0.03063943161634103,0.016983016983016984
BLOODCELL,ConvNeXt,2,TAU_0.95,True,0.9288562498223213,0.9290044707132301,0.9910615901171568,0.016915483015649914,0.008921769392724217,0.012300842255149698,0.1011540001743541,0.8651279997675281,0.1775434623236224,0.915935397970887,0.22623367119213578,0.8868667806662753,0.29276621886491294,0.677447331557428,0.9343043153065191,0.008854608677403742,0.00621995065693617,0.03063943161634103,0.016983016983016984
BLOODCELL,ConvNeXt,2,FAIR_rbf_svm,True,0.9264543972032505,0.9266283000283753,0.9900533241455003,0.015417991744847915,0.00424985018734666,0.009667893826904968,0.10424256546826657,0.8610099127089781,0.1803967330919283,0.9233546372633165,0.1977986666598642,0.8916194599845223,0.3818681615045483,0.6952859116817385,0.9415568435759099,0.010128295994086387,0.007312195156709927,0.03285968028419183,0.01998001998001998
BLOODCELL,ConvNeXt,2,FAIR_poly_svm,True,0.9148812048280365,0.9147554366544487,0.9831720400862972,0.028874457587821277,0.013785976736438485,0.01577815668745538,0.13393924027312032,0.8214143463025065,0.268250859583302,0.897294514288279,0.26757484164300616,0.8587291305914739,0.6672319842547436,0.6928912329137428,0.9164043011883011,0.020745552948562937,0.016964716741397032,0.05017761989342807,0.03396603396603397
BLOODCELL,ConvNeXt,2,FAIR_knn,True,0.9034178155474142,0.9022841579447254,0.9848570728829568,0.08122451431055586,0.06898611120632299,0.04782837851849726,0.15764669607158333,0.7898044052378892,0.7033397207034383,0.8580078557850842,0.30234912917790346,0.8263579404511586,0.32199988671019486,0.5784361504882988,0.8880679993192075,0.018802665037147583,0.013910301943265473,0.04484902309058631,0.026973026973027156
BLOODCELL,ConvNeXt,2,FAIR_equal_blend,True,0.9380173166261206,0.9379174807942808,0.9918762104393317,0.058821618256650124,0.047368711381146913,0.030082863701504235,0.10415628602904228,0.8611249519612771,0.20078680932518836,0.8791035096424802,0.3196249339976789,0.8589021770090525,0.3132975657615222,0.6107605797961011,0.896939682227071,0.007775302845139671,0.005778982434074317,0.02797513321492007,0.014985014985014986
BLOODCELL,ConvNeXt,2,ABL_no_descriptors,True,0.922895540691206,0.9229439877474382,0.9894900668164808,0.021287102106105755,0.010211429294736936,0.014028302203499063,0.11204456557983543,0.850607245893553,0.19812295228576954,0.9048643611340726,0.2572005517833845,0.8729286383890135,0.20596792916420142,0.678731026347335,0.9238638704232138,0.010428584301570504,0.007328680185861334,0.03996447602131439,0.02097902097902098
BLOODCELL,ConvNeXt,3,BASE,True,0.8836910674586684,0.8830781989446912,0.9804067618024555,0.059931520207424524,0.04278801834244199,0.03741693594124611,0.17271303206659602,0.7697159572445389,0.3149275591344033,0.8241865634918213,0.45506900548934937,0.7892937660217285,0.3245948851108551,0.590770959854126,0.8550130724906921,0.02378597058880806,0.016676668853612124,0.07682060390763766,0.04895104895104895
BLOODCELL,ConvNeXt,3,MC_DROPOUT,True,0.8833370123218884,0.8822208145988385,0.9798507560733085,0.08253858095876608,0.06549547743412584,0.045711831845115396,0.18172907579143507,0.7576945656114202,0.3382354586153026,0.8004018068313599,0.5146121382713318,0.7686598300933838,0.1478183627859947,0.5692644119262695,0.831045925617218,0.024934506257213385,0.01777547578984625,0.07948490230905861,0.05094905094905095
BLOODCELL,ConvNeXt,3,TEMP_SCALE,True,0.8836910674586684,0.8830781989446912,0.9804890370062492,0.009716025505645062,0.0006421702944598997,0.021777645358555323,0.16388912798108196,0.7814811626918909,0.28404024469731265,0.8869914412498474,0.2858743965625763,0.8378693461418152,0.08260663418934266,0.6719493269920349,0.9153914451599121,0.022894943699282324,0.015785641964086387,0.07504440497335702,0.04895104895104895
BLOODCELL,ConvNeXt,3,VEC_SCALE,True,0.8876175976453841,0.8867766320046879,0.980636131451868,0.012983606704201225,0.0019008296455191038,0.015574871026517289,0.1581313985114453,0.7891581353180732,0.271731236445993,0.8940019815114313,0.2639745757988565,0.8455440785119019,0.3247872089810623,0.6805107148993033,0.9212173096426173,0.021015489544682752,0.014345624831274936,0.07371225577264653,0.04095904095904096
BLOODCELL,ConvNeXt,3,ISOTONIC,True,0.8848742842955828,0.8837229985202462,0.9805162990621334,0.014903865096762437,0.003104072377247514,0.013424620496041597,0.15860448478334546,0.7885273536222064,0.2807980501358649,0.894991934299469,0.2555256485939026,0.8462325930595398,0.18471109607945319,0.6813937425613403,0.9229826331138611,0.021843661680430185,0.014833275400933122,0.07375899784986475,0.04060939060939063
BLOODCELL,ConvNeXt,3,DIRICHLET,True,0.8893017647160388,0.8883456046286481,0.9812207950134889,0.01455970377003815,0.0028367994392080754,0.013026689779875887,0.15630122724097284,0.7915983636787032,0.26337854452565723,0.8935599327087402,0.2599245607852936,0.8467274904251099,0.2983280221621195,0.6813637614250183,0.9201799035072327,0.020511066515736857,0.014031824553215357,0.07238010657193605,0.040459540459540456
BLOODCELL,ConvNeXt,3,APEX,True,0.9281272825240452,0.9279466695257773,0.9903998536120658,0.013741692749450831,0.007588242583191536,0.01205823717748716,0.105324410069189,0.8595674532410815,0.1821478329794203,0.9154268306872723,0.22838262679590465,0.8840165382776813,0.3831305559416676,0.695517299708842,0.9325687880977356,0.009328854051381239,0.0066344035250485225,0.037300177619893425,0.015984015984015984
BLOODCELL,ConvNeXt,3,ABL_no_gate,True,0.9281272825240452,0.9279466695257773,0.9903998536120658,0.01374169274945084,0.007588242583191536,0.01205823717748716,0.105324410069189,0.8595674532410815,0.1821478329794203,0.9154268306872723,0.22838262679590465,0.8840165382776813,0.3831305559416676,0.695517299708842,0.9325687880977356,0.009328854051381239,0.0066344035250485225,0.037300177619893425,0.015984015984015984
BLOODCELL,ConvNeXt,3,ABL_no_rbf,True,0.9241305811515602,0.9238560887475301,0.9904028126752353,0.046956956295931156,0.033735705075212376,0.02505918793386704,0.11597356394918636,0.8453685814010851,0.21425324697148768,0.87813620997809,0.3246912494803621,0.8527274339943581,0.3070366400891257,0.6196926578212297,0.8994868667522945,0.009959151621006456,0.006955403153810923,0.041740674955595025,0.017982017982017984
BLOODCELL,ConvNeXt,3,ABL_no_poly,True,0.9281272825240452,0.9279466695257773,0.9904000663776612,0.013742818733369012,0.007562147656112439,0.01205881770394625,0.10532375499690039,0.8595683266707996,0.18214760755916798,0.9154252262334219,0.22838738129987438,0.8840155702704976,0.3831308041058854,0.6955118554635674,0.9325674829557923,0.009328671455140238,0.006634220928807522,0.037300177619893425,0.015984015984015984
BLOODCELL,ConvNeXt,3,ABL_no_knn,True,0.9237530874338019,0.9235922660849559,0.9891116723221894,0.00918405407382342,0.0010050918925665394,0.008616782773033307,0.10967546097137655,0.8537660520381648,0.18625401839430414,0.9234908771611865,0.19926392023467648,0.8886998211298103,0.3812399722995683,0.7111844191270414,0.9411294924543738,0.01081693311033364,0.007781305663037652,0.04218472468916518,0.01948051948051948
BLOODCELL,ConvNeXt,3,ABL_focal,True,0.9396277134322553,0.9394475039752325,0.9926813204923295,0.05929773537643844,0.047579987769299725,0.030657104564099154,0.10106562115468844,0.8652458384604156,0.19493875934665383,0.8799751371764978,0.32470545406168166,0.8604493349574203,0.20120563015824533,0.6167258974118167,0.8969950795177278,0.0070435032971485415,0.0051489809835303865,0.027531083481349913,0.01048951048951049
BLOODCELL,ConvNeXt,3,TAU_0.60,True,0.9281272825240452,0.9279466695257773,0.9903998536120658,0.013741692749450831,0.007588242583191536,0.01205823717748716,0.105324410069189,0.8595674532410815,0.1821478329794203,0.9154268306872723,0.22838262679590465,0.8840165382776813,0.3831305559416676,0.695517299708842,0.9325687880977356,0.009328854051381239,0.0066344035250485225,0.037300177619893425,0.015984015984015984
BLOODCELL,ConvNeXt,3,TAU_0.70,True,0.9281272825240452,0.9279466695257773,0.9903998536120658,0.013741692749450831,0.007588242583191536,0.01205823717748716,0.105324410069189,0.8595674532410815,0.1821478329794203,0.9154268306872723,0.22838262679590465,0.8840165382776813,0.3831305559416676,0.695517299708842,0.9325687880977356,0.009328854051381239,0.0066344035250485225,0.037300177619893425,0.015984015984015984
BLOODCELL,ConvNeXt,3,TAU_0.80,True,0.9281272825240452,0.9279466695257773,0.9903998536120658,0.013741692749450831,0.007588242583191536,0.01205823717748716,0.105324410069189,0.8595674532410815,0.1821478329794203,0.9154268306872723,0.22838262679590465,0.8840165382776813,0.3831305559416676,0.695517299708842,0.9325687880977356,0.009328854051381239,0.0066344035250485225,0.037300177619893425,0.015984015984015984
BLOODCELL,ConvNeXt,3,TAU_0.85,True,0.9281272825240452,0.9279466695257773,0.9903998536120658,0.013741692749450831,0.007588242583191536,0.01205823717748716,0.105324410069189,0.8595674532410815,0.1821478329794203,0.9154268306872723,0.22838262679590465,0.8840165382776813,0.3831305559416676,0.695517299708842,0.9325687880977356,0.009328854051381239,0.0066344035250485225,0.037300177619893425,0.015984015984015984
BLOODCELL,ConvNeXt,3,TAU_0.90,True,0.9281272825240452,0.9279466695257773,0.9903998536120658,0.013741692749450831,0.007588242583191536,0.01205823717748716,0.105324410069189,0.8595674532410815,0.1821478329794203,0.9154268306872723,0.22838262679590465,0.8840165382776813,0.3831305559416676,0.695517299708842,0.9325687880977356,0.009328854051381239,0.0066344035250485225,0.037300177619893425,0.015984015984015984
BLOODCELL,ConvNeXt,3,TAU_0.95,True,0.9281272825240452,0.9279466695257773,0.9903998536120658,0.013741692749450831,0.007588242583191536,0.01205823717748716,0.105324410069189,0.8595674532410815,0.1821478329794203,0.9154268306872723,0.22838262679590465,0.8840165382776813,0.3831305559416676,0.695517299708842,0.9325687880977356,0.009328854051381239,0.0066344035250485225,0.037300177619893425,0.015984015984015984
BLOODCELL,ConvNeXt,3,FAIR_rbf_svm,True,0.9253392110533335,0.9251831884024015,0.9888870593066036,0.008709527902894011,0.0007622931586294572,0.008496166961771582,0.11021241358634118,0.853050115218212,0.1872972318992996,0.925067213199929,0.19287398985402915,0.8897596024974582,0.37114572416241737,0.7199642247229029,0.9417235250071345,0.01104981119794668,0.008140663151723829,0.04129662522202487,0.01948051948051948
BLOODCELL,ConvNeXt,3,FAIR_poly_svm,True,0.9101874065314962,0.910094040549692,0.9860959697486369,0.017342821788954074,0.00671346006346852,0.01311241125676428,0.13068757664489217,0.8257498978068107,0.23436466433278577,0.8964132195338979,0.2666272431782589,0.8602581373463106,0.10782239211066402,0.6676363390671124,0.9191201035854977,0.015637743701997348,0.011414875403395794,0.055062166962699825,0.028471528471528472
BLOODCELL,ConvNeXt,3,FAIR_knn,True,0.9050647075837776,0.9036635338919831,0.9859236577482904,0.06584990396802015,0.05341906729513437,0.04010147030769759,0.15294101976976993,0.7960786403069737,0.578202446854478,0.8617897590774302,0.2908905004601869,0.8317301534463446,0.31811803694769036,0.5755659251730235,0.8920050842996711,0.014839834134301618,0.01010958130130486,0.04795737122557734,0.025974025974026062
BLOODCELL,ConvNeXt,3,FAIR_equal_blend,True,0.9368617839965203,0.9366328101321836,0.9922390924526823,0.055599383327228864,0.04418844744835778,0.029685458389374947,0.10428719868182354,0.8609504017575688,0.196832506800488,0.881017778439525,0.31201675680917035,0.8605826310967053,0.24258899612720175,0.6177763872111304,0.8988741697387208,0.007586378418558548,0.005511922313925527,0.03197158081705151,0.00999000999000999
BLOODCELL,ConvNeXt,3,ABL_no_descriptors,True,0.9209495816806577,0.920903664385687,0.9884389541809151,0.018985310967240383,0.009163668614777375,0.011354657664717775,0.11614711016890601,0.8451371864414589,0.20237829776219246,0.9065097129791857,0.24922556553868988,0.8725253626400666,0.3827354123594153,0.688180821367574,0.9253671129057093,0.011671435958582487,0.008407810876912438,0.04262877442273535,0.025474525474525476
BLOODCELL,ConvNeXt,4,BASE,True,0.8767560048142732,0.8740443562674416,0.979468139458741,0.05154456790212056,0.03452788996130927,0.03885941021460788,0.18330417525939255,0.7555944329874769,0.33513819197779593,0.8245545029640198,0.46035730838775635,0.7833411693572998,0.6794030070304871,0.6009281277656555,0.8561805486679077,0.025402214416489776,0.017363503210831112,0.08840515326521546,0.05347326336831584
BLOODCELL,ConvNeXt,4,MC_DROPOUT,True,0.8720103223941283,0.8691666527439347,0.9788210928796014,0.07221210669937561,0.056444435918294934,0.04860214400551855,0.19227204460567004,0.7436372738591069,0.35826114373786144,0.7994275093078613,0.5218130946159363,0.7622231245040894,0.18077871913001653,0.5675792694091797,0.8336730599403381,0.025898545919275352,0.017211306717122666,0.09151488227454464,0.05647176411794103
BLOODCELL,ConvNeXt,4,TEMP_SCALE,True,0.8767560048142732,0.8740443562674416,0.9798612688733386,0.01587095415944773,0.0024635317960993576,0.026829502831124213,0.17794920742467507,0.7627343901004335,0.3123364856217627,0.8815252780914307,0.3080281913280487,0.8256377577781677,0.10676498033783655,0.6825242638587952,0.909668505191803,0.02533218725294682,0.017293476047288155,0.08618391825855176,0.05647176411794103
BLOODCELL,ConvNeXt,4,VEC_SCALE,True,0.8921862213969717,0.8915760205671196,0.9811532278591776,0.00937847698577191,0.00042686097478783887,0.010935864527281186,0.15766528735011515,0.7897796168665134,0.2696299343421576,0.890896508426196,0.27225433355931283,0.843150668816597,0.3030994996603043,0.689493000917047,0.9153610313015789,0.021368732707555033,0.015257141532736846,0.07063527321190582,0.04547726136931534
BLOODCELL,ConvNeXt,4,ISOTONIC,True,0.8898787791466627,0.8886480007842014,0.9810020426164959,0.014206289494637933,0.0028259553348066618,0.012940736365951057,0.16153989198137533,0.7846134773581666,0.28258741248762603,0.8843064308166504,0.2755252420902252,0.8369556069374084,0.32675063610076904,0.6828179955482483,0.9093905687332153,0.022024614900178537,0.015634399739305825,0.07529986672589958,0.0466909402441636
BLOODCELL,ConvNeXt,4,DIRICHLET,True,0.891469546065374,0.890777179450308,0.9812411727091168,0.010782444374643296,0.0009386005643876405,0.010110355936531285,0.15884317065033365,0.7882091057995554,0.26866643921525096,0.892522394657135,0.2659687101840973,0.8436822891235352,0.3163709342479706,0.6953626275062561,0.9166698455810547,0.0214082601059174,0.015204511720750647,0.07196801421590404,0.047476261869065464
BLOODCELL,ConvNeXt,4,APEX,True,0.9391691034333687,0.9389488944902724,0.992463025755782,0.026246243885615726,0.017190111224687124,0.016489064126162592,0.09159249874225749,0.8778766683436569,0.17076003756298086,0.9137464335209758,0.23973111622338372,0.8885400876587137,0.23769382508067505,0.681336192335095,0.928884265322355,0.007189129834995007,0.005267862019196528,0.027543314082629944,0.011494252873563218
BLOODCELL,ConvNeXt,4,ABL_no_gate,True,0.9391691034333687,0.9389488944902724,0.992463025755782,0.026246243885615726,0.017190111224687124,0.016489064126162595,0.09159249874225749,0.8778766683436569,0.17076003756298086,0.9137464335209758,0.23973111622338372,0.8885400876587137,0.23769382508067505,0.681336192335095,0.928884265322355,0.007189129834995007,0.005267862019196528,0.027543314082629944,0.011494252873563218
BLOODCELL,ConvNeXt,4,ABL_no_rbf,True,0.9363455200986122,0.9359671294416998,0.990994188738937,0.06568592600684692,0.05279819681179809,0.03258350289350195,0.11115296448537636,0.8517960473528317,0.22208987756236617,0.870873447818208,0.3393897387022317,0.8500380750440009,0.3178883275718013,0.6060441512527444,0.8889659702137989,0.00913620930945123,0.007033668922779665,0.030208796090626388,0.013993003498250875
BLOODCELL,ConvNeXt,4,ABL_no_poly,True,0.9391691034333687,0.9389488944902724,0.9924634515138016,0.026248581119581685,0.017192544846811427,0.01649021132918124,0.09159213920490708,0.8778771477267907,0.17076104698556707,0.9137437101946806,0.23973818392905816,0.888538195617213,0.2376965949264176,0.6813275013595844,0.928881930693518,0.007189129834995007,0.005267862019196528,0.027543314082629944,0.011494252873563218
BLOODCELL,ConvNeXt,4,ABL_no_knn,True,0.940343164693163,0.940136055906458,0.9911988112432988,0.02129414037618937,0.011122567258188089,0.012967004933348006,0.0954058395156387,0.8727922139791485,0.17003812548609704,0.925616329148911,0.20183153280117372,0.896373344398583,0.39393423213710893,0.7274135361657884,0.9382568133952836,0.00901650964884763,0.007170376389608294,0.03109729009329187,0.01649175412293853
BLOODCELL,ConvNeXt,4,ABL_focal,True,0.9427496534875262,0.9423723324880089,0.9934771111322993,0.06448107336129646,0.05360100352319268,0.03473045537212028,0.09634706169075839,0.8715372510789889,0.19413304532709025,0.8792762416182639,0.3247352888958777,0.8623950997988636,0.2334104611158866,0.5932884357143817,0.8967411457956,0.00607192078105439,0.004371470415893046,0.020435362061306087,0.008995502248875561
BLOODCELL,ConvNeXt,4,TAU_0.60,True,0.9391691034333687,0.9389488944902724,0.992463025755782,0.026246243885615726,0.017190111224687124,0.016489064126162592,0.09159249874225749,0.8778766683436569,0.17076003756298086,0.9137464335209758,0.23973111622338372,0.8885400876587137,0.23769382508067505,0.681336192335095,0.928884265322355,0.007189129834995007,0.005267862019196528,0.027543314082629944,0.011494252873563218
BLOODCELL,ConvNeXt,4,TAU_0.70,True,0.9391691034333687,0.9389488944902724,0.992463025755782,0.026246243885615726,0.017190111224687124,0.016489064126162592,0.09159249874225749,0.8778766683436569,0.17076003756298086,0.9137464335209758,0.23973111622338372,0.8885400876587137,0.23769382508067505,0.681336192335095,0.928884265322355,0.007189129834995007,0.005267862019196528,0.027543314082629944,0.011494252873563218
BLOODCELL,ConvNeXt,4,TAU_0.80,True,0.9391691034333687,0.9389488944902724,0.992463025755782,0.026246243885615726,0.017190111224687124,0.016489064126162592,0.09159249874225749,0.8778766683436569,0.17076003756298086,0.9137464335209758,0.23973111622338372,0.8885400876587137,0.23769382508067505,0.681336192335095,0.928884265322355,0.007189129834995007,0.005267862019196528,0.027543314082629944,0.011494252873563218
BLOODCELL,ConvNeXt,4,TAU_0.85,True,0.9391691034333687,0.9389488944902724,0.992463025755782,0.026246243885615726,0.017190111224687124,0.016489064126162592,0.09159249874225749,0.8778766683436569,0.17076003756298086,0.9137464335209758,0.23973111622338372,0.8885400876587137,0.23769382508067505,0.681336192335095,0.928884265322355,0.007189129834995007,0.005267862019196528,0.027543314082629944,0.011494252873563218
BLOODCELL,ConvNeXt,4,TAU_0.90,True,0.9391691034333687,0.9389488944902724,0.992463025755782,0.026246243885615726,0.017190111224687124,0.016489064126162592,0.09159249874225749,0.8778766683436569,0.17076003756298086,0.9137464335209758,0.23973111622338372,0.8885400876587137,0.23769382508067505,0.681336192335095,0.928884265322355,0.007189129834995007,0.005267862019196528,0.027543314082629944,0.011494252873563218
BLOODCELL,ConvNeXt,4,TAU_0.95,True,0.9391691034333687,0.9389488944902724,0.992463025755782,0.026246243885615726,0.017190111224687124,0.016489064126162592,0.09159249874225749,0.8778766683436569,0.17076003756298086,0.9137464335209758,0.23973111622338372,0.8885400876587137,0.23769382508067505,0.681336192335095,0.928884265322355,0.007189129834995007,0.005267862019196528,0.027543314082629944,0.011494252873563218
BLOODCELL,ConvNeXt,4,FAIR_rbf_svm,True,0.93955452116004,0.9393407803198198,0.9909398781445573,0.01769609851122517,0.007711510635231718,0.010857939044233756,0.09583479301133183,0.872220275984891,0.17061953220874945,0.929058983149992,0.18821024227823627,0.8990433720185808,0.22894927305388124,0.7311609591713859,0.9418591957647786,0.009417210624249234,0.007521157713227636,0.03154153709462461,0.01649175412293853
BLOODCELL,ConvNeXt,4,FAIR_poly_svm,True,0.9200413905842957,0.9198501379068281,0.9867006670352547,0.025449087883392202,0.01207418813240131,0.018122527509443855,0.12395383387278393,0.834728221502955,0.2308995262796892,0.8957243532026689,0.27276316892462593,0.8626278808037554,0.6765970387743574,0.6709301271183088,0.9153608762113418,0.015445737335683428,0.012112710397585606,0.04531319413593958,0.025987006496751622
BLOODCELL,ConvNeXt,4,FAIR_knn,True,0.9073592216438351,0.9058274889890657,0.9838592335121222,0.07034340871454552,0.05783909962174161,0.04382990987190612,0.1566925202114026,0.7910766397181301,0.8183910778382681,0.859080279510259,0.300786611302666,0.8271326680547368,0.5300968265219865,0.5853112039523111,0.8871931903101717,0.02092886716115594,0.01643283628449278,0.04797867614393579,0.02298850574712617
BLOODCELL,ConvNeXt,4,FAIR_equal_blend,True,0.9395622755821318,0.9391547253155054,0.9929364123064214,0.059432543869590994,0.04750571503921925,0.031941610569034475,0.09787180231416417,0.8695042635811145,0.1956435889224464,0.881317835255892,0.3183963123414399,0.8629346402923584,0.2947450509202084,0.6038686664500821,0.8992634836212039,0.006851200709329821,0.0049551477983082225,0.023545091070635273,0.00849575212393803
BLOODCELL,ConvNeXt,4,ABL_no_descriptors,True,0.9307934584320163,0.9305908755178559,0.9914011471279722,0.031376933023171565,0.021245041958329377,0.019970934913053916,0.1008806884742762,0.8654924153676319,0.18831715588229,0.9040254796962836,0.26590212012351383,0.8765193637702425,0.18498095582760288,0.6657703495528289,0.9218332084956654,0.008435210756215238,0.005945013445297848,0.030208796090626388,0.011494252873563218
BLOODCELL,ConvNeXt,5,BASE,True,0.8957943166735731,0.8953021311270696,0.9824704297026007,0.07606680704344758,0.06001763050290603,0.03855721607784199,0.16534235855438145,0.7795435219274917,0.30500474780890724,0.8192169070243835,0.4685715436935425,0.7885043621063232,0.34268380204836524,0.593539834022522,0.8456131219863892,0.020087261986984822,0.014381519664099555,0.06974677920924034,0.04547726136931534
BLOODCELL,ConvNeXt,5,MC_DROPOUT,True,0.8950068476121655,0.894499055484148,0.9819942574942742,0.09892802936234159,0.08328592222528301,0.047564971727969724,0.17511116652498498,0.7665184446333537,0.3291339945776435,0.795556366443634,0.5266952514648438,0.7676740288734436,0.18299245834350586,0.5709931254386902,0.8220464587211609,0.02071853594906703,0.014923856041955527,0.07330075521990227,0.04847576211894053
BLOODCELL,ConvNeXt,5,TEMP_SCALE,True,0.8957943166735731,0.8953021311270696,0.9826493762754365,0.01291330221840899,0.002710407928592005,0.014157506859357686,0.152642689116111,0.7964764145118522,0.2614720575644278,0.894580602645874,0.2673824429512024,0.8480008840560913,0.0838409639321841,0.6921303868293762,0.9182602167129517,0.019517689318474047,0.01381194699558878,0.07019102621057308,0.04297851074462768
BLOODCELL,ConvNeXt,5,VEC_SCALE,True,0.8949325304672093,0.8942355195035971,0.9826353879992271,0.01633618427477311,0.002431475798366508,0.012927761547792177,0.15321106078906335,0.7957185856145825,0.2574721505941273,0.8953171292618158,0.2589614088693365,0.8485232640954535,0.09016461899684625,0.6934534586564481,0.9191294657407334,0.019338427654055034,0.013543747746943531,0.06974677920924034,0.041979010494752625
BLOODCELL,ConvNeXt,5,ISOTONIC,True,0.8941795030936468,0.8932465178463688,0.9824208792584632,0.009762568725384686,0.001171917759474252,0.011772774799541155,0.15241712916655795,0.7967771611112564,0.2636085746530657,0.8931015133857727,0.24948088824748993,0.8488117456436157,0.07936131512677225,0.6831763982772827,0.9180747866630554,0.019330041079355556,0.013445709235389233,0.0675255442025764,0.04147926036981517
BLOODCELL,ConvNeXt,5,DIRICHLET,True,0.8937916143492586,0.8926705667909224,0.9830562254798842,0.009681861153800013,0.0009158773437234178,0.012249914870993294,0.15024918007548727,0.7996677598993506,0.2520406154553727,0.8923483490943909,0.2616821229457855,0.8484205007553101,0.09459594704888086,0.6789647936820984,0.9178398251533508,0.018825336077522344,0.012895910183263805,0.0670812972012439,0.03798100949525238
BLOODCELL,ConvNeXt,5,APEX,True,0.9399244073839096,0.9399486462850708,0.993015675066085,0.01970348270638362,0.010871602498221642,0.013050329035767564,0.08831298408439234,0.8822493545541437,0.15883300791150518,0.9218318125328986,0.21244970270116226,0.8974351157663407,0.6263955677929186,0.6770511025124745,0.937553585060795,0.0069250814023184845,0.005054073319369173,0.024433585073300755,0.012993503248375811
BLOODCELL,ConvNeXt,5,ABL_no_gate,True,0.9399244073839096,0.9399486462850708,0.993014445804126,0.021556203534017625,0.011646263548187298,0.013673633792060385,0.08838151727093745,0.8821579769720835,0.15917746183682327,0.921333621381585,0.21451675908632092,0.8969789416868011,0.6258584492833896,0.6766399075261954,0.9370498063208293,0.006926040773249041,0.005055032690299729,0.024433585073300755,0.012993503248375811
BLOODCELL,ConvNeXt,5,ABL_no_rbf,True,0.931917815503653,0.9317013081738713,0.9919637323749174,0.04963551740496881,0.03711539453574409,0.027756009312115703,0.10753227697557509,0.8566236306992334,0.20531382184583316,0.8823816088722733,0.3186470346921908,0.8594286565422206,0.1945675807908549,0.6181404745826632,0.9017660936271094,0.008500935978166393,0.006096633919447761,0.03109729009329187,0.015492253873063468
BLOODCELL,ConvNeXt,5,ABL_no_poly,True,0.9399244073839096,0.9399486462850708,0.9929993733252458,0.01946055582660225,0.010974076431263406,0.012809222783993903,0.08831440093531073,0.8822474654195859,0.158673475798215,0.9221542239435668,0.21107221110910793,0.8977096836272604,0.6290828254921514,0.6775781745909442,0.937862851528529,0.006940741133939882,0.00506973305099057,0.023989338071968014,0.01249375312343828
BLOODCELL,ConvNeXt,5,ABL_no_knn,True,0.9395224781234595,0.939571239955517,0.9926796995478865,0.017533855618635782,0.008326874901531441,0.010685957073296493,0.08936406803049465,0.880847909292674,0.15936430845040608,0.9241876464722946,0.20231317883728725,0.8989400811970637,0.6135586225185158,0.6840825201881522,0.9397178503851412,0.007347453020115308,0.00545140010909371,0.024877832074633496,0.014492753623188406
BLOODCELL,ConvNeXt,5,ABL_focal,True,0.947521950806972,0.9472868759887474,0.994714913850212,0.06597906948723219,0.05586445273676427,0.03426658083142132,0.08959132513484115,0.880544899820212,0.18357422512040067,0.8812631367477797,0.3355319155153265,0.8653241418523553,0.3838922318873319,0.602215076126335,0.8968050540482146,0.005043645145719118,0.0036162700709235153,0.01776988005330964,0.006496751624187906
BLOODCELL,ConvNeXt,5,TAU_0.60,True,0.9399244073839096,0.9399486462850708,0.9930114568582294,0.02079107113042533,0.011121143193286345,0.013458447437356432,0.08835309251088051,0.8821958766521595,0.15903416447561747,0.9215876646902541,0.21355726191066363,0.8972024229464751,0.6263955677929186,0.676976561345492,0.9372985437226056,0.006923708590555492,0.00505270050760618,0.024433585073300755,0.012993503248375811
BLOODCELL,ConvNeXt,5,TAU_0.70,True,0.9399244073839096,0.9399486462850708,0.9930082586456099,0.020250349818667003,0.011136590811010188,0.013304908299815415,0.08833640821043445,0.8822181223860875,0.15897192983661532,0.9217066816804652,0.2130787601382181,0.8973105631975344,0.6263955677929186,0.6770544107642804,0.9374202048231041,0.006935512134290334,0.005064504051341022,0.024433585073300755,0.012993503248375811
BLOODCELL,ConvNeXt,5,TAU_0.80,True,0.9399244073839096,0.9399486462850708,0.9930137662989449,0.020157549296506174,0.010906522294210297,0.013238249863620238,0.08831036612835491,0.8822528451621936,0.15886150561374973,0.9218005381230908,0.21265485598663966,0.8974065729049854,0.6263955677929186,0.6770334364841001,0.9375214366120264,0.006927197112122406,0.0050561890291730945,0.024433585073300755,0.012993503248375811
BLOODCELL,ConvNeXt,5,TAU_0.85,True,0.9399244073839096,0.9399486462850708,0.993015675066085,0.01970348270638362,0.010871602498221642,0.013050329035767564,0.08831298408439234,0.8822493545541437,0.15883300791150518,0.9218318125328986,0.21244970270116226,0.8974351157663407,0.6263955677929186,0.6770511025124745,0.937553585060795,0.0069250814023184845,0.005054073319369173,0.024433585073300755,0.012993503248375811
BLOODCELL,ConvNeXt,5,TAU_0.90,True,0.9399244073839096,0.9399486462850708,0.9930196969605544,0.01926717268892186,0.010855853239666296,0.013029824958217757,0.08832367347096846,0.8822351020387089,0.15882362547868153,0.9218455503718466,0.21227194035588992,0.8974478469964114,0.6263955677929186,0.6770470578148478,0.9375684650362901,0.006921060014563752,0.00505005193161444,0.024433585073300755,0.012993503248375811
BLOODCELL,ConvNeXt,5,TAU_0.95,True,0.9399244073839096,0.9399486462850708,0.9930192747745088,0.019256503632514823,0.010845886496141894,0.013038341132669226,0.08833335165609865,0.8822221977918686,0.1588253860133543,0.9218548148024884,0.21210374767606602,0.8974562046296118,0.6263955677929186,0.6770470110038425,0.9375783275092495,0.006921477986342774,0.005050469903393462,0.024433585073300755,0.012993503248375811
BLOODCELL,ConvNeXt,5,FAIR_rbf_svm,True,0.937935112545608,0.9379676433057238,0.9925032732113346,0.015621691374841455,0.005920061568985649,0.009528033041237824,0.0897994372911278,0.8802674169451631,0.15868285145365635,0.9270292875113012,0.1904667154280671,0.9011420275021841,0.6210338534586588,0.6857147831000331,0.9430757762956822,0.007582666581511919,0.0055847328668080344,0.02576632607729898,0.014492753623188406
BLOODCELL,ConvNeXt,5,FAIR_poly_svm,True,0.929110474700186,0.9290058760089973,0.9879604423636154,0.03490188430543426,0.021153653344495947,0.01882881901933245,0.11734969821694856,0.8435337357107355,0.22772807769317063,0.8986475630013541,0.2644526159018091,0.867590781184007,0.283334465685511,0.6774843128407643,0.9155869169293167,0.013736370199910374,0.01112924196559786,0.04042647712127943,0.01999000499750125
BLOODCELL,ConvNeXt,5,FAIR_knn,True,0.9093462896129922,0.9079149026021991,0.9867611188164408,0.07179960506053631,0.06001972174725961,0.04293682872468747,0.15153083889481303,0.797958881473583,0.6033655963059764,0.8580780471340521,0.2982014276310978,0.8302094852620372,0.24403292369722757,0.5759320535128147,0.8863670913493741,0.016126437519794066,0.011823951843724824,0.04842292314526881,0.019490254872563766
BLOODCELL,ConvNeXt,5,FAIR_equal_blend,True,0.9447184747875924,0.9445175536176482,0.9943652928725636,0.06307539100741552,0.05252725689066399,0.032800580913654,0.09361848603711205,0.8751753519505174,0.18578140930265896,0.8822001433931314,0.3122919638190469,0.8663140979827436,0.19566946369575822,0.5884821184619825,0.8994776742714343,0.005435283390494082,0.0038515735326240413,0.019102621057307864,0.0069965017491254375
BLOODCELL,ConvNeXt,5,ABL_no_descriptors,True,0.9363820665813154,0.9362297704187438,0.9921342922944806,0.026933552110731517,0.018125029701602628,0.014872177749986398,0.09726931658677816,0.8703075778842959,0.177073440799618,0.9099497568147022,0.24578941354422315,0.8836792170187562,0.38298477040355794,0.6749251173088233,0.9260060942702705,0.007746346887473839,0.005643806500802274,0.029764549089293647,0.013993003498250875
BLOODCELL,MobileNetV3,1,BASE,True,0.8254859081761752,0.8256737486417245,0.9618954895227967,0.07915139219735177,0.059384287203437594,0.04761927324833511,0.2599213540253032,0.6534381946329295,0.49043377344355804,0.7458586096763611,0.6544000506401062,0.6926038265228271,0.1835092008113861,0.5615748763084412,0.7849463820457458,0.05084653081109965,0.0345203126918122,0.13632326820603907,0.1043956043956044
BLOODCELL,MobileNetV3,1,MC_DROPOUT,True,0.8211467190146744,0.8211113766561727,0.9610156165335737,0.09193372085863143,0.07127353977184064,0.0532008253649633,0.2674970143700272,0.6433373141732975,0.5063376472172839,0.7286815643310547,0.6932159662246704,0.6779306530952454,0.1640040793569919,0.5459445714950562,0.768627405166626,0.051960713113887266,0.034776522709774896,0.13987566607460036,0.1038961038961039
BLOODCELL,MobileNetV3,1,TEMP_SCALE,True,0.8254859081761752,0.8256737486417245,0.962009169918304,0.014934587004753376,0.002090792311910312,0.027664479863380807,0.248521708107311,0.6686377225235858,0.45956101415803646,0.8199621438980103,0.4634777009487152,0.7484400868415833,0.18286475539207458,0.6389256119728088,0.8583610653877258,0.05105039820843868,0.034724180089151235,0.1349911190053286,0.1028971028971029
BLOODCELL,MobileNetV3,1,VEC_SCALE,True,0.8323005480892999,0.8312321694254889,0.9622068780656491,0.01776775072598296,0.0021376984077161186,0.015385063812773485,0.24457621800483176,0.6738983759935581,0.44932910239128554,0.8234286382018281,0.4532750313460252,0.7530310102275689,0.261605762497443,0.6429959370648565,0.8599138289696788,0.04917830690699667,0.0341320437147474,0.13188277087033748,0.09940059940059941
BLOODCELL,MobileNetV3,1,ISOTONIC,True,0.8286839646771502,0.8276332008286235,0.961387949994898,0.014490207409411014,0.0023590022572308415,0.0176935729071073,0.24649266339696865,0.6713431154707089,0.46914096354083157,0.8259342908859253,0.4458683729171753,0.7529891133308411,0.32523804903030396,0.6516490578651428,0.8620859980583191,0.05025514503153479,0.03453819567500685,0.1296625222024868,0.10289710289710297
BLOODCELL,MobileNetV3,1,DIRICHLET,True,0.8279514544755036,0.8263903024143039,0.9621511588746334,0.019268437559205535,0.005933265659790337,0.015775566319538758,0.24488033166980766,0.6734928911069236,0.44954916763225333,0.8224954009056091,0.45517048239707947,0.7520091533660889,0.3657956520716349,0.6402038335800171,0.8605205416679382,0.049451238848369466,0.033583130519049445,0.130550621669627,0.0979020979020979
BLOODCELL,MobileNetV3,1,APEX,True,0.9336766581080046,0.9334573009093017,0.9922653332429834,0.0327012630842428,0.021648173799922493,0.01708983356413331,0.10089841513949731,0.8654687798140037,0.18446080613158305,0.9035675569994213,0.2603301619477857,0.8785085186829065,0.3272206812821974,0.6454114377734478,0.9220230672351823,0.007814683044770693,0.005524360214267353,0.02930728241563055,0.013986013986013986
BLOODCELL,MobileNetV3,1,ABL_no_gate,True,0.9336766581080046,0.9334573009093017,0.9922653332429834,0.0327012630842428,0.021648173799922496,0.01708983356413331,0.10089841513949731,0.8654687798140037,0.18446080613158305,0.9035675569994213,0.2603301619477857,0.8785085186829065,0.3272206812821974,0.6454114377734478,0.9220230672351823,0.007814683044770693,0.005524360214267353,0.02930728241563055,0.013986013986013986
BLOODCELL,MobileNetV3,1,ABL_no_rbf,True,0.9356394623080659,0.9354472276794394,0.9921349237998648,0.029904903265749294,0.01810229589562826,0.016844477359538892,0.1020850871756252,0.8638865504325,0.18564902123578877,0.905621447584606,0.2536446226522503,0.8795478710756953,0.3112280892197909,0.6604611171916457,0.922586835676729,0.008094652573862174,0.005940526779906211,0.03152753108348135,0.015984015984015984
BLOODCELL,MobileNetV3,1,ABL_no_poly,True,0.9325366161525016,0.9321682556186341,0.9917518357357964,0.05037475969753258,0.03880205280309484,0.027340452536612898,0.10846249987525038,0.8553833334996663,0.20633734725084596,0.8817755541455025,0.31513445584230215,0.8582195285304399,0.691959927427066,0.6258522488223986,0.900424059034027,0.008086626831205474,0.005712534031635077,0.035523978685612786,0.012987012987012988
BLOODCELL,MobileNetV3,1,ABL_no_knn,True,0.9292879406086749,0.9290750050159645,0.9913849239306453,0.020258360900158482,0.009821241388940328,0.01237477811799608,0.10412050699913593,0.8611726573344856,0.18644433828415097,0.9106639689384856,0.23419218247560003,0.8828269995765935,0.693329939445974,0.6576167627095314,0.9300370453723581,0.008956635425314193,0.006351615754657272,0.03285968028419183,0.015984015984015984
BLOODCELL,MobileNetV3,1,ABL_focal,True,0.94524846418403,0.9449028514761958,0.9942251566081861,0.07856620290590466,0.06817813582439718,0.04044234935202718,0.09943837057921737,0.867415505894377,0.20293073903845352,0.8663747046906148,0.35958995728862303,0.8521585022113298,0.195251509783122,0.560553842469522,0.8842196429512958,0.005187803869202339,0.0036281931639179114,0.021758436944937832,0.006493506493506494
BLOODCELL,MobileNetV3,1,TAU_0.60,True,0.9336766581080046,0.9334573009093017,0.9922653332429834,0.0327012630842428,0.021648173799922493,0.01708983356413331,0.10089841513949731,0.8654687798140037,0.18446080613158305,0.9035675569994213,0.2603301619477857,0.8785085186829065,0.3272206812821974,0.6454114377734478,0.9220230672351823,0.007814683044770693,0.005524360214267353,0.02930728241563055,0.013986013986013986
BLOODCELL,MobileNetV3,1,TAU_0.70,True,0.9336766581080046,0.9334573009093017,0.9922653332429834,0.0327012630842428,0.021648173799922493,0.01708983356413331,0.10089841513949731,0.8654687798140037,0.18446080613158305,0.9035675569994213,0.2603301619477857,0.8785085186829065,0.3272206812821974,0.6454114377734478,0.9220230672351823,0.007814683044770693,0.005524360214267353,0.02930728241563055,0.013986013986013986
BLOODCELL,MobileNetV3,1,TAU_0.80,True,0.9336766581080046,0.9334573009093017,0.9922653332429834,0.0327012630842428,0.021648173799922493,0.01708983356413331,0.10089841513949731,0.8654687798140037,0.18446080613158305,0.9035675569994213,0.2603301619477857,0.8785085186829065,0.3272206812821974,0.6454114377734478,0.9220230672351823,0.007814683044770693,0.005524360214267353,0.02930728241563055,0.013986013986013986
BLOODCELL,MobileNetV3,1,TAU_0.85,True,0.9336766581080046,0.9334573009093017,0.9922653332429834,0.0327012630842428,0.021648173799922493,0.01708983356413331,0.10089841513949731,0.8654687798140037,0.18446080613158305,0.9035675569994213,0.2603301619477857,0.8785085186829065,0.3272206812821974,0.6454114377734478,0.9220230672351823,0.007814683044770693,0.005524360214267353,0.02930728241563055,0.013986013986013986
BLOODCELL,MobileNetV3,1,TAU_0.90,True,0.9336766581080046,0.9334573009093017,0.9922653332429834,0.0327012630842428,0.021648173799922493,0.01708983356413331,0.10089841513949731,0.8654687798140037,0.18446080613158305,0.9035675569994213,0.2603301619477857,0.8785085186829065,0.3272206812821974,0.6454114377734478,0.9220230672351823,0.007814683044770693,0.005524360214267353,0.02930728241563055,0.013986013986013986
BLOODCELL,MobileNetV3,1,TAU_0.95,True,0.9336766581080046,0.9334573009093017,0.9922653332429834,0.0327012630842428,0.021648173799922493,0.01708983356413331,0.10089841513949731,0.8654687798140037,0.18446080613158305,0.9035675569994213,0.2603301619477857,0.8785085186829065,0.3272206812821974,0.6454114377734478,0.9220230672351823,0.007814683044770693,0.005524360214267353,0.02930728241563055,0.013986013986013986
BLOODCELL,MobileNetV3,1,FAIR_rbf_svm,True,0.9213602316625872,0.9210384756997224,0.9876088073692004,0.01708745773490908,0.004419256222346456,0.012712867558577784,0.12297949162458675,0.8360273445005513,0.22050224541305996,0.9070617801488967,0.24451379027493544,0.8702824666210163,0.3245663755548148,0.6980244772799213,0.9250181298096588,0.013149994442986465,0.00991946005984287,0.04706927175843695,0.026973026973026972
BLOODCELL,MobileNetV3,1,FAIR_poly_svm,True,0.932056447697577,0.9318812946100042,0.9908426108179555,0.015756457305807957,0.0053053847909124135,0.010420747890510009,0.10675972965590684,0.8576536937921244,0.19053219981059735,0.9161850085805723,0.21544514343920676,0.8860388722851827,0.3666249672788654,0.6870053952330072,0.9329902032128337,0.00979603737585917,0.0073936788559379905,0.035523978685612786,0.01898101898101898
BLOODCELL,MobileNetV3,1,FAIR_knn,True,0.9151495901634862,0.9132929285140967,0.9892030926564904,0.07853774957939966,0.06759791778530597,0.04667996595721797,0.14845549143698084,0.8020593447506925,0.5149314739395615,0.8463668333802612,0.3236010637418007,0.8232491248628785,0.33066336967771315,0.5559354749886084,0.8735194374413418,0.010171685746150865,0.006390849538984961,0.04085257548845471,0.014485514485514486
BLOODCELL,MobileNetV3,1,FAIR_equal_blend,True,0.9416566449407948,0.9413266872236411,0.9938420575425142,0.06565528502330492,0.054836976072747734,0.03466656297129055,0.09891152754732879,0.8681179632702285,0.1958102512857346,0.8760158177029072,0.3240909217964838,0.8598568212563599,0.1828908000202586,0.5767745483630373,0.8946866439308194,0.005667524214406184,0.0038964264924653256,0.023090586145648313,0.006493506493506494
BLOODCELL,MobileNetV3,1,ABL_no_descriptors,True,0.9232966219644099,0.922997480005705,0.9909253684239447,0.03699804302074291,0.02505968445496292,0.020574941132331846,0.11228638368773132,0.8502848217496918,0.20715702307699554,0.8919936150337828,0.2925007701411285,0.8641110307795845,0.30444988922719673,0.6337944037886895,0.9135661032460353,0.009579088011577178,0.006511408706389601,0.03463587921847247,0.01848151848151848
BLOODCELL,MobileNetV3,2,BASE,True,0.840310027735734,0.839960703281182,0.9648154534035782,0.0830619722021326,0.06279355769073393,0.04319292905701743,0.24630001311503735,0.6715999825132839,0.46415650682618986,0.7571297883987427,0.6346195936203003,0.7060635089874268,0.18255093693733215,0.5710123777389526,0.7925301790237427,0.04610835776879629,0.032566698126881566,0.1238898756660746,0.09340659340659341
BLOODCELL,MobileNetV3,2,MC_DROPOUT,True,0.8387303875503859,0.8382998987840418,0.9644445207954999,0.09861660850224284,0.0788708706179149,0.050138501832920276,0.2520304805757331,0.6639593592323563,0.47837269256166975,0.7399770617485046,0.6736096143722534,0.6922974586486816,0.15313579230548036,0.5533840656280518,0.775891125202179,0.046515114245762164,0.03269334837976064,0.12566607460035523,0.08941058941058941
BLOODCELL,MobileNetV3,2,TEMP_SCALE,True,0.840310027735734,0.839960703281182,0.9648937640412969,0.01280500294206812,0.00040152870797960393,0.02015662673926647,0.23448288928553002,0.6873561476192938,0.4300204183773091,0.8345105051994324,0.4332267940044403,0.7646516561508179,0.17873892188072205,0.6557955741882324,0.8685029149055481,0.04549073088757436,0.03194907124565963,0.12433392539964476,0.0919080919080919
BLOODCELL,MobileNetV3,2,VEC_SCALE,True,0.8383855546372938,0.8381410361212347,0.9656606736354312,0.011471575158835259,0.0,0.016479484030486987,0.23086898055691396,0.6921746925907818,0.4216670361637708,0.8359281668898231,0.4248758265451302,0.7677159009329918,0.32102968802434334,0.6490210237302967,0.8720089071088928,0.04334672277846161,0.02945445473659806,0.12033747779751332,0.08891108891108891
BLOODCELL,MobileNetV3,2,ISOTONIC,True,0.8383536113403269,0.8373081432435785,0.9649748882188904,0.017892728364329515,0.004036872678594175,0.02001643206111572,0.2343725300572946,0.6875032932569409,0.4454143843779879,0.8324933648109436,0.41790446639060974,0.7651160359382629,0.6792533993721008,0.6501596570014954,0.8676912188529968,0.04620559453808253,0.03231332649621898,0.12477797513321497,0.08891108891108898
BLOODCELL,MobileNetV3,2,DIRICHLET,True,0.8376685174742136,0.8372448600050788,0.9658933672729211,0.011113543463762955,0.0,0.01475666203019642,0.2299949556133255,0.6933400591822331,0.41977941728112533,0.8354803323745728,0.4263262152671814,0.7675968408584595,0.329216867685318,0.6467522382736206,0.8721275329589844,0.04296442497491881,0.028930581202758286,0.12300177619893428,0.08841158841158842
BLOODCELL,MobileNetV3,2,APEX,True,0.9295942091363099,0.9296433314355577,0.9913603622486535,0.029344542334875705,0.01726319791518928,0.017122415128868567,0.1033309791115791,0.8622253611845614,0.1933570620416391,0.9053237604008079,0.25905444455514975,0.878197022404614,0.28977544055214777,0.6501874033297724,0.9247386938494637,0.00915849690095898,0.006582943743306126,0.03285968028419183,0.016983016983016984
BLOODCELL,MobileNetV3,2,ABL_no_gate,True,0.9295942091363099,0.9296433314355577,0.9913603622486535,0.029344542334875694,0.017263197915189273,0.017122415128868567,0.1033309791115791,0.8622253611845614,0.1933570620416391,0.9053237604008079,0.2590544445551498,0.878197022404614,0.28977544055214777,0.6501874033297724,0.9247386938494637,0.00915849690095898,0.006582943743306126,0.03285968028419183,0.016983016983016984
BLOODCELL,MobileNetV3,2,ABL_no_rbf,True,0.9331802036146162,0.9332240500624842,0.9911407086934424,0.027224410026082727,0.01562738073320636,0.01612635131386633,0.1041849061524606,0.8610867917967194,0.1953419228952619,0.9064960880791287,0.2553877352981678,0.8784592188510519,0.3198303471337362,0.6660137066116549,0.9237984607071953,0.009416020568968248,0.007097945540767341,0.03330373001776199,0.017482517482517484
BLOODCELL,MobileNetV3,2,ABL_no_poly,True,0.9231954336060588,0.9229241974603526,0.9907644517684184,0.03819306121665048,0.02622967093742244,0.021802119745849696,0.11464572220135442,0.8471390370648609,0.2154925558900626,0.8861955284013188,0.3054352924070954,0.8583799202758993,0.3886376051086451,0.6357765388720946,0.907117980773241,0.010136889446824306,0.0070692101416367295,0.04129662522202487,0.014485514485514486
BLOODCELL,MobileNetV3,2,ABL_no_knn,True,0.9279910785619674,0.9279988237426066,0.9901002469451003,0.016701392834546448,0.006181283616160205,0.009982432494219423,0.10704181023060401,0.8572775863591948,0.19840832131665678,0.9137606782315575,0.2276717900501274,0.8835370735655065,0.33528979028690914,0.6729527441848566,0.9325316670612097,0.010529661095879782,0.007835210569547066,0.03596802841918295,0.01948051948051948
BLOODCELL,MobileNetV3,2,ABL_focal,True,0.9443517790687331,0.9441321643864933,0.9932960897933867,0.0748702565689211,0.06294968484001005,0.037163766677561993,0.10233637240427164,0.8635515034609713,0.2089400109335582,0.869196862887731,0.3582562581012002,0.8520865680169226,0.21359794451469322,0.5904482288637175,0.8857118052336308,0.007104758562107949,0.005499335092298044,0.024422735346358793,0.01048951048951049
BLOODCELL,MobileNetV3,2,TAU_0.60,True,0.9295942091363099,0.9296433314355577,0.9913603622486535,0.029344542334875698,0.017263197915189276,0.017122415128868567,0.10333097911157911,0.8622253611845614,0.1933570620416391,0.9053237604008079,0.2590544445551498,0.878197022404614,0.28977544055214777,0.6501874033297724,0.9247386938494637,0.00915849690095898,0.006582943743306126,0.03285968028419183,0.016983016983016984
BLOODCELL,MobileNetV3,2,TAU_0.70,True,0.9295942091363099,0.9296433314355577,0.9913603622486535,0.029344542334875698,0.017263197915189276,0.017122415128868567,0.1033309791115791,0.8622253611845614,0.1933570620416391,0.9053237604008079,0.25905444455514975,0.878197022404614,0.28977544055214777,0.6501874033297724,0.9247386938494637,0.00915849690095898,0.006582943743306126,0.03285968028419183,0.016983016983016984
BLOODCELL,MobileNetV3,2,TAU_0.80,True,0.9295942091363099,0.9296433314355577,0.9913603622486535,0.029344542334875705,0.01726319791518928,0.017122415128868567,0.1033309791115791,0.8622253611845614,0.1933570620416391,0.9053237604008079,0.25905444455514975,0.878197022404614,0.28977544055214777,0.6501874033297724,0.9247386938494637,0.00915849690095898,0.006582943743306126,0.03285968028419183,0.016983016983016984
BLOODCELL,MobileNetV3,2,TAU_0.85,True,0.9295942091363099,0.9296433314355577,0.9913603622486535,0.029344542334875705,0.01726319791518928,0.017122415128868567,0.1033309791115791,0.8622253611845614,0.1933570620416391,0.9053237604008079,0.25905444455514975,0.878197022404614,0.28977544055214777,0.6501874033297724,0.9247386938494637,0.00915849690095898,0.006582943743306126,0.03285968028419183,0.016983016983016984
BLOODCELL,MobileNetV3,2,TAU_0.90,True,0.9295942091363099,0.9296433314355577,0.9913603622486535,0.029344542334875705,0.01726319791518928,0.017122415128868567,0.1033309791115791,0.8622253611845614,0.1933570620416391,0.9053237604008079,0.25905444455514975,0.878197022404614,0.28977544055214777,0.6501874033297724,0.9247386938494637,0.00915849690095898,0.006582943743306126,0.03285968028419183,0.016983016983016984
BLOODCELL,MobileNetV3,2,TAU_0.95,True,0.9295942091363099,0.9296433314355577,0.9913603622486535,0.029344542334875705,0.01726319791518928,0.017122415128868564,0.1033309791115791,0.8622253611845614,0.1933570620416391,0.9053237604008079,0.25905444455514975,0.878197022404614,0.28977544055214777,0.6501874033297724,0.9247386938494637,0.00915849690095898,0.006582943743306126,0.03285968028419183,0.016983016983016984
BLOODCELL,MobileNetV3,2,FAIR_rbf_svm,True,0.9132495859653881,0.9129677344988,0.9866085741980305,0.013061356047967666,0.0024426926519958442,0.010125145366363433,0.12977192321856545,0.826970769041913,0.23458639604443005,0.9110843494257242,0.23324010330041786,0.8701714929338472,0.2468539958810223,0.7053357374454867,0.9307137574833576,0.015473283005192188,0.01154790192239957,0.051953818827708706,0.026973026973026972
BLOODCELL,MobileNetV3,2,FAIR_poly_svm,True,0.9299744924746451,0.9300935228925892,0.9888369386610907,0.015661491784829656,0.0038315701345418333,0.01004622716360536,0.10996287266750429,0.8533828364433278,0.21497348538325578,0.9203627326317009,0.20788671862579008,0.8870512371016605,0.1726728418507466,0.7014337721672588,0.9369211757093725,0.012511114805730632,0.00996485639815179,0.035523978685612786,0.02097902097902098
BLOODCELL,MobileNetV3,2,FAIR_knn,True,0.9138092191824947,0.9123143872582249,0.986545405747338,0.07436204224907138,0.06431100076727182,0.04604363578960432,0.15194904659036956,0.7974012712128409,0.570546922350883,0.8474708018955435,0.3217433493459488,0.8224713143666847,0.5315023714884649,0.5631180704964551,0.8744631652873203,0.014888808704999163,0.0109998259173202,0.043072824156305464,0.01948051948051943
BLOODCELL,MobileNetV3,2,FAIR_equal_blend,True,0.9391650071351862,0.9389088144093654,0.9928757723854779,0.060266560275254885,0.04825202413425694,0.030631182570154816,0.10256097264235703,0.8632520364768574,0.20287424334653475,0.8791052289803339,0.3190700912439411,0.8598980148007314,0.311897126684734,0.6026138604554803,0.8971065819098246,0.007466925370016378,0.005547208617559961,0.027531083481349913,0.011488511488511488
BLOODCELL,MobileNetV3,2,ABL_no_descriptors,True,0.9247755265797515,0.9248674327657924,0.9901906755655131,0.03256773652431148,0.020048329645380978,0.018049824597445814,0.11463997997028366,0.8471466933729553,0.2135770755004103,0.8926775732945416,0.2916985695005068,0.8634685945622558,0.3148350794315253,0.6444374901521421,0.9129530165589812,0.010758349584234678,0.007817840742898525,0.038632326820603906,0.01848151848151848
BLOODCELL,MobileNetV3,3,BASE,True,0.8313473290314773,0.8314544511000501,0.9613243183938831,0.08816656114290201,0.06755960364667851,0.045756991366069574,0.2567330327599382,0.6576892896534162,0.4890144566126964,0.7428362369537354,0.6670013666152954,0.6920486688613892,0.1561299411343856,0.552977442741394,0.7814469337463379,0.04761427596890502,0.0324203170265419,0.12966252220248667,0.0944055944055944
BLOODCELL,MobileNetV3,3,MC_DROPOUT,True,0.8249444376008832,0.8250605451293529,0.9604275888776364,0.09973860889542262,0.08066936878875171,0.05113129481681427,0.2641816090424149,0.6477578546101139,0.5046028058895743,0.7261132001876831,0.7041717171669006,0.6777994632720947,0.17133202752330268,0.5356557369232178,0.7666223049163818,0.0490264635829965,0.03262321722427,0.1341030195381883,0.0969030969030969
BLOODCELL,MobileNetV3,3,TEMP_SCALE,True,0.8313473290314773,0.8314544511000501,0.9616237531002085,0.016927826716525502,0.0029649285486014684,0.019359259120245578,0.24302990426252552,0.6759601276499664,0.4525360159649385,0.8301729559898376,0.4402480721473694,0.7582932114601135,0.2612692070634741,0.6440516114234924,0.8680236339569092,0.04704909192597965,0.03185513298361652,0.12966252220248667,0.0899100899100899
BLOODCELL,MobileNetV3,3,VEC_SCALE,True,0.829456970310497,0.8286428209427519,0.9625276870064104,0.011336162429917935,0.0005109513121133164,0.016215802740575058,0.24083475311845032,0.6788869958420667,0.4457844726070694,0.8307514819873981,0.43539046754534816,0.7601953749860589,0.05366536179733783,0.637324096433537,0.8706487933209175,0.04584364144242117,0.030277080155411206,0.13099467140319715,0.09140859140859141
BLOODCELL,MobileNetV3,3,ISOTONIC,True,0.823911522315304,0.8233285972964886,0.961509349779498,0.020855768508926387,0.008373393255023872,0.01952551426620847,0.24378753002085357,0.6749499599721956,0.46620697066992683,0.8311108946800232,0.4257170557975769,0.7591559886932373,0.12060145429662755,0.6376491189002991,0.8726005554199219,0.04693727074104736,0.030301777891581387,0.1314387211367673,0.09265734265734264
BLOODCELL,MobileNetV3,3,DIRICHLET,True,0.8310904940027419,0.8299071769024002,0.9625280448959264,0.015829232350569284,0.0022240100305946824,0.015026518920249716,0.24063804539316652,0.6791492728091117,0.44539567628640137,0.8318543434143066,0.4335741400718689,0.7606523036956787,0.09168878197669983,0.6431028246879578,0.8703491687774658,0.04547736554155801,0.030209270654488675,0.1327708703374778,0.09140859140859141
BLOODCELL,MobileNetV3,3,APEX,True,0.9312367202618794,0.9310523193091685,0.9911213613423434,0.02627348239090194,0.014971693284080777,0.017691755024474166,0.10532749981834022,0.8595633335755466,0.19564320957825684,0.9048019012712362,0.262261075611534,0.8763271681761845,0.6759118790714365,0.6678502591929173,0.9223953064555921,0.009515582591766958,0.007056178594643173,0.03463587921847247,0.01848151848151848
BLOODCELL,MobileNetV3,3,ABL_no_gate,True,0.9312367202618794,0.9310523193091685,0.9911213613423434,0.026273482390901968,0.014971693284080797,0.017691755024474166,0.10532749981834019,0.8595633335755466,0.19564320957825684,0.9048019012712362,0.26226107561153406,0.8763271681761845,0.6759118790714365,0.6678502591929173,0.9223953064555921,0.009515582591766958,0.007056178594643173,0.03463587921847247,0.01848151848151848
BLOODCELL,MobileNetV3,3,ABL_no_rbf,True,0.9316347847382421,0.9314730465584595,0.9907777499832978,0.025073619106331976,0.012692653487575062,0.016079950458723628,0.10679849619298683,0.8576020050760178,0.19856689372939884,0.9063063099886524,0.2565720171218434,0.8767938343167903,0.6725748448857748,0.6755691856249908,0.9233319579468462,0.009921059222176554,0.007490263660903173,0.03507992895204263,0.01898101898101898
BLOODCELL,MobileNetV3,3,ABL_no_poly,True,0.9280362215558369,0.9277927382663507,0.9916519845502252,0.04579294668739234,0.035605913527302566,0.02606484006130802,0.11003019859817965,0.8532930685357607,0.21009179850568935,0.8818938291815648,0.31736812255658836,0.8571770933837808,0.45869037533384105,0.6220949703228593,0.9021451614181821,0.00879794418296194,0.006103493656629223,0.034191829484902306,0.014985014985014986
BLOODCELL,MobileNetV3,3,ABL_no_knn,True,0.9272263792098031,0.9271661551974518,0.9900505202753164,0.017782659017705413,0.007937604431376935,0.013014519120001282,0.10844160297331766,0.8554111960355766,0.19965653914835332,0.9121217047010082,0.23432884225934375,0.8811367784846691,0.1252560725660607,0.6791472504869999,0.9304985689773716,0.010910845815058296,0.008155914547524762,0.03641207815275311,0.01898101898101898
BLOODCELL,MobileNetV3,3,ABL_focal,True,0.9404475308424127,0.9399906115041835,0.9931344303074096,0.07219887911158114,0.06036469172019704,0.03762036397339039,0.1033262473191427,0.8622316702411432,0.2112666670260726,0.8681350747244666,0.3677346608934458,0.849915529535736,0.32794322581377305,0.5928622900395927,0.8856832760430946,0.007053076600185484,0.005208433427169529,0.028419182948490232,0.011488511488511488
BLOODCELL,MobileNetV3,3,TAU_0.60,True,0.9312367202618794,0.9310523193091685,0.9911213613423434,0.02627348239090194,0.014971693284080777,0.017691755024474166,0.10532749981834019,0.8595633335755466,0.19564320957825684,0.9048019012712362,0.262261075611534,0.8763271681761845,0.6759118790714365,0.6678502591929173,0.9223953064555921,0.009515582591766958,0.007056178594643173,0.03463587921847247,0.01848151848151848
BLOODCELL,MobileNetV3,3,TAU_0.70,True,0.9312367202618794,0.9310523193091685,0.9911213613423434,0.02627348239090194,0.014971693284080777,0.017691755024474166,0.10532749981834019,0.8595633335755466,0.19564320957825684,0.9048019012712362,0.262261075611534,0.8763271681761845,0.6759118790714365,0.6678502591929173,0.9223953064555921,0.009515582591766958,0.007056178594643173,0.03463587921847247,0.01848151848151848
BLOODCELL,MobileNetV3,3,TAU_0.80,True,0.9312367202618794,0.9310523193091685,0.9911213613423434,0.02627348239090194,0.014971693284080777,0.017691755024474166,0.10532749981834022,0.8595633335755466,0.19564320957825684,0.9048019012712362,0.262261075611534,0.8763271681761845,0.6759118790714365,0.6678502591929173,0.9223953064555921,0.009515582591766958,0.007056178594643173,0.03463587921847247,0.01848151848151848
BLOODCELL,MobileNetV3,3,TAU_0.85,True,0.9312367202618794,0.9310523193091685,0.9911213613423434,0.02627348239090194,0.014971693284080777,0.017691755024474166,0.10532749981834022,0.8595633335755466,0.19564320957825684,0.9048019012712362,0.262261075611534,0.8763271681761845,0.6759118790714365,0.6678502591929173,0.9223953064555921,0.009515582591766958,0.007056178594643173,0.03463587921847247,0.01848151848151848
BLOODCELL,MobileNetV3,3,TAU_0.90,True,0.9312367202618794,0.9310523193091685,0.9911213613423434,0.02627348239090194,0.014971693284080777,0.017691755024474166,0.10532749981834022,0.8595633335755466,0.19564320957825684,0.9048019012712362,0.262261075611534,0.8763271681761845,0.6759118790714365,0.6678502591929173,0.9223953064555921,0.009515582591766958,0.007056178594643173,0.03463587921847247,0.01848151848151848
BLOODCELL,MobileNetV3,3,TAU_0.95,True,0.9312367202618794,0.9310523193091685,0.9911213613423434,0.02627348239090194,0.014971693284080777,0.017691755024474166,0.10532749981834022,0.8595633335755466,0.19564320957825684,0.9048019012712362,0.262261075611534,0.8763271681761845,0.6759118790714365,0.6678502591929173,0.9223953064555921,0.009515582591766958,0.007056178594643173,0.03463587921847247,0.01848151848151848
BLOODCELL,MobileNetV3,3,FAIR_rbf_svm,True,0.9172634987239607,0.917108085821304,0.9880993712635482,0.016209656464767932,0.004664900697524328,0.011918389815988499,0.12298070931394742,0.836025720914737,0.22623006602693432,0.9051239082077688,0.2505661626106789,0.8686720278105192,0.33276800790266475,0.6851279200658926,0.9250625424271633,0.013987627407831904,0.010418373854099014,0.0452930728241563,0.024475524475524476
BLOODCELL,MobileNetV3,3,FAIR_poly_svm,True,0.9272433599146911,0.9271759386222869,0.988793188968539,0.02081000124989798,0.008805425701370873,0.012794689536166247,0.11267714686805383,0.8497638041759284,0.21083623099854126,0.918853901522719,0.21161494594354804,0.8845621773954605,0.6875970018091873,0.7013696793404348,0.9360089069793389,0.012202291817743592,0.00944736055021006,0.03818827708703375,0.023976023976023976
BLOODCELL,MobileNetV3,3,FAIR_knn,True,0.909541559690559,0.9078205947155014,0.9857506302011949,0.07117407380835036,0.05919202994645455,0.04535285916311665,0.1534591500602568,0.7953877999196579,0.6713680520367796,0.8533470964913582,0.3099695861089149,0.8252001868889031,0.21395087784790157,0.5843819351228485,0.8803027258504879,0.02128396007812455,0.01698496692194506,0.046625222024866846,0.02297702297702305
BLOODCELL,MobileNetV3,3,FAIR_equal_blend,True,0.9388189434577198,0.9384611963267079,0.9929134229004359,0.060170765580246914,0.04760844591791177,0.030526441635686692,0.10248099312602493,0.8633586758319669,0.2018401122384533,0.8795223080593456,0.3216080266374442,0.859478130698295,0.33288856338392164,0.6081065556528545,0.8973162739472125,0.007330167199533491,0.00538508599948336,0.03019538188277087,0.00999000999000999
BLOODCELL,MobileNetV3,3,ABL_no_descriptors,True,0.9260368242000467,0.9259207428022994,0.9892493950528004,0.032092556745269445,0.018340422248077675,0.018747575943333525,0.11765524839134928,0.8431263354782011,0.22094039574166421,0.8935966162471395,0.29113518852224063,0.8623811098594963,0.16998681239504937,0.6665781210690324,0.911820802739642,0.011696839075929192,0.008849894957202339,0.04129662522202487,0.023476523476523476
BLOODCELL,MobileNetV3,4,BASE,True,0.837213603205565,0.8358098376626031,0.9644693112111584,0.07270025774586403,0.054392170135699094,0.03814137952464024,0.2452008231751223,0.6730655690998374,0.46178037350593637,0.7642301917076111,0.6212689876556396,0.7107380032539368,0.1181477793713206,0.5732566118240356,0.8014399409294128,0.04503550201058398,0.030918963442832875,0.11994669035984007,0.09045477261369315
BLOODCELL,MobileNetV3,4,MC_DROPOUT,True,0.8392423789875145,0.8377439007914704,0.9641272150566376,0.09389938871494585,0.07419407371330386,0.04716868272224675,0.25111371480915134,0.6651817135877987,0.47644373617938535,0.7450294494628906,0.6643641591072083,0.6956286430358887,0.14469744023822606,0.556413471698761,0.7812430262565613,0.04503901279090744,0.031276233554226096,0.12172367836517103,0.09245377311344327
BLOODCELL,MobileNetV3,4,TEMP_SCALE,True,0.837213603205565,0.8358098376626031,0.9646086382100509,0.01173232314731481,0.0006853186630265806,0.018509817842526623,0.23584946223566475,0.6855340503524474,0.43286048179165865,0.8371416926383972,0.42968085408210754,0.76555997133255,0.06606039643287659,0.6529504656791687,0.8730300068855286,0.04457145794729377,0.030454919379542665,0.12083518436250555,0.08995502248875563
BLOODCELL,MobileNetV3,4,VEC_SCALE,True,0.8352655052242928,0.83455452725904,0.9645639071923187,0.010795859692920058,0.002160768132414249,0.014117542848433012,0.23611594959551166,0.6851787338726516,0.4293475656267636,0.8385423669734743,0.4189041405642133,0.7667886822048713,0.32494155558741383,0.6528766983730531,0.8752488873813123,0.04477543580521734,0.0303003661702408,0.12172367836517103,0.08945527236381809
BLOODCELL,MobileNetV3,4,ISOTONIC,True,0.8347978214898353,0.8341343711181433,0.9642137837265738,0.016297296118393208,0.0028704075376712918,0.014458888490879005,0.23561800716522602,0.6858426571130324,0.45050879884875766,0.8377286195755005,0.414210706949234,0.7666543126106262,0.6894855797290802,0.6558144688606262,0.8737977743148804,0.04489277530086885,0.030345425840011833,0.12261217236783659,0.0909545227386307
BLOODCELL,MobileNetV3,4,DIRICHLET,True,0.8384417273667355,0.837594352791287,0.9647313213120337,0.012145479591630336,6.794803468693142e-05,0.012533912740217496,0.23495904018382574,0.6867212797548994,0.4277887018420955,0.8377169370651245,0.4185662269592285,0.7667707800865173,0.31881776452064514,0.6568574905395508,0.8726468682289124,0.044341589891794396,0.030437878802340092,0.12261217236783652,0.08945527236381809
BLOODCELL,MobileNetV3,4,APEX,True,0.9383762062346814,0.9381917793045835,0.9930462393010928,0.03995141069639717,0.029848109385207794,0.02281002730875626,0.09500286095651442,0.8733295187246476,0.18134567480923716,0.8981915169923007,0.2808188545503093,0.8763884675082038,0.1373506211966362,0.6375560886679882,0.9154043382067313,0.007293722176129644,0.005321514030986446,0.02621057307863172,0.012993503248375811
BLOODCELL,MobileNetV3,4,ABL_no_gate,True,0.9383762062346814,0.9381917793045835,0.9930462393010928,0.03995141069639717,0.029848109385207794,0.02281002730875626,0.09500286095651442,0.8733295187246476,0.18134567480923713,0.8981915169923007,0.2808188545503093,0.8763884675082038,0.1373506211966362,0.6375560886679882,0.9154043382067313,0.007293722176129644,0.005321514030986446,0.02621057307863172,0.012993503248375811
BLOODCELL,MobileNetV3,4,ABL_no_rbf,True,0.9399382783131502,0.9398100208646955,0.9928085271898562,0.04017559896240923,0.029288568824649613,0.02245130352277393,0.09534475845531021,0.87287365539292,0.18624016958616943,0.8994726824124908,0.2761476229392636,0.8772143074732944,0.2718014394425986,0.6452692463377451,0.9157996576771811,0.007433003637452377,0.005561995554503065,0.02665482007996446,0.012993503248375811
BLOODCELL,MobileNetV3,4,ABL_no_poly,True,0.9292052405294604,0.9290734068758378,0.991986926151447,0.04723666035676882,0.03690424023238229,0.02701397986280304,0.10768033536698589,0.8564262195106856,0.20606690386515353,0.8816202541116566,0.31682989414996693,0.858435235284051,0.13575351274288672,0.613263955443338,0.9021742219098324,0.008112219313972406,0.005505091079659892,0.03287427809862283,0.010494752623688156
BLOODCELL,MobileNetV3,4,ABL_no_knn,True,0.9339904038932529,0.933862287573856,0.9913766623532348,0.026020617681126457,0.014494486423694072,0.014765143178482173,0.10083815337234495,0.8655491288368735,0.18372611736740502,0.9091400024897885,0.24339607360401985,0.8827439740742382,0.3771871667629473,0.6710051744490008,0.9260622548248787,0.009543041567945911,0.007278469981745609,0.03154153709462461,0.017491254372813594
BLOODCELL,MobileNetV3,4,ABL_focal,True,0.9479590576376719,0.9476858237807133,0.9945675901801737,0.08144139242548791,0.07192492112879209,0.04216633340791983,0.0962824455764676,0.8716234058980433,0.20158307146220558,0.8662004940653195,0.36849541104339145,0.8523756971241483,0.2346001356187103,0.5632598475313859,0.8829382522668989,0.004982464379101291,0.0035767477088163185,0.01776988005330964,0.008995502248875561
BLOODCELL,MobileNetV3,4,TAU_0.60,True,0.9383762062346814,0.9381917793045835,0.9930462393010928,0.03995141069639717,0.029848109385207794,0.02281002730875626,0.09500286095651442,0.8733295187246476,0.18134567480923716,0.8981915169923007,0.2808188545503093,0.8763884675082038,0.1373506211966362,0.6375560886679882,0.9154043382067313,0.007293722176129644,0.005321514030986446,0.02621057307863172,0.012993503248375811
BLOODCELL,MobileNetV3,4,TAU_0.70,True,0.9383762062346814,0.9381917793045835,0.9930462393010928,0.03995141069639717,0.029848109385207794,0.02281002730875626,0.09500286095651442,0.8733295187246476,0.18134567480923716,0.8981915169923007,0.2808188545503093,0.8763884675082038,0.1373506211966362,0.6375560886679882,0.9154043382067313,0.007293722176129644,0.005321514030986446,0.02621057307863172,0.012993503248375811
BLOODCELL,MobileNetV3,4,TAU_0.80,True,0.9383762062346814,0.9381917793045835,0.9930462393010928,0.03995141069639717,0.029848109385207794,0.02281002730875626,0.09500286095651442,0.8733295187246476,0.18134567480923716,0.8981915169923007,0.2808188545503093,0.8763884675082038,0.1373506211966362,0.6375560886679882,0.9154043382067313,0.007293722176129644,0.005321514030986446,0.02621057307863172,0.012993503248375811
BLOODCELL,MobileNetV3,4,TAU_0.85,True,0.9383762062346814,0.9381917793045835,0.9930462393010928,0.03995141069639717,0.029848109385207794,0.02281002730875626,0.09500286095651442,0.8733295187246476,0.18134567480923716,0.8981915169923007,0.2808188545503093,0.8763884675082038,0.1373506211966362,0.6375560886679882,0.9154043382067313,0.007293722176129644,0.005321514030986446,0.02621057307863172,0.012993503248375811
BLOODCELL,MobileNetV3,4,TAU_0.90,True,0.9383762062346814,0.9381917793045835,0.9930462393010928,0.03995141069639717,0.029848109385207794,0.02281002730875626,0.09500286095651442,0.8733295187246476,0.18134567480923716,0.8981915169923007,0.2808188545503093,0.8763884675082038,0.1373506211966362,0.6375560886679882,0.9154043382067313,0.007293722176129644,0.005321514030986446,0.02621057307863172,0.012993503248375811
BLOODCELL,MobileNetV3,4,TAU_0.95,True,0.9383762062346814,0.9381917793045835,0.9930462393010928,0.03995141069639717,0.029848109385207794,0.02281002730875626,0.09500286095651442,0.8733295187246476,0.18134567480923716,0.8981915169923007,0.2808188545503093,0.8763884675082038,0.1373506211966362,0.6375560886679882,0.9154043382067313,0.007293722176129644,0.005321514030986446,0.02621057307863172,0.012993503248375811
BLOODCELL,MobileNetV3,4,FAIR_rbf_svm,True,0.9172616447111067,0.9172144975141133,0.9876620307105789,0.011952075110655509,0.0032305263161498572,0.011276012619493202,0.12470697371811797,0.8337240350425096,0.22135461562557593,0.9083602265532227,0.2407382388344966,0.8705543108978824,0.13224260724127807,0.6973924002805029,0.9274889570958231,0.014240598230570087,0.010668449293150998,0.04620168813860506,0.026986506746626688
BLOODCELL,MobileNetV3,4,FAIR_poly_svm,True,0.9331562126171673,0.9331173691394672,0.9908136979353191,0.02326151837969001,0.011989099781490938,0.013062040798885606,0.10219062225661893,0.8637458369911749,0.19012422320941427,0.9159895328092887,0.2217413210364109,0.8873098144214835,0.3976072192732219,0.6845153743878877,0.9326509118216263,0.010591384379254687,0.008271434405345345,0.03154153709462461,0.02048975512243878
BLOODCELL,MobileNetV3,4,FAIR_knn,True,0.9214520967940925,0.9197825598774511,0.9892038502637662,0.07335153709855628,0.06395592867559483,0.046556601053732605,0.1453822413170603,0.8061570115772532,0.5117535834482221,0.8501032313434937,0.3196018121889987,0.8267931420084824,0.23119877968264851,0.562584670845648,0.8748118576362773,0.010517003614892963,0.00728385054337677,0.0390937361172812,0.014992503748125932
BLOODCELL,MobileNetV3,4,FAIR_equal_blend,True,0.9431954450634608,0.9428983884373728,0.9939780256208027,0.06546791430211159,0.054850971023860856,0.03456592646219792,0.09611681195153447,0.8718442507312876,0.19284607542811674,0.8773778091191513,0.3257041491450444,0.8615524224426169,0.6836619508646864,0.5840555133880999,0.8951586858845352,0.005839252448391596,0.004162488896830494,0.020435362061306087,0.008995502248875561
BLOODCELL,MobileNetV3,4,ABL_no_descriptors,True,0.9296149242120023,0.9294615474576086,0.9911741746528608,0.04057488249033684,0.02795720828196959,0.022254080878038332,0.10769452703361364,0.8564072972885153,0.2049115409131805,0.8897937670954019,0.30153212856459116,0.864498487921051,0.15457562575102102,0.6308410043151418,0.9095075903264151,0.009399836694919601,0.006822198975795236,0.034207019102621056,0.01699150424787606
BLOODCELL,MobileNetV3,5,BASE,True,0.8420733549121018,0.841473773779807,0.9678467565507574,0.0734957733767019,0.05868164224753243,0.04125699602018335,0.2315016344388263,0.6913311540815654,0.44161191095410257,0.7688889503479004,0.6058730483055115,0.7211644053459167,0.1882869819917622,0.5612442493438721,0.8079332709312439,0.0404065243813159,0.027131013323311377,0.11061750333185251,0.08195902048975512
BLOODCELL,MobileNetV3,5,MC_DROPOUT,True,0.8448788385059705,0.8444095131771521,0.967261657985751,0.09601350126268386,0.07799585127967584,0.05089906745253028,0.23910946111434525,0.6811873851808734,0.4586427248471909,0.749153733253479,0.6511180996894836,0.7046590447425842,0.16476966709387109,0.5470819473266602,0.7863548994064331,0.04109687009194957,0.028299327892650775,0.11150599733451799,0.079960019990005
BLOODCELL,MobileNetV3,5,TEMP_SCALE,True,0.8420733549121018,0.841473773779807,0.9680377689370757,0.021059894030519156,0.007563449283301356,0.017070125604661066,0.21989526567851808,0.706806312428643,0.40968790445346404,0.842782735824585,0.41044509410858154,0.7780951261520386,0.30438464879989624,0.6394301056861877,0.8810199499130249,0.04013025969899612,0.026854748640991594,0.11106175033318526,0.07646176911544228
BLOODCELL,MobileNetV3,5,VEC_SCALE,True,0.8432697255025005,0.8428429440874462,0.968510355969493,0.022721035006913318,0.008660925305069433,0.01415588029364467,0.21770261579476877,0.7097298456069754,0.403597903153534,0.8431100151338152,0.4061394186140856,0.7797329242319857,0.6751982968766153,0.6374668996912811,0.8814304249815703,0.039352462014450244,0.026282931644256748,0.11061750333185251,0.08045977011494253
BLOODCELL,MobileNetV3,5,ISOTONIC,True,0.8460946019465707,0.8444880074218857,0.9673337166492944,0.019285975385912896,0.004437214891005919,0.014864146663192404,0.21901967378560935,0.7079737682858546,0.41718822598955085,0.8428575396537781,0.3890599310398102,0.7811533212661743,0.17760771844122147,0.6424838304519653,0.879409670829773,0.04105793985960849,0.028462402367940155,0.10795202132385612,0.07996001999000497
BLOODCELL,MobileNetV3,5,DIRICHLET,True,0.8440698413135995,0.843512583847565,0.968436692371973,0.011871206615087431,0.0029313029402156634,0.015860358976180575,0.2177474302198868,0.7096700930401514,0.40299581535506185,0.842018187046051,0.4085497260093689,0.7788390517234802,0.31312811374664307,0.6385728120803833,0.8797003626823425,0.03983810066927682,0.026904943048955732,0.11017325633051978,0.0769615192403798
BLOODCELL,MobileNetV3,5,APEX,True,0.9302862710952926,0.9304343390445071,0.9916525576972148,0.02471008531387417,0.013693345518231311,0.015856226099662012,0.10240200570581594,0.8634639923922456,0.18697798941193094,0.9073012537341016,0.2532082525798782,0.8799792410132325,0.1264969153621377,0.6620983029424184,0.925741527214353,0.009216316038130817,0.006697143706829719,0.03331852509995557,0.015492253873063468
BLOODCELL,MobileNetV3,5,ABL_no_gate,True,0.9302862710952926,0.9304343390445071,0.9916525576972148,0.02471008531387417,0.013693345518231311,0.015856226099662012,0.10240200570581594,0.8634639923922456,0.18697798941193094,0.9073012537341016,0.2532082525798782,0.8799792410132325,0.1264969153621377,0.6620983029424184,0.925741527214353,0.009216316038130817,0.006697143706829719,0.03331852509995557,0.015492253873063468
BLOODCELL,MobileNetV3,5,ABL_no_rbf,True,0.9334951025698991,0.9336902769482524,0.9917721731715797,0.025045507189529137,0.014308447777664213,0.01652568379830113,0.10133882620280892,0.8648815650629216,0.18615009317488723,0.908207890092645,0.24886057041632859,0.88151070389549,0.20755495302460125,0.6664350158894645,0.9254995688900461,0.009040621668229764,0.006748446472812157,0.03065304309195913,0.015992003998001
BLOODCELL,MobileNetV3,5,ABL_no_poly,True,0.9203788144042047,0.9204775140435834,0.9899052174951108,0.028160684254056493,0.018382129932459124,0.01867166802851074,0.11714558892626133,0.8438058814316518,0.21266591198408016,0.8928139798436506,0.28877409926996145,0.8618686259121994,0.3797682620771597,0.6566307983782693,0.9133338044713988,0.01113282873762569,0.007833266686306125,0.04486894713460684,0.01699150424787606
BLOODCELL,MobileNetV3,5,ABL_no_knn,True,0.9290944017557179,0.9292442314207671,0.9905172695067587,0.017263411992868738,0.006022195745129089,0.01288583659297131,0.10621946454050347,0.8583740472793289,0.19275398352386264,0.9129855426070637,0.23066141270946197,0.8829584920619485,0.1302824782586383,0.6815156317411445,0.9307143051432655,0.010826361895755487,0.008219233661442973,0.03642825410928476,0.017491254372813594
BLOODCELL,MobileNetV3,5,ABL_focal,True,0.9411025775763638,0.9409760728205854,0.9935300081889148,0.0682731518402232,0.05739853045771441,0.0370647618656764,0.09890529466954132,0.868126273773945,0.20185265398989496,0.872574170302063,0.3583474126786634,0.855076015295915,0.16737266680340368,0.5927291913801774,0.8901685020269734,0.006739968046324568,0.004943074710479873,0.023545091070635273,0.009995002498750625
BLOODCELL,MobileNetV3,5,TAU_0.60,True,0.9302862710952926,0.9304343390445071,0.9916525576972148,0.02471008531387417,0.013693345518231311,0.015856226099662012,0.10240200570581594,0.8634639923922456,0.18697798941193094,0.9073012537341016,0.2532082525798782,0.8799792410132325,0.1264969153621377,0.6620983029424184,0.925741527214353,0.009216316038130817,0.006697143706829719,0.03331852509995557,0.015492253873063468
BLOODCELL,MobileNetV3,5,TAU_0.70,True,0.9302862710952926,0.9304343390445071,0.9916525576972148,0.02471008531387417,0.013693345518231311,0.015856226099662012,0.10240200570581594,0.8634639923922456,0.18697798941193094,0.9073012537341016,0.2532082525798782,0.8799792410132325,0.1264969153621377,0.6620983029424184,0.925741527214353,0.009216316038130817,0.006697143706829719,0.03331852509995557,0.015492253873063468
BLOODCELL,MobileNetV3,5,TAU_0.80,True,0.9302862710952926,0.9304343390445071,0.9916525576972148,0.02471008531387417,0.013693345518231311,0.015856226099662012,0.10240200570581594,0.8634639923922456,0.18697798941193094,0.9073012537341016,0.2532082525798782,0.8799792410132325,0.1264969153621377,0.6620983029424184,0.925741527214353,0.009216316038130817,0.006697143706829719,0.03331852509995557,0.015492253873063468
BLOODCELL,MobileNetV3,5,TAU_0.85,True,0.9302862710952926,0.9304343390445071,0.9916525576972148,0.02471008531387417,0.013693345518231311,0.015856226099662012,0.10240200570581594,0.8634639923922456,0.18697798941193094,0.9073012537341016,0.2532082525798782,0.8799792410132325,0.1264969153621377,0.6620983029424184,0.925741527214353,0.009216316038130817,0.006697143706829719,0.03331852509995557,0.015492253873063468
BLOODCELL,MobileNetV3,5,TAU_0.90,True,0.9302862710952926,0.9304343390445071,0.9916525576972148,0.02471008531387417,0.013693345518231311,0.015856226099662012,0.10240200570581594,0.8634639923922456,0.18697798941193094,0.9073012537341016,0.2532082525798782,0.8799792410132325,0.1264969153621377,0.6620983029424184,0.925741527214353,0.009216316038130817,0.006697143706829719,0.03331852509995557,0.015492253873063468
BLOODCELL,MobileNetV3,5,TAU_0.95,True,0.9302862710952926,0.9304343390445071,0.9916525576972148,0.02471008531387417,0.013693345518231311,0.015856226099662012,0.10240200570581594,0.8634639923922456,0.18697798941193094,0.9073012537341016,0.2532082525798782,0.8799792410132325,0.1264969153621377,0.6620983029424184,0.925741527214353,0.009216316038130817,0.006697143706829719,0.03331852509995557,0.015492253873063468
BLOODCELL,MobileNetV3,5,FAIR_rbf_svm,True,0.9131899994866242,0.9133525509473739,0.9863907095595609,0.009156316039397705,0.0016917008900923407,0.009882129251540136,0.1313164495152567,0.8249114006463246,0.23200826877331487,0.9111490006611516,0.23184055954151273,0.869385159229551,0.28247678295104633,0.7135825839268238,0.93000604043702,0.015935140428943343,0.012006572717645148,0.05508662816525989,0.027486256871564217
BLOODCELL,MobileNetV3,5,FAIR_poly_svm,True,0.9307222034542771,0.9309227863551558,0.9899271456964102,0.017261480947177818,0.006605276969949729,0.013752115288191794,0.10641122473234807,0.858118367023536,0.19855552081992872,0.9184474454038906,0.21115554594813735,0.8876851657553316,0.2643364224769715,0.6934338152231962,0.9352654744637879,0.011581292387638447,0.009091095076721057,0.03287427809862283,0.019490254872563718
BLOODCELL,MobileNetV3,5,FAIR_knn,True,0.9202263712841865,0.9186761575441085,0.9880196374153755,0.07541185957624705,0.0639547232406267,0.04699050196240511,0.14796935551009135,0.8027075259865452,0.5876766061374912,0.8559585399072852,0.3069897316982821,0.8290539013870887,0.25379594557641416,0.5950095343018222,0.8787533031088054,0.015725171472583746,0.012392144534485922,0.0404264771212794,0.023988005997001464
BLOODCELL,MobileNetV3,5,FAIR_equal_blend,True,0.9395051334869069,0.939434674888489,0.9930114460614655,0.0582488823449496,0.04623950118175627,0.030897666484245818,0.10092290127039899,0.8654361316394682,0.19730136462638814,0.8813293995060454,0.31397544798140714,0.8620414087906578,0.19395960267927004,0.6091412545022589,0.8989347603743755,0.007319252839051896,0.005423199928030298,0.02621057307863172,0.01199400299850075
BLOODCELL,MobileNetV3,5,ABL_no_descriptors,True,0.9243702701251546,0.9243475954765649,0.9903119533272444,0.02626800703702038,0.015052014412591703,0.016926521484341372,0.11291038981842667,0.8494528135754313,0.20630261855178028,0.8977927443618606,0.28098937068128144,0.8676005493294778,0.10308565281359017,0.660993917610881,0.9172528555567939,0.010802754295439506,0.007828304262063695,0.03820524211461573,0.01899050474762619
BLOODCELL,ViT,1,BASE,True,0.879482645734658,0.877403056928963,0.979738034997046,0.036602798969899,0.022473529506643726,0.03234801807467236,0.17669410178099867,0.764407864292002,0.3201001088622896,0.8423619270324707,0.41610535979270935,0.7983158230781555,0.12698113918304443,0.6250452995300293,0.8722923398017883,0.02576229062788469,0.018096016491398748,0.08703374777975133,0.05194805194805195
BLOODCELL,ViT,1,MC_DROPOUT,True,0.875937052332428,0.8736484129725345,0.9787411154485604,0.06936925254342463,0.052321101886196965,0.043238566255757296,0.18854671935436787,0.7486043741941766,0.352408917646023,0.8059803247451782,0.506335973739624,0.7678037285804749,0.181881844997406,0.583782970905304,0.8376213908195496,0.027384082085072994,0.019245764128475822,0.08792184724689166,0.054945054945054944
BLOODCELL,ViT,1,TEMP_SCALE,True,0.879482645734658,0.877403056928963,0.9798203683688749,0.013235021080439236,0.00335537818457504,0.024664543524438084,0.17385888461155974,0.768188153851254,0.3068840366331751,0.8836523294448853,0.30471470952033997,0.8290520906448364,0.15640047788619993,0.6825673580169678,0.9113473296165466,0.025448193138506214,0.017781919002020273,0.0852575488454707,0.04895104895104895
BLOODCELL,ViT,1,VEC_SCALE,True,0.8830931649484083,0.8826389647157105,0.979903238406417,0.012912094250619465,0.002020460315800776,0.013187509529214053,0.16585291162600901,0.778862784498655,0.2880422647239481,0.8906189046574767,0.27717331021527253,0.8384514726503921,0.3153078185303397,0.6825402349730595,0.9183124894864575,0.022677976106508888,0.015469036128429684,0.07548845470692718,0.04495504495504495
BLOODCELL,ViT,1,ISOTONIC,True,0.8851280589779388,0.8845909448456984,0.9801475449543753,0.012509534657120593,0.003716660348278368,0.011328647811075732,0.16334260548274823,0.782209859356336,0.30097185662575376,0.8884344696998596,0.26285770535469055,0.8402149677276611,0.07348088622093202,0.6745783686637878,0.9163498282432556,0.0223904925920097,0.015429293199345124,0.07415630550621681,0.04470529470529478
BLOODCELL,ViT,1,DIRICHLET,True,0.8910759043682475,0.8906424669217279,0.9805042421621947,0.0103475876060239,0.0018420979088561136,0.013578762159990902,0.1620986870784783,0.7838684172286958,0.2829239893148223,0.8918727040290833,0.27083128690719604,0.8409634828567505,0.19393179246357506,0.6982396245002747,0.9156749844551086,0.021726315505505606,0.015481310672376538,0.07593250444049733,0.045454545454545456
BLOODCELL,ViT,1,APEX,True,0.9730562500217229,0.9730248848316325,0.9985427717781421,0.019744439748935742,0.013676965960864844,0.012442226315237535,0.04016038787532313,0.9464528161662359,0.07849836547895221,0.9550343025689695,0.1300634061075826,0.9450660805249388,0.3768500424965866,0.6646517704676093,0.9631435478186173,0.0014264259662115383,0.0010485778990590065,0.003108348134991119,0.0004995004995004995
BLOODCELL,ViT,1,ABL_no_gate,True,0.9730562500217229,0.9730248848316325,0.9985427717781421,0.019744439748935763,0.013676965960864863,0.01244222631523754,0.04016038787532314,0.9464528161662359,0.07849836547895224,0.9550343025689692,0.13006340610758285,0.9450660805249388,0.37685004249658643,0.6646517704676093,0.9631435478186173,0.0014264259662115383,0.0010485778990590065,0.003108348134991119,0.0004995004995004995
BLOODCELL,ViT,1,ABL_no_rbf,True,0.9766233050960437,0.976581193988474,0.9986617227711302,0.022270574472874637,0.0151523972219498,0.013393411096981946,0.039622046711002216,0.9471706043853304,0.07853985552846675,0.9541577115838573,0.13003793932962426,0.944621112440876,0.6004621979315855,0.6801629116932659,0.9607721523340802,0.0013135470768978815,0.0010288172320725526,0.003552397868561279,0.0004995004995004995
BLOODCELL,ViT,1,ABL_no_poly,True,0.9714745606391038,0.9714775160473356,0.9983757757561941,0.02300127470296983,0.01700136021560178,0.014260448108732674,0.04420186571897546,0.9410641790413661,0.08664727552492392,0.9513945014167368,0.13630771061705985,0.9404627504059093,0.6610666872220583,0.6634174592236383,0.959923644583295,0.0015067982569363766,0.0010833012977677489,0.0026642984014209592,0.0004995004995004995
BLOODCELL,ViT,1,ABL_no_knn,True,0.971453098967013,0.9714316064028541,0.9978045816197307,0.011536330556211668,0.004260390411120684,0.007912671502829009,0.04448437619057872,0.9406874984125618,0.08100633186514891,0.9635646340608945,0.10443528486154781,0.9498216175936952,0.5977716523990011,0.7258172576100734,0.970606103046686,0.002056300473171202,0.0016328035140025742,0.007104795737122558,0.001998001998001998
BLOODCELL,ViT,1,ABL_focal,True,0.978616375600942,0.9785803061428859,0.9988381673735561,0.03868305081310576,0.03219454264593633,0.0207611474196979,0.04169441680687999,0.9444074442574935,0.08822743670282,0.9400173549948765,0.1663805764949878,0.9336846325227839,0.22917450452439958,0.6024822045109539,0.94745994304148,0.0011793090403988205,0.0009405869618574275,0.002220248667850799,0.000999000999000999
BLOODCELL,ViT,1,TAU_0.60,True,0.9730562500217229,0.9730248848316325,0.9985427717781421,0.019744439748935763,0.013676965960864863,0.012442226315237536,0.04016038787532313,0.9464528161662359,0.07849836547895223,0.9550343025689695,0.1300634061075827,0.9450660805249388,0.37685004249658643,0.6646517704676093,0.9631435478186173,0.0014264259662115383,0.0010485778990590065,0.003108348134991119,0.0004995004995004995
BLOODCELL,ViT,1,TAU_0.70,True,0.9730562500217229,0.9730248848316325,0.9985427717781421,0.019744439748935763,0.013676965960864863,0.012442226315237538,0.04016038787532313,0.9464528161662359,0.07849836547895223,0.9550343025689695,0.13006340610758269,0.9450660805249388,0.3768500424965866,0.6646517704676093,0.9631435478186173,0.0014264259662115383,0.0010485778990590065,0.003108348134991119,0.0004995004995004995
BLOODCELL,ViT,1,TAU_0.80,True,0.9730562500217229,0.9730248848316325,0.9985427717781421,0.019744439748935763,0.013676965960864863,0.012442226315237536,0.04016038787532313,0.9464528161662359,0.07849836547895223,0.9550343025689695,0.13006340610758263,0.9450660805249388,0.3768500424965866,0.6646517704676093,0.9631435478186173,0.0014264259662115383,0.0010485778990590065,0.003108348134991119,0.0004995004995004995
BLOODCELL,ViT,1,TAU_0.85,True,0.9730562500217229,0.9730248848316325,0.9985427717781421,0.019744439748935742,0.013676965960864844,0.012442226315237535,0.04016038787532313,0.9464528161662359,0.07849836547895221,0.9550343025689695,0.1300634061075826,0.9450660805249388,0.3768500424965866,0.6646517704676093,0.9631435478186173,0.0014264259662115383,0.0010485778990590065,0.003108348134991119,0.0004995004995004995
BLOODCELL,ViT,1,TAU_0.90,True,0.9730562500217229,0.9730248848316325,0.9985427717781421,0.019744439748935742,0.013676965960864844,0.012442226315237535,0.04016038787532314,0.9464528161662359,0.07849836547895221,0.9550343025689695,0.1300634061075826,0.9450660805249388,0.3768500424965866,0.6646517704676093,0.9631435478186173,0.0014264259662115383,0.0010485778990590065,0.003108348134991119,0.0004995004995004995
BLOODCELL,ViT,1,TAU_0.95,True,0.9730562500217229,0.9730248848316325,0.9985427717781421,0.019744439748935742,0.013676965960864844,0.012442226315237535,0.04016038787532313,0.9464528161662359,0.0784983654789522,0.9550343025689695,0.13006340610758257,0.9450660805249388,0.3768500424965866,0.6646517704676093,0.9631435478186173,0.0014264259662115383,0.0010485778990590065,0.003108348134991119,0.0004995004995004995
BLOODCELL,ViT,1,FAIR_rbf_svm,True,0.9627180374027605,0.9628004061931839,0.9969323135657169,0.007355817111603641,0.0012720599011137193,0.007493990019054647,0.052536375389166355,0.9299514994811117,0.09534669337675515,0.9653310353193987,0.09919875757054623,0.9470870394210124,0.24133053742842203,0.7289872550925162,0.9745532500729591,0.0028110157649741366,0.002089330923715302,0.0066607460035523975,0.0034965034965034965
BLOODCELL,ViT,1,FAIR_poly_svm,True,0.9714619035997591,0.9714297000681369,0.997308391192467,0.006932014706592878,0.0013125509432343292,0.00706576184049941,0.045853254616144645,0.9388623271784738,0.0904170920787906,0.9668923303282823,0.09297417589947898,0.9518772540702035,0.6105879476693523,0.750951980215555,0.9732879309897863,0.0038899621894740786,0.0034664652303054507,0.007104795737122558,0.0024975024975024975
BLOODCELL,ViT,1,FAIR_knn,True,0.9663709391654443,0.9659114730278308,0.9973670694554493,0.048396194175817565,0.04161875435882331,0.027929342711030893,0.0616929709042594,0.9177427054609876,0.22267113276268605,0.9354978453012069,0.138021306587706,0.9249330096287718,0.32444138090482816,0.6008783007298584,0.9472607325173216,0.0033082982273711513,0.002718259864624032,0.005772646536412028,0.0014985014985014413
BLOODCELL,ViT,1,FAIR_equal_blend,True,0.9762201786967359,0.9762229639155106,0.9987388585994876,0.027254641000220427,0.021019043888684204,0.01506396159028495,0.039642645272111636,0.9471431396371846,0.0807225198995528,0.9493692216868974,0.1411534547140026,0.9412991010399969,0.37238207646395444,0.6400160084318142,0.956966926474169,0.0012417580628679965,0.0009473365221859767,0.002220248667850799,0.0004995004995004995
BLOODCELL,ViT,1,ABL_no_descriptors,True,0.9770374388053719,0.9770045197060628,0.9988109192311297,0.026240166252298535,0.019567775068518284,0.014363496897284398,0.03680805942760908,0.9509225874298546,0.07447375687740167,0.9530951461263639,0.13067862430514218,0.9458141849876676,0.6452856011184944,0.6422728039310913,0.9604684368614667,0.0011714922426486255,0.0008962906237228228,0.0026642984014209592,0.0004995004995004995
BLOODCELL,ViT,2,BASE,True,0.8732419576453099,0.8725774229524504,0.9761753697786308,0.02650598261864051,0.009847650417048387,0.02901083743097383,0.18724663118642326,0.7503378250847693,0.3305041108492005,0.8464464545249939,0.40508610010147095,0.7957156300544739,0.6925207674503326,0.6551936864852905,0.8742809891700745,0.030790569546993794,0.022329353857766722,0.09369449378330373,0.06343656343656344
BLOODCELL,ViT,2,MC_DROPOUT,True,0.8700380702939726,0.8692379829854463,0.9755083791385334,0.06050291858670047,0.042161244001439925,0.03789105556603511,0.19695310380772077,0.737395861589706,0.3584825758177607,0.8092533946037292,0.497185617685318,0.7657238245010376,0.17656689882278442,0.6090173125267029,0.8392382264137268,0.03264032296618846,0.02373833439544783,0.09813499111900532,0.06443556443556443
BLOODCELL,ViT,2,TEMP_SCALE,True,0.8732419576453099,0.8725774229524504,0.976102031309974,0.02148553324231517,0.005611055237890074,0.023670323073844077,0.18631602619457183,0.7515786317405713,0.32345391241287014,0.8835057020187378,0.30429935455322266,0.8226937055587769,0.6833345293998718,0.7062130570411682,0.9093084931373596,0.030230200482018448,0.021768984792791376,0.09147424511545293,0.06243756243756244
BLOODCELL,ViT,2,VEC_SCALE,True,0.8774821978700457,0.8775105264456087,0.9765081167567864,0.02495067781306292,0.011798349858376668,0.01729295608079687,0.18021567079250664,0.7597124389433247,0.3122792366020453,0.8912408865057864,0.2771175389799212,0.8316342952110101,0.13048844810936344,0.7087239994602618,0.916851456533131,0.027445663157692684,0.019518962318625245,0.08614564831261101,0.055944055944055944
BLOODCELL,ViT,2,ISOTONIC,True,0.875054427072886,0.8755890300063164,0.9758163751005278,0.019785112492618124,0.006773618195720962,0.016218364456279385,0.18036058786508138,0.7595192161798918,0.3418868852637948,0.8891181945800781,0.27009403705596924,0.8307587504386902,0.12193027138710022,0.702349841594696,0.9159092307090759,0.028882502734864736,0.020637282474645732,0.08703374777975122,0.0554445554445554
BLOODCELL,ViT,2,DIRICHLET,True,0.8778704010416226,0.8776447694141859,0.9770683051939836,0.017441318492816996,0.006386127309251845,0.0127197774223402,0.1782485628739408,0.7623352495014126,0.30555704119958343,0.8909655809402466,0.2719689607620239,0.8326432108879089,0.6795856356620789,0.7082257270812988,0.9165125489234924,0.02662589933149871,0.01875164752949564,0.08614564831261101,0.056943056943056944
BLOODCELL,ViT,2,APEX,True,0.9718153104308975,0.9717577423799045,0.9983626006063386,0.018752212051539957,0.01211154867609639,0.010665211348314147,0.04204610370580418,0.9439385283922612,0.0784565865733562,0.9556034851041351,0.1254341320627921,0.945165557694822,0.6058942395419631,0.6676565317123883,0.9640098311941079,0.0014649609770315995,0.0010531225881892261,0.0053285968028419185,0.0004995004995004995
BLOODCELL,ViT,2,ABL_no_gate,True,0.9718153104308975,0.9717577423799045,0.9983626006063386,0.018752212051539957,0.01211154867609639,0.010665211348314142,0.04204610370580418,0.9439385283922612,0.0784565865733562,0.9556034851041351,0.1254341320627921,0.945165557694822,0.6058942395419631,0.6676565317123883,0.9640098311941079,0.0014649609770315995,0.0010531225881892261,0.0053285968028419185,0.0004995004995004995
BLOODCELL,ViT,2,ABL_no_rbf,True,0.9710114519099973,0.9709564600651702,0.9982292490711784,0.016489794899277814,0.01104795550745408,0.009069703341819817,0.04289002612407943,0.9428132985012275,0.0806658972639588,0.9563863959918815,0.12256769301387438,0.9453381401735768,0.4392556966140108,0.6684639141686667,0.9650359191083815,0.001626775188442225,0.0011914553148192845,0.006216696269982238,0.000999000999000999
BLOODCELL,ViT,2,ABL_no_poly,True,0.9694133605914576,0.9694207814352991,0.9983268558709513,0.020336326286009117,0.014928974249838977,0.012422148478724436,0.045188973511895006,0.9397480353174734,0.08383460313377242,0.9519981694977498,0.13440710110170903,0.9407446652723594,0.6819337380628374,0.6650887296049045,0.9611045284720898,0.001465322077056127,0.000981065750873073,0.003108348134991119,0.0
BLOODCELL,ViT,2,ABL_no_knn,True,0.9710065098745637,0.9709746710154015,0.9978432628075002,0.013529310655695523,0.006982761818058847,0.008205591673830226,0.04486287248112452,0.940182836691834,0.081624592178026,0.9590342486817468,0.1124631400187088,0.9467980014678687,0.5667685547861457,0.6982565439833305,0.9668683114154852,0.001970663065876338,0.0015353431922533974,0.005772646536412078,0.0024975024975024975
BLOODCELL,ViT,2,ABL_focal,True,0.9789900827445802,0.9788637389876538,0.9991360243630629,0.0372400002298241,0.03197851198422923,0.01974318173846874,0.03890604161188297,0.9481252778508228,0.08167260006579695,0.9420737084531257,0.15964439608741815,0.9367445503529181,0.3871214279638607,0.5910059816399339,0.9496682347882681,0.0008023465319759296,0.0005723363313390601,0.003108348134991119,0.0
BLOODCELL,ViT,2,TAU_0.60,True,0.9718153104308975,0.9717577423799045,0.9983626006063386,0.018752212051539957,0.01211154867609639,0.010665211348314147,0.04204610370580418,0.9439385283922612,0.0784565865733562,0.9556034851041351,0.1254341320627921,0.945165557694822,0.6058942395419631,0.6676565317123883,0.9640098311941079,0.0014649609770315995,0.0010531225881892261,0.0053285968028419185,0.0004995004995004995
BLOODCELL,ViT,2,TAU_0.70,True,0.9718153104308975,0.9717577423799045,0.9983626006063386,0.018752212051539957,0.01211154867609639,0.010665211348314147,0.04204610370580418,0.9439385283922612,0.0784565865733562,0.9556034851041351,0.1254341320627921,0.945165557694822,0.6058942395419631,0.6676565317123883,0.9640098311941079,0.0014649609770315995,0.0010531225881892261,0.0053285968028419185,0.0004995004995004995
BLOODCELL,ViT,2,TAU_0.80,True,0.9718153104308975,0.9717577423799045,0.9983626006063386,0.018752212051539957,0.01211154867609639,0.010665211348314147,0.04204610370580418,0.9439385283922612,0.0784565865733562,0.9556034851041351,0.1254341320627921,0.945165557694822,0.6058942395419631,0.6676565317123883,0.9640098311941079,0.0014649609770315995,0.0010531225881892261,0.0053285968028419185,0.0004995004995004995
BLOODCELL,ViT,2,TAU_0.85,True,0.9718153104308975,0.9717577423799045,0.9983626006063386,0.018752212051539957,0.01211154867609639,0.010665211348314147,0.04204610370580418,0.9439385283922612,0.0784565865733562,0.9556034851041351,0.1254341320627921,0.945165557694822,0.6058942395419631,0.6676565317123883,0.9640098311941079,0.0014649609770315995,0.0010531225881892261,0.0053285968028419185,0.0004995004995004995
BLOODCELL,ViT,2,TAU_0.90,True,0.9718153104308975,0.9717577423799045,0.9983626006063386,0.018752212051539957,0.01211154867609639,0.010665211348314147,0.04204610370580418,0.9439385283922612,0.0784565865733562,0.9556034851041351,0.1254341320627921,0.945165557694822,0.6058942395419631,0.6676565317123883,0.9640098311941079,0.0014649609770315995,0.0010531225881892261,0.0053285968028419185,0.0004995004995004995
BLOODCELL,ViT,2,TAU_0.95,True,0.9718153104308975,0.9717577423799045,0.9983626006063386,0.018752212051539957,0.01211154867609639,0.010665211348314147,0.04204610370580418,0.9439385283922612,0.0784565865733562,0.9556034851041351,0.1254341320627921,0.945165557694822,0.6058942395419631,0.6676565317123883,0.9640098311941079,0.0014649609770315995,0.0010531225881892261,0.0053285968028419185,0.0004995004995004995
BLOODCELL,ViT,2,FAIR_rbf_svm,True,0.9622500584679151,0.9622503584719112,0.997089322572205,0.008763489208063543,0.0017520978861052606,0.006836793482460797,0.05421004328301703,0.9277199422893108,0.09442545687828044,0.9625920275535441,0.10434368309558267,0.9445747636982262,0.6513407620076778,0.7290700651359581,0.971804895672178,0.0026378140602213627,0.0019006735237308322,0.008880994671403197,0.0014985014985014985
BLOODCELL,ViT,2,FAIR_poly_svm,True,0.9686221488202486,0.9685923509232708,0.9970240806403642,0.009069108783419365,0.004320329164987517,0.0069673504647967755,0.047007547349267494,0.9373232702009767,0.09175089885539055,0.9614475174751517,0.10349022745574968,0.947791631807268,0.23067412558720385,0.6997902057143924,0.9699751278831961,0.0029045590641293305,0.002394846685834983,0.007992895204262877,0.004995004995004995
BLOODCELL,ViT,2,FAIR_knn,True,0.9683027686616448,0.9679280279366941,0.9982323499893637,0.042414114815192284,0.035326952306203266,0.02553756405753407,0.059142042931547054,0.9211439427579373,0.1676210946866542,0.9366802383171303,0.13536041807898605,0.927262620629492,0.511606842976225,0.5854774181639939,0.9482758741455459,0.002055517594817378,0.001532829996371844,0.003996447602131436,0.0009990009990009966
BLOODCELL,ViT,2,FAIR_equal_blend,True,0.9777811767164302,0.9777222959834009,0.9990052379638859,0.03173673351721716,0.025735101358293468,0.01750681688912075,0.038778668269417574,0.94829510897411,0.07866578260634716,0.9459671239279066,0.14672290452738046,0.9398763387116631,0.19806015231039575,0.6053340285164371,0.9537625686941684,0.0008777993787027245,0.0006211640690853269,0.002220248667850799,0.0
BLOODCELL,ViT,2,ABL_no_descriptors,True,0.9749932570537693,0.9749522928629537,0.9988148917763632,0.022564000136861447,0.016225344746136093,0.012564353732651717,0.03802432672048859,0.9493008977060153,0.07377863348387163,0.9542757854084405,0.13088731578048232,0.9456921490708636,0.43897075142705,0.6554835530670234,0.9619905028828293,0.0010909309432146803,0.0007664528258093906,0.002220248667850799,0.0
BLOODCELL,ViT,3,BASE,True,0.8840227021117983,0.8829660617503712,0.9804371140941575,0.053344219661073305,0.03696520473422605,0.032324886954626895,0.17123617353072748,0.7716851019590303,0.3119999116522641,0.8316422700881958,0.43640244007110596,0.794249951839447,0.31854888796806335,0.6059186458587646,0.8614528775215149,0.023327099731969562,0.016217797996773625,0.08081705150976909,0.046453546453546456
BLOODCELL,ViT,3,MC_DROPOUT,True,0.8844614597563643,0.8830631713075036,0.9797247975124209,0.08531653469103219,0.06928768715221158,0.04665981853418752,0.1835913315811469,0.7552115578918044,0.343699997831076,0.798687756061554,0.5182727575302124,0.7656692862510681,0.33136481046676636,0.5778285264968872,0.8277429342269897,0.024338453392460314,0.01727869969265796,0.08081705150976909,0.04945054945054945
BLOODCELL,ViT,3,TEMP_SCALE,True,0.8840227021117983,0.8829660617503712,0.9804875174879121,0.017647644792896603,0.006165326400835779,0.020009090890038172,0.16393596817289272,0.78141870910281,0.28835647944763637,0.8877687454223633,0.28595736622810364,0.8376346826553345,0.38235729932785034,0.6776145100593567,0.9155231714248657,0.02291582699126673,0.01580652525607079,0.07504440497335702,0.045454545454545456
BLOODCELL,ViT,3,VEC_SCALE,True,0.8838513254826147,0.8834284221313835,0.9802370239239286,0.015042677075905769,0.003423069253487821,0.012767956122464402,0.16392136057323994,0.781438185902347,0.2829709515087902,0.8860816429393448,0.27883418689355854,0.8376414836955066,0.19515977795493478,0.6727966652475402,0.91424953687241,0.02273676383922225,0.015627462104026314,0.07504440497335702,0.046453546453546456
BLOODCELL,ViT,3,ISOTONIC,True,0.884408698184942,0.8836960071335638,0.9804375241803908,0.017669285601060774,0.004931079415259677,0.013264320987587704,0.16119627477572143,0.7850716336323718,0.29095178237026575,0.8866239190101624,0.25959107279777527,0.8410331606864929,0.12612950801849365,0.6681238412857056,0.9153687357902527,0.022418419981877907,0.015358666282075554,0.0743783303730018,0.045017482517482506
BLOODCELL,ViT,3,DIRICHLET,True,0.8866831324105722,0.8862246569538994,0.9808472718293382,0.016070903407255716,0.00283554337113025,0.013147297058620706,0.16015631583214904,0.786458245557135,0.27638250181551993,0.8887662887573242,0.2696441411972046,0.8409974575042725,0.18532784581184386,0.6797746419906616,0.9156204462051392,0.021888218697812413,0.015121963147481314,0.07548845470692718,0.04295704295704296
BLOODCELL,ViT,3,APEX,True,0.9774285958316326,0.9773415982145078,0.9986645749660582,0.019640647814179776,0.013895163930666289,0.011930481877068792,0.03748090548305391,0.9500254593559282,0.07373660174423333,0.9577705911085777,0.12298830558496963,0.9484857491440681,0.6290491736181762,0.6898348107141979,0.9640143930229194,0.0012877425779306826,0.0010219057818061205,0.004884547069271759,0.0004995004995004995
BLOODCELL,ViT,3,ABL_no_gate,True,0.9774285958316326,0.9773415982145078,0.9986645749660582,0.019640647814179776,0.013895163930666289,0.011930481877068792,0.03748090548305391,0.9500254593559282,0.07373660174423333,0.9577705911085777,0.12298830558496963,0.9484857491440681,0.6290491736181762,0.6898348107141979,0.9640143930229194,0.0012877425779306826,0.0010219057818061205,0.004884547069271759,0.0004995004995004995
BLOODCELL,ViT,3,ABL_no_rbf,True,0.9786362039177753,0.9785135783124166,0.9984342993723458,0.022571159556255185,0.015898606171592472,0.012105481349548808,0.038458572778918274,0.9487219029614423,0.07836862699566444,0.9561487015705126,0.12587825047067958,0.9467624844174173,0.39364637404604375,0.6975034872766365,0.9618517810200303,0.001662218000846204,0.001423495922304811,0.004440497335701598,0.0004995004995004995
BLOODCELL,ViT,3,ABL_no_poly,True,0.975032953456238,0.9749738663081366,0.998662006130806,0.021611022233182738,0.015239326493630276,0.011546379266033496,0.038289053203223816,0.9489479290623684,0.0770497340946557,0.9562582076137924,0.12478675671192381,0.9468618116257059,0.12752984340471063,0.6674123962908117,0.963716111758607,0.0011932609692613502,0.0008687828518560605,0.003108348134991119,0.0
BLOODCELL,ViT,3,ABL_no_knn,True,0.9738474625511552,0.9737757546666281,0.998023196415428,0.011398277238079825,0.004558764678895187,0.007046789723519353,0.0408750979826654,0.9454998693564463,0.07734207373441086,0.9641155351352376,0.10156315440681463,0.9522112026681361,0.24334427602525505,0.7170571543757663,0.9708064884098069,0.001844769758802415,0.001488761422877521,0.007548845470692718,0.0024975024975024975
BLOODCELL,ViT,3,ABL_focal,True,0.9821800347631802,0.9821193175749734,0.99913013142772,0.03498604888534395,0.028251950404767637,0.018853990286309897,0.037258510929949105,0.9503219854267346,0.07831136941961046,0.9471099584325231,0.14309526385265503,0.9410024217497006,0.4044834735816739,0.639155557714751,0.9527478542959485,0.0009164081415380808,0.0007502280395727403,0.003108348134991119,0.0004995004995004995
BLOODCELL,ViT,3,TAU_0.60,True,0.9774285958316326,0.9773415982145078,0.9986645749660582,0.019640647814179776,0.013895163930666289,0.011930481877068792,0.03748090548305391,0.9500254593559282,0.07373660174423333,0.9577705911085777,0.12298830558496963,0.9484857491440681,0.6290491736181762,0.6898348107141979,0.9640143930229194,0.0012877425779306826,0.0010219057818061205,0.004884547069271759,0.0004995004995004995
BLOODCELL,ViT,3,TAU_0.70,True,0.9774285958316326,0.9773415982145078,0.9986645749660582,0.019640647814179776,0.013895163930666289,0.011930481877068792,0.03748090548305391,0.9500254593559282,0.07373660174423333,0.9577705911085777,0.12298830558496963,0.9484857491440681,0.6290491736181762,0.6898348107141979,0.9640143930229194,0.0012877425779306826,0.0010219057818061205,0.004884547069271759,0.0004995004995004995
BLOODCELL,ViT,3,TAU_0.80,True,0.9774285958316326,0.9773415982145078,0.9986645749660582,0.019640647814179776,0.013895163930666289,0.011930481877068792,0.03748090548305391,0.9500254593559282,0.07373660174423333,0.9577705911085777,0.12298830558496963,0.9484857491440681,0.6290491736181762,0.6898348107141979,0.9640143930229194,0.0012877425779306826,0.0010219057818061205,0.004884547069271759,0.0004995004995004995
BLOODCELL,ViT,3,TAU_0.85,True,0.9774285958316326,0.9773415982145078,0.9986645749660582,0.019640647814179776,0.013895163930666289,0.011930481877068792,0.03748090548305391,0.9500254593559282,0.07373660174423333,0.9577705911085777,0.12298830558496963,0.9484857491440681,0.6290491736181762,0.6898348107141979,0.9640143930229194,0.0012877425779306826,0.0010219057818061205,0.004884547069271759,0.0004995004995004995
BLOODCELL,ViT,3,TAU_0.90,True,0.9774285958316326,0.9773415982145078,0.9986645749660582,0.019640647814179776,0.013895163930666289,0.011930481877068792,0.03748090548305391,0.9500254593559282,0.07373660174423333,0.9577705911085777,0.12298830558496963,0.9484857491440681,0.6290491736181762,0.6898348107141979,0.9640143930229194,0.0012877425779306826,0.0010219057818061205,0.004884547069271759,0.0004995004995004995
BLOODCELL,ViT,3,TAU_0.95,True,0.9774285958316326,0.9773415982145078,0.9986645749660582,0.019640647814179776,0.013895163930666289,0.011930481877068792,0.03748090548305391,0.9500254593559282,0.07373660174423333,0.9577705911085777,0.12298830558496963,0.9484857491440681,0.6290491736181762,0.6898348107141979,0.9640143930229194,0.0012877425779306826,0.0010219057818061205,0.004884547069271759,0.0004995004995004995
BLOODCELL,ViT,3,FAIR_rbf_svm,True,0.9690669745115006,0.9690360235532625,0.9975544395838007,0.006702141053068827,0.0015955942236702927,0.004154703271387965,0.04493908749688635,0.9400812166708183,0.08387077390001717,0.9689338966865759,0.08787451792965954,0.953910385814677,0.4568499318895994,0.7303191124454876,0.9766089289219595,0.0023364248627799483,0.0018395228859176002,0.0066607460035523975,0.0034965034965034965
BLOODCELL,ViT,3,FAIR_poly_svm,True,0.9718637733601346,0.9717833043036741,0.9970420913590754,0.012712233955485609,0.006036022105117179,0.006754763061263095,0.04367958878413624,0.9417605482878184,0.09214630801423823,0.9643884496765827,0.09771875491704689,0.9514610138061952,0.35897640279985815,0.7158692455809293,0.9716437389408883,0.003363155114729857,0.0029513167258874836,0.008880994671403197,0.003996003996003996
BLOODCELL,ViT,3,FAIR_knn,True,0.9695263037627048,0.9691634150100169,0.9979645445332662,0.04103250991720639,0.03410707113945951,0.02508357806219865,0.05771455842585932,0.9230472554321877,0.17748870587071017,0.9380439370737611,0.13247971231801636,0.9287430257426932,0.5287847426365315,0.6027144119838189,0.9486871248033263,0.003022769655349192,0.002538513329166138,0.006216696269982256,0.0009990009990010192
BLOODCELL,ViT,3,FAIR_equal_blend,True,0.9789982625050669,0.9789405767801265,0.9990052837562198,0.02727915726728042,0.022547330338620896,0.01628104663975439,0.035970755456851196,0.9520389927241985,0.0746182005493361,0.9518697839765876,0.13604864910353942,0.9447048084545228,0.2192699587877076,0.6455165064893288,0.9584970181426385,0.0009799846488499487,0.0007499744482130793,0.0026642984014209592,0.0
BLOODCELL,ViT,3,ABL_no_descriptors,True,0.9781756029744866,0.9781018744614696,0.9988371181612827,0.01768564566344814,0.012015829168332133,0.010932448441732438,0.03587277691245633,0.9521696307833917,0.07053379999499153,0.9603434446801361,0.11564434062909162,0.9510507014496348,0.13075545901254748,0.6917932343319514,0.9663770482623053,0.0011066850094815345,0.0008590879168268346,0.003108348134991119,0.0004995004995004995
BLOODCELL,ViT,4,BASE,True,0.8799295089809673,0.879186345640804,0.9799384100050748,0.05500224840155038,0.03994157875186625,0.03930410743532083,0.1771368928333714,0.7638174762221718,0.3236021230770356,0.8259947896003723,0.4576457142829895,0.7862674593925476,0.13506939013799035,0.6130877137184143,0.8551110625267029,0.027400152463370835,0.019830598583946847,0.0812972012438916,0.050974512743628186
BLOODCELL,ViT,4,MC_DROPOUT,True,0.8815639381424383,0.8803973290090119,0.9792418280817231,0.08881597724749887,0.0715656603182719,0.05259338311358193,0.18942569131601641,0.747432411578645,0.3553001279461178,0.7924789786338806,0.5410741567611694,0.7570968866348267,0.18568218085500932,0.5896635055541992,0.8197969794273376,0.02923323191153739,0.02186746746654313,0.08262994224788983,0.0559720139930035
BLOODCELL,ViT,4,TEMP_SCALE,True,0.8799295089809673,0.879186345640804,0.9798509762052652,0.009384669512391204,0.0012367192682093998,0.026210220157374273,0.169504224816619,0.773994366911175,0.2983654640670095,0.8803749680519104,0.31044772267341614,0.8290057182312012,0.3072107434272766,0.6755452156066895,0.9083865880966187,0.026451268281250332,0.018881714401826344,0.0790759662372279,0.04897551224387806
BLOODCELL,ViT,4,VEC_SCALE,True,0.8857921891782814,0.8845656505496227,0.9805992312552212,0.011357147512937761,0.0012458431846668005,0.012310300680515245,0.16315224681789015,0.7824636709094801,0.28171961313752036,0.8851794461567162,0.28771575330413934,0.836562584465043,0.12594593830950063,0.6791611435924997,0.9118734654957363,0.022800403243965317,0.015931435599044485,0.07774322523322967,0.04697651174412794
BLOODCELL,ViT,4,ISOTONIC,True,0.8835220292930805,0.8826602673627908,0.9795612294595196,0.019936886837156536,0.007030463706415977,0.015496651928119125,0.16402724349662137,0.7812970086711718,0.314681057964304,0.8776186108589172,0.2779451310634613,0.8350658416748047,0.7256466746330261,0.65008145570755,0.9077989459037781,0.025142529621866926,0.01797765443561944,0.07507774322523333,0.044477761119440296
BLOODCELL,ViT,4,DIRICHLET,True,0.890991734111477,0.8899796921276598,0.9812922528071907,0.012199202696863485,0.0015454992410804753,0.014576114062717716,0.15898411161386025,0.7880211845148533,0.2728820355015552,0.8858523368835449,0.2814910113811493,0.8393247127532959,0.16948199272155762,0.6826142072677612,0.9108466506004333,0.02154407445280286,0.015293978538832714,0.07330075521990227,0.04297851074462768
BLOODCELL,ViT,4,APEX,True,0.9797560010164066,0.9797265068844859,0.9990025869371737,0.022028797114579765,0.016653212945146753,0.012481387492126291,0.03244416075684238,0.9567411189908769,0.06640311285354215,0.9579431441079711,0.12484620552177356,0.9508512021040334,0.4448984694110862,0.656372647463128,0.9642181728019275,0.0008337865346456666,0.0006205400138030341,0.001776988005330964,0.0004997501249375312
BLOODCELL,ViT,4,ABL_no_gate,True,0.9797560010164066,0.9797265068844859,0.9990025869371737,0.022028797114579775,0.016653212945146764,0.012481387492126291,0.03244416075684238,0.9567411189908769,0.06640311285354215,0.9579431441079712,0.12484620552177356,0.9508512021040334,0.4448984694110862,0.656372647463128,0.9642181728019275,0.0008337865346456666,0.0006205400138030341,0.001776988005330964,0.0004997501249375312
BLOODCELL,ViT,4,ABL_no_rbf,True,0.9797560010164066,0.9797348202164368,0.9989825585795,0.023712694608740485,0.019426496436639816,0.013555221436125958,0.033531961004260626,0.9552907186609859,0.069633620974482,0.9559605627859925,0.12738098555737637,0.9488765860564694,0.23041247540014387,0.6506146702902419,0.9623141492883519,0.0008271186410223128,0.0006138721201796802,0.001776988005330964,0.0004997501249375312
BLOODCELL,ViT,4,ABL_no_poly,True,0.9793477359541523,0.979343354751552,0.9989807295125663,0.023552492216989955,0.018294776227664053,0.013721607512209688,0.03314290994704722,0.9558094534039371,0.0698388042747942,0.9556641344816512,0.12780248105974673,0.9490201754535346,0.5390173961422556,0.6371748907563659,0.9624239061852083,0.0008155566863255057,0.0005939176208967792,0.001776988005330964,0.0
BLOODCELL,ViT,4,ABL_no_knn,True,0.9785579179493138,0.9785342558059937,0.9986004817323562,0.015238860834068989,0.008054404689755254,0.008342962771689012,0.035441752837799705,0.9527443295496004,0.06691065545042624,0.9635213705762515,0.10585912099694325,0.9540885277017886,0.42904949431083733,0.7086758816210705,0.9691429622443806,0.001228771439263962,0.0009898578136553753,0.0026654820079964462,0.0014992503748125937
BLOODCELL,ViT,4,ABL_focal,True,0.9837255894327506,0.9836970776273497,0.9992862599606558,0.0371944299109956,0.032069757505212765,0.019539418309033576,0.03249775573665685,0.9566696590177909,0.07388513588843808,0.9464186796013945,0.15694625070011278,0.9422275303338873,0.29892862812294285,0.5932106346525495,0.9523030883144797,0.0005803997135134552,0.0004421208406678722,0.000888494002665482,0.0
BLOODCELL,ViT,4,TAU_0.60,True,0.9797560010164066,0.9797265068844859,0.9990025869371737,0.022028797114579765,0.016653212945146753,0.012481387492126291,0.03244416075684238,0.9567411189908769,0.06640311285354215,0.9579431441079711,0.12484620552177356,0.9508512021040334,0.4448984694110862,0.656372647463128,0.9642181728019275,0.0008337865346456666,0.0006205400138030341,0.001776988005330964,0.0004997501249375312
BLOODCELL,ViT,4,TAU_0.70,True,0.9797560010164066,0.9797265068844859,0.9990025869371737,0.022028797114579765,0.016653212945146753,0.012481387492126291,0.03244416075684238,0.9567411189908769,0.06640311285354215,0.9579431441079711,0.12484620552177356,0.9508512021040334,0.4448984694110862,0.656372647463128,0.9642181728019275,0.0008337865346456666,0.0006205400138030341,0.001776988005330964,0.0004997501249375312
BLOODCELL,ViT,4,TAU_0.80,True,0.9797560010164066,0.9797265068844859,0.9990025869371737,0.022028797114579765,0.016653212945146753,0.012481387492126291,0.03244416075684238,0.9567411189908769,0.06640311285354215,0.9579431441079711,0.12484620552177356,0.9508512021040334,0.4448984694110862,0.656372647463128,0.9642181728019275,0.0008337865346456666,0.0006205400138030341,0.001776988005330964,0.0004997501249375312
BLOODCELL,ViT,4,TAU_0.85,True,0.9797560010164066,0.9797265068844859,0.9990025869371737,0.022028797114579765,0.016653212945146753,0.012481387492126291,0.03244416075684238,0.9567411189908769,0.06640311285354215,0.9579431441079711,0.12484620552177356,0.9508512021040334,0.4448984694110862,0.656372647463128,0.9642181728019275,0.0008337865346456666,0.0006205400138030341,0.001776988005330964,0.0004997501249375312
BLOODCELL,ViT,4,TAU_0.90,True,0.9797560010164066,0.9797265068844859,0.9990025869371737,0.022028797114579765,0.016653212945146753,0.012481387492126291,0.03244416075684238,0.9567411189908769,0.06640311285354215,0.9579431441079711,0.12484620552177356,0.9508512021040334,0.4448984694110862,0.656372647463128,0.9642181728019275,0.0008337865346456666,0.0006205400138030341,0.001776988005330964,0.0004997501249375312
BLOODCELL,ViT,4,TAU_0.95,True,0.9797560010164066,0.9797265068844859,0.9990025869371737,0.022028797114579765,0.016653212945146753,0.012481387492126291,0.03244416075684238,0.9567411189908769,0.06640311285354215,0.9579431441079711,0.12484620552177356,0.9508512021040334,0.4448984694110862,0.656372647463128,0.9642181728019275,0.0008337865346456666,0.0006205400138030341,0.001776988005330964,0.0004997501249375312
BLOODCELL,ViT,4,FAIR_rbf_svm,True,0.9769616483315724,0.9769609678930071,0.99832457718004,0.011515492254659511,0.0056395757352334245,0.007526162529999075,0.03812732569911188,0.9491635657345175,0.0711788471809757,0.9657216820520704,0.09821614794871779,0.9545745586251156,0.5613671651004611,0.7312448730540486,0.9712861889759186,0.0014394236786826912,0.0011640011816185303,0.003998223011994669,0.0009995002498750624
BLOODCELL,ViT,4,FAIR_poly_svm,True,0.9761718303267339,0.9761458082777494,0.9981783303476086,0.012115419269571258,0.005799657142257124,0.006743587263026031,0.0389111588246884,0.9481184549004156,0.07283070174742895,0.9647996864358451,0.09900319655242559,0.9536883534618578,0.7114891660962717,0.7217520221613556,0.9707713735187565,0.001684126630101773,0.001389468752903507,0.006219458018658374,0.0009995002498750624
BLOODCELL,ViT,4,FAIR_knn,True,0.9778258807017359,0.9775712321891121,0.9978628428714637,0.044869684382677646,0.0398043789921044,0.02542821985163092,0.05134749367775064,0.9315366750963325,0.19479879543931047,0.9424490274762071,0.12776088315851322,0.9337290026256155,0.455821287031467,0.6558548985373234,0.9490104629711286,0.0032151696214038615,0.0029583283632475346,0.003998223011994667,0.001999000499750122
BLOODCELL,ViT,4,FAIR_equal_blend,True,0.982926867388022,0.9829095008460438,0.9992357203280599,0.030402671225119103,0.025791869883500098,0.015828496803985674,0.03147404968371255,0.9580346004217166,0.06852874589034258,0.9524110777756802,0.1361914109090505,0.9473306382375306,0.5726850632929044,0.6211956764951657,0.9582029697053517,0.0006260883360265078,0.00047411729476623017,0.0013327410039982231,0.0
BLOODCELL,ViT,4,ABL_no_descriptors,True,0.9829256929163068,0.9829190710408134,0.9991777026243304,0.023549092636596873,0.01810907797994561,0.012348883594214903,0.030661583628803096,0.9591178884949293,0.06282877199973359,0.9592646563642023,0.12006239161028864,0.9529230719240391,0.603328966957887,0.6704774805557872,0.964314615111564,0.000704400444132661,0.0005524294028723834,0.0013327410039982231,0.0
BLOODCELL,ViT,5,BASE,True,0.8891051477191326,0.8881616063820116,0.9817104820396154,0.048794271515237166,0.03161532776546631,0.037290383033717955,0.1689280982545481,0.7747625356606028,0.3097054914510484,0.8400947451591492,0.424766480922699,0.7998715043067932,0.3461653689543406,0.6298419237136841,0.8663762807846069,0.02579256300615502,0.019355282274068717,0.07552199022656597,0.046476761619190406
BLOODCELL,ViT,5,MC_DROPOUT,True,0.890678472780922,0.889779835333943,0.9810627037570897,0.08734308561975722,0.07010669225805691,0.05068616468018647,0.1809912111959099,0.7586783850721204,0.34122239161273665,0.8043422698974609,0.5126892924308777,0.7697628736495972,0.26579125477122023,0.5934067368507385,0.8302831649780273,0.027144395591243067,0.02089429967727292,0.07729897823189694,0.049475262368815595
BLOODCELL,ViT,5,TEMP_SCALE,True,0.8891051477191326,0.8881616063820116,0.9817623301416414,0.007426882997977047,0.0006427663813660769,0.02801314897216977,0.16310774823527874,0.7825230023529619,0.2907177917720414,0.8866645097732544,0.29800495505332947,0.8361576199531555,0.6676349341869354,0.6895143985748291,0.9113083481788635,0.025069930748891092,0.01863265001680479,0.07463349622390049,0.046476761619190406
BLOODCELL,ViT,5,VEC_SCALE,True,0.8932027499589502,0.8933293208969265,0.9825402591693075,0.01117141213097393,0.0012665664020330742,0.011867900401934818,0.15341430727689578,0.7954475902974726,0.2679299753042963,0.8902919962431474,0.27949720958694974,0.8439662783296679,0.2502319968642068,0.6815987835595209,0.9153277084182646,0.020541304220397835,0.014566605447992138,0.06841403820524211,0.03948025987006497
BLOODCELL,ViT,5,ISOTONIC,True,0.8924800553405731,0.8924030519940003,0.9815777128234129,0.00912090175919875,0.0005156049836181418,0.013931909747703518,0.15556113904657393,0.7925851479379017,0.2979337149930497,0.8940148949623108,0.2707611918449402,0.844139814376831,0.3291155695915222,0.700004518032074,0.9174838066101074,0.022540035432819478,0.016474254100289826,0.06996890270990672,0.04162204611979724
BLOODCELL,ViT,5,DIRICHLET,True,0.8904541891656511,0.8900881538883925,0.9826302492124683,0.011049690232764791,0.0010594762347735467,0.013980036687630643,0.15287549746041468,0.796166003386114,0.2675557047566481,0.8882249593734741,0.2810569405555725,0.8429576754570007,0.1761210858821869,0.6713879108428955,0.9150009155273438,0.020183385548928783,0.013886762716453359,0.06663705019991115,0.03948025987006497
BLOODCELL,ViT,5,APEX,True,0.9817162347916073,0.9817491054902777,0.9989968232979181,0.025832008971335505,0.019604903137741915,0.012949514309874233,0.03236980835073623,0.9568402555323517,0.06650531323902197,0.9568943281602834,0.12672877283660972,0.9502317635063618,0.2269504067149275,0.6689196580037371,0.9622879905492091,0.0008391825444244996,0.0006654540521856369,0.003109729009329187,0.0004997501249375312
BLOODCELL,ViT,5,ABL_no_gate,True,0.9817162347916073,0.9817491054902777,0.9989968232979181,0.025832008971335505,0.019604903137741915,0.012949514309874233,0.03236980835073623,0.9568402555323517,0.06650531323902197,0.9568943281602834,0.12672877283660974,0.9502317635063618,0.2269504067149275,0.6689196580037371,0.9622879905492091,0.0008391825444244996,0.0006654540521856369,0.003109729009329187,0.0004997501249375312
BLOODCELL,ViT,5,ABL_no_rbf,True,0.9805243654520326,0.9805481682293942,0.9989064970564794,0.023973649629747615,0.017492080832606383,0.013046175022579473,0.03334963744338812,0.9555338167421492,0.0685272733807142,0.9564420178362796,0.12685020389790297,0.9493377158303249,0.1917765457661239,0.6651357340723463,0.9622610182049842,0.0009252895019930135,0.0007283389321072892,0.001776988005330964,0.0004997501249375312
BLOODCELL,ViT,5,ABL_no_poly,True,0.9785160880622354,0.9785631821016547,0.9988095101351162,0.024293370285732478,0.018154052647381017,0.013894290393506628,0.035569061441614556,0.952574584744514,0.07183124479103202,0.954123895901318,0.13187909182822175,0.9464498846117039,0.22660070462602933,0.662150842062397,0.9605644779712941,0.000986476361093881,0.0007475627354852942,0.0026654820079964462,0.0
BLOODCELL,ViT,5,ABL_no_knn,True,0.9801098866622602,0.9801404421838655,0.9985251757082013,0.016276172319061165,0.010621422205208729,0.008239423156654505,0.03524526509266178,0.9530063132097844,0.06704926989607908,0.9637398148911707,0.1029566512754026,0.9547727246643987,0.2422437018154674,0.7170408127207886,0.9687703818196042,0.001322360133191802,0.001117343088695445,0.004886717014660151,0.001999000499750125
BLOODCELL,ViT,5,ABL_focal,True,0.9844979407267501,0.9845050623870215,0.999274373696639,0.04070837939278973,0.036139915319029096,0.02077066576994556,0.034695192770561635,0.9537397429725846,0.07536257481875676,0.9442253749863262,0.14961303387550426,0.9403908459943942,0.6118751880852991,0.5930651410838917,0.9497857684585936,0.0005855603220127626,0.00046032399500765033,0.000888494002665482,0.0004997501249375312
BLOODCELL,ViT,5,TAU_0.60,True,0.9817162347916073,0.9817491054902777,0.9989968232979181,0.025832008971335505,0.019604903137741915,0.012949514309874233,0.03236980835073623,0.9568402555323517,0.06650531323902197,0.9568943281602834,0.12672877283660972,0.9502317635063618,0.2269504067149275,0.6689196580037371,0.9622879905492091,0.0008391825444244996,0.0006654540521856369,0.003109729009329187,0.0004997501249375312
BLOODCELL,ViT,5,TAU_0.70,True,0.9817162347916073,0.9817491054902777,0.9989968232979181,0.025832008971335505,0.019604903137741915,0.012949514309874233,0.03236980835073623,0.9568402555323517,0.06650531323902197,0.9568943281602834,0.12672877283660972,0.9502317635063618,0.2269504067149275,0.6689196580037371,0.9622879905492091,0.0008391825444244996,0.0006654540521856369,0.003109729009329187,0.0004997501249375312
BLOODCELL,ViT,5,TAU_0.80,True,0.9817162347916073,0.9817491054902777,0.9989968232979181,0.025832008971335505,0.019604903137741915,0.012949514309874233,0.03236980835073623,0.9568402555323517,0.06650531323902197,0.9568943281602834,0.12672877283660972,0.9502317635063618,0.2269504067149275,0.6689196580037371,0.9622879905492091,0.0008391825444244996,0.0006654540521856369,0.003109729009329187,0.0004997501249375312
BLOODCELL,ViT,5,TAU_0.85,True,0.9817162347916073,0.9817491054902777,0.9989968232979181,0.025832008971335505,0.019604903137741915,0.012949514309874233,0.03236980835073623,0.9568402555323517,0.06650531323902197,0.9568943281602834,0.12672877283660972,0.9502317635063618,0.2269504067149275,0.6689196580037371,0.9622879905492091,0.0008391825444244996,0.0006654540521856369,0.003109729009329187,0.0004997501249375312
BLOODCELL,ViT,5,TAU_0.90,True,0.9817162347916073,0.9817491054902777,0.9989968232979181,0.025832008971335505,0.019604903137741915,0.012949514309874233,0.03236980835073623,0.9568402555323517,0.06650531323902197,0.9568943281602834,0.12672877283660972,0.9502317635063618,0.2269504067149275,0.6689196580037371,0.9622879905492091,0.0008391825444244996,0.0006654540521856369,0.003109729009329187,0.0004997501249375312
BLOODCELL,ViT,5,TAU_0.95,True,0.9817162347916073,0.9817491054902777,0.9989968232979181,0.025832008971335505,0.019604903137741915,0.012949514309874233,0.03236980835073623,0.9568402555323517,0.06650531323902197,0.9568943281602834,0.12672877283660972,0.9502317635063618,0.2269504067149275,0.6689196580037371,0.9622879905492091,0.0008391825444244996,0.0006654540521856369,0.003109729009329187,0.0004997501249375312
BLOODCELL,ViT,5,FAIR_rbf_svm,True,0.9737400480329883,0.9738105582432766,0.9980847720565953,0.008846306777652205,0.003561106411916811,0.0061836646464024335,0.041122166483406455,0.9451704446887914,0.07420371329920021,0.966080124249446,0.09619645562584597,0.9534446016936234,0.4411019517973622,0.7334628139402466,0.9723825636913209,0.0017496839278046455,0.0013933897010300436,0.006219458018658374,0.001999000499750125
BLOODCELL,ViT,5,FAIR_poly_svm,True,0.9765319297001058,0.9765782603527811,0.9980670850478359,0.010669119434402017,0.003817873334168794,0.007397859323556421,0.03786262698358286,0.9495164973552229,0.07201322462791575,0.9664679789710408,0.09426740335455328,0.9556144487263128,0.5922385859879962,0.721390773400167,0.9723867489786877,0.0018044061158619547,0.0015194477298473591,0.006663705019991115,0.001999000499750125
BLOODCELL,ViT,5,FAIR_knn,True,0.9679387754745972,0.9675007916845368,0.9984689740291878,0.04572498715334029,0.03994453665549352,0.027080389811565467,0.05893926830792067,0.9214143089227725,0.1675930534386721,0.9351211196096251,0.14026012725679055,0.9258068092733732,0.4935100415033238,0.6019881914472812,0.9462668309607816,0.005027149839645228,0.004490891394898747,0.005330964015992884,0.001499250374812585
BLOODCELL,ViT,5,FAIR_equal_blend,True,0.9841112264540772,0.9841250242534352,0.9991885225410589,0.034362289832744926,0.028815838782263858,0.017691298392836983,0.032260618184662755,0.9569858424204497,0.07016028738053369,0.9496504999354405,0.1420797469791513,0.9449552865644375,0.6220369608546243,0.6295098570082864,0.954851810137344,0.0006644058132275648,0.0005327293831348319,0.0013327410039982231,0.0004997501249375312
BLOODCELL,ViT,5,ABL_no_descriptors,True,0.9801172748614937,0.9801442742620694,0.9990835095825782,0.02706282671130933,0.02105706681889967,0.013593536037249903,0.03242995660788918,0.9567600578561478,0.06689045377525436,0.9561651542720931,0.1269089206932282,0.9496616183693396,0.2926746202141177,0.6411918636577384,0.9625879375227938,0.0007923294471370706,0.0005873124026407134,0.0013327410039982231,0.0004997501249375312
BRAINTUMOR,ConvNeXt,1,BASE,True,0.8810477131899592,0.8795278402268767,0.9763393515457435,0.019340059902526928,0.004138524368466455,0.023241043397831493,0.17475078815929956,0.7669989491209342,0.3239240870867032,0.8817819952964783,0.31846344470977783,0.8256382346153259,0.2829481760660807,0.690848171710968,0.9079309105873108,0.027363124300802334,0.019755142649159715,0.07606973058637084,0.05258467023172905
BRAINTUMOR,ConvNeXt,1,MC_DROPOUT,True,0.880357369249329,0.8788147899544725,0.9761834625003941,0.02316035335606027,0.008743926779102846,0.02313154889403425,0.17581628285513953,0.7655782895264809,0.3264926752264139,0.8690809607505798,0.3495139479637146,0.8162980079650879,0.12329243561800785,0.6729944348335266,0.8961164951324463,0.027867997466659727,0.02016798911964984,0.0768621236133122,0.053475935828877004
BRAINTUMOR,ConvNeXt,1,TEMP_SCALE,True,0.8810477131899592,0.8795278402268767,0.9763717551546034,0.02291535453888148,0.01213070957681402,0.021708111514530545,0.17531236280799858,0.7662501829226689,0.3290112261824398,0.9007125496864319,0.2656461298465729,0.8392062783241272,0.6126176118850708,0.7192568778991699,0.9255635142326355,0.027200095621697975,0.019592113970055357,0.07606973058637084,0.05169340463458111
BRAINTUMOR,ConvNeXt,1,VEC_SCALE,True,0.8851342113989454,0.8851926124631659,0.9766807326761899,0.022461568525255528,0.007506813557011514,0.018304154746393644,0.17079676085899706,0.7722709855213375,0.3173930647270912,0.9043302989151285,0.2505261652131904,0.8446037609202569,0.3582595048519056,0.7250801568194181,0.9278930192067422,0.026387304017538495,0.019319369281307727,0.07606973058637084,0.0481283422459893
BRAINTUMOR,ConvNeXt,1,ISOTONIC,True,0.8887483456017848,0.8885734061809506,0.9758682951818765,0.03396803089659806,0.01681307097114699,0.021925530746062363,0.17124258718307395,0.7716765504225684,0.42650798120497374,0.9088866710662842,0.22698397934436798,0.847737193107605,0.20455730275103923,0.7450369596481323,0.9296805262565613,0.028604473331105364,0.021970766248988916,0.07210776545166406,0.05347593582887708
BRAINTUMOR,ConvNeXt,1,DIRICHLET,True,0.8893517514580641,0.8893483594869815,0.9771682001979399,0.02924630672525524,0.011994428594135662,0.01970965298332379,0.17146323916373046,0.771382347781693,0.3134868731392906,0.9058560132980347,0.2509543001651764,0.8443771600723267,0.540012001991272,0.744656503200531,0.9261678457260132,0.026262563526332123,0.019713982641929577,0.07765451664025357,0.05258467023172905
BRAINTUMOR,ConvNeXt,1,APEX,True,0.936601386417115,0.9368548634215809,0.9925659665844287,0.027955704256745616,0.01670141208551226,0.015868397259125974,0.09748070284705757,0.8700257295372568,0.18036995561952304,0.9119069692304754,0.23918984559637427,0.8855280158567213,0.7215559657022572,0.6691453075553112,0.9285471440596945,0.007288366208485026,0.005162548652979493,0.030110935023771792,0.00980392156862745
BRAINTUMOR,ConvNeXt,1,ABL_no_gate,True,0.936601386417115,0.9368548634215809,0.9925659665844287,0.02795570425674562,0.01670141208551226,0.015868397259125977,0.09748070284705757,0.8700257295372568,0.18036995561952304,0.9119069692304754,0.23918984559637427,0.8855280158567213,0.7215559657022572,0.6691453075553112,0.9285471440596944,0.007288366208485026,0.005162548652979493,0.030110935023771792,0.00980392156862745
BRAINTUMOR,ConvNeXt,1,ABL_no_rbf,True,0.9365777540089472,0.9367893942734847,0.9922789601190012,0.027111863661681463,0.014096551729990591,0.016306013321255027,0.09772453738024448,0.8697006168263408,0.18322840680423078,0.9135251550046436,0.23242297148319513,0.8868768543446902,0.300727170648242,0.6676928784061816,0.9303758061043097,0.007656836024248926,0.0055310184687433935,0.03248811410459588,0.011586452762923352
BRAINTUMOR,ConvNeXt,1,ABL_no_poly,True,0.9330742306468344,0.9332002137596311,0.9926393810424184,0.03152570835617886,0.01803051059763775,0.01963360161102758,0.09923012240009009,0.8676931701332133,0.18198886625162958,0.9082428696134585,0.24093712203291734,0.8827346157573407,0.6779468552598281,0.6538861715409356,0.9267167888159735,0.007399738547883267,0.005029584028007461,0.0277337559429477,0.00980392156862745
BRAINTUMOR,ConvNeXt,1,ABL_no_knn,True,0.933066343961297,0.9333588310904859,0.9902220148005092,0.019078125466746088,0.005687226007511624,0.01317648662744333,0.10630357540562489,0.858261899459167,0.19776450899197112,0.9213522547472234,0.22527381326348214,0.8874220700437582,0.3758949700199725,0.718582329155245,0.9360794282420538,0.009903935946925678,0.007533781427049873,0.03486529318541997,0.013368983957219251
BRAINTUMOR,ConvNeXt,1,ABL_focal,True,0.9338044749960448,0.9335954928628302,0.9925212989713061,0.0345421507498655,0.020630966525976638,0.019788353301645367,0.09906874840737526,0.8679083354568331,0.18678963451213043,0.9047169390115628,0.25645573434144936,0.8795799264284773,0.36160581432819694,0.6473523416670134,0.9231984303411178,0.0073332770959667806,0.0050130781503238955,0.028526148969889066,0.0106951871657754
BRAINTUMOR,ConvNeXt,1,TAU_0.60,True,0.936601386417115,0.9368548634215809,0.9925659665844287,0.027955704256745616,0.01670141208551226,0.015868397259125974,0.09748070284705757,0.8700257295372568,0.18036995561952304,0.9119069692304754,0.23918984559637427,0.8855280158567213,0.7215559657022572,0.6691453075553112,0.9285471440596945,0.007288366208485026,0.005162548652979493,0.030110935023771792,0.00980392156862745
BRAINTUMOR,ConvNeXt,1,TAU_0.70,True,0.936601386417115,0.9368548634215809,0.9925659665844287,0.027955704256745616,0.01670141208551226,0.015868397259125974,0.09748070284705757,0.8700257295372568,0.18036995561952304,0.9119069692304754,0.23918984559637427,0.8855280158567213,0.7215559657022572,0.6691453075553112,0.9285471440596945,0.007288366208485026,0.005162548652979493,0.030110935023771792,0.00980392156862745
BRAINTUMOR,ConvNeXt,1,TAU_0.80,True,0.936601386417115,0.9368548634215809,0.9925659665844287,0.027955704256745616,0.01670141208551226,0.015868397259125974,0.09748070284705757,0.8700257295372568,0.18036995561952304,0.9119069692304754,0.23918984559637427,0.8855280158567213,0.7215559657022572,0.6691453075553112,0.9285471440596945,0.007288366208485026,0.005162548652979493,0.030110935023771792,0.00980392156862745
BRAINTUMOR,ConvNeXt,1,TAU_0.85,True,0.936601386417115,0.9368548634215809,0.9925659665844287,0.027955704256745616,0.01670141208551226,0.015868397259125974,0.09748070284705757,0.8700257295372568,0.18036995561952304,0.9119069692304754,0.23918984559637427,0.8855280158567213,0.7215559657022572,0.6691453075553112,0.9285471440596945,0.007288366208485026,0.005162548652979493,0.030110935023771792,0.00980392156862745
BRAINTUMOR,ConvNeXt,1,TAU_0.90,True,0.936601386417115,0.9368548634215809,0.9925659665844287,0.027955704256745616,0.01670141208551226,0.015868397259125974,0.09748070284705757,0.8700257295372568,0.18036995561952304,0.9119069692304754,0.23918984559637427,0.8855280158567213,0.7215559657022572,0.6691453075553112,0.9285471440596945,0.007288366208485026,0.005162548652979493,0.030110935023771792,0.00980392156862745
BRAINTUMOR,ConvNeXt,1,TAU_0.95,True,0.936601386417115,0.9368548634215809,0.9925659665844287,0.027955704256745616,0.01670141208551226,0.015868397259125974,0.09748070284705757,0.8700257295372568,0.18036995561952304,0.9119069692304754,0.23918984559637427,0.8855280158567213,0.7215559657022572,0.6691453075553112,0.9285471440596945,0.007288366208485026,0.005162548652979493,0.030110935023771792,0.00980392156862745
BRAINTUMOR,ConvNeXt,1,FAIR_rbf_svm,True,0.9246312638430599,0.9247625001511138,0.9889606276196858,0.012304948268975864,0.000315925248181072,0.013887413296927725,0.11203223360966828,0.8506236885204425,0.20781796775482442,0.9202447501948903,0.224436049905789,0.8840214921372743,0.1694790854919051,0.7097579175930601,0.9376229068988994,0.011552928453910287,0.008540683404201728,0.03882725832012678,0.022281639928698752
BRAINTUMOR,ConvNeXt,1,FAIR_poly_svm,True,0.9260277781433663,0.9263451615866571,0.9896196545827732,0.013071261939093196,0.0022617954115925327,0.01181265730903588,0.10764967433142404,0.8564671008914349,0.20318764063707645,0.9254401411972552,0.2123232565161364,0.8899812086474377,0.3486081906857703,0.7022095834827214,0.9434980830770902,0.011044327710372762,0.008144577717223198,0.03565768621236133,0.015151515151515152
BRAINTUMOR,ConvNeXt,1,FAIR_knn,True,0.924651227871572,0.924242466414039,0.9854987840171906,0.028765184588990206,0.017811684888380423,0.02403254957727117,0.11601758612695028,0.8453098851640665,0.6413105715253274,0.9108215411467258,0.18765409966109425,0.8808689273074836,0.2683463238521341,0.6587803186585783,0.9316305001021516,0.012246699315472509,0.009234454265763952,0.03328050713153727,0.01604278074866313
BRAINTUMOR,ConvNeXt,1,FAIR_equal_blend,True,0.9380138608808536,0.9382312894557647,0.9926411042880624,0.03374595107763086,0.021251471787004997,0.01774662216542631,0.09749284837035317,0.870009535506196,0.18023852297928103,0.9109535525427002,0.24041869241744893,0.8849572093640661,0.7123831098942088,0.6707693583170704,0.9270267153501949,0.007235362035165153,0.005203476434291849,0.028526148969889066,0.00980392156862745
BRAINTUMOR,ConvNeXt,1,ABL_no_descriptors,True,0.9400930468770545,0.9402542049900068,0.9924246625003041,0.03132649197006844,0.02017654374753346,0.0176987901958688,0.09995239559572877,0.8667301392056952,0.18743436366169558,0.9085426868341958,0.24602524222743735,0.8821521526549272,0.31777834270286676,0.6686637485041635,0.9240128763319596,0.0074036361677157275,0.0055085843650671115,0.0277337559429477,0.011586452762923352
BRAINTUMOR,ConvNeXt,2,BASE,True,0.8915840415486308,0.8902064329134137,0.9801010840559631,0.01837970752930182,0.0032430832942972132,0.020527485058868946,0.16495247043623493,0.780063372751687,0.3079093391184415,0.8873253464698792,0.30018115043640137,0.8349164724349976,0.305217574040095,0.6905596256256104,0.9115862846374512,0.024050361477609524,0.017753728797222274,0.06735340729001585,0.045454545454545456
BRAINTUMOR,ConvNeXt,2,MC_DROPOUT,True,0.8894832012124964,0.8879747110246334,0.9801237688521951,0.021632192033745973,0.004755442433715918,0.02258380907252484,0.16624033639235922,0.7783462181435213,0.3091994025630063,0.875016450881958,0.32905900478363037,0.825975239276886,0.6776739656925201,0.6685447096824646,0.9010325074195862,0.024203494423314573,0.017654913538912027,0.06656101426307448,0.049019607843137254
BRAINTUMOR,ConvNeXt,2,TEMP_SCALE,True,0.8915840415486308,0.8902064329134137,0.9801051995084261,0.02093487330104995,0.003617065036335371,0.02074623904438226,0.16492174664276404,0.7801043378096483,0.3079823643793235,0.8883516788482666,0.2973341643810272,0.8356775045394897,0.30460120240847266,0.6920983195304871,0.9125493764877319,0.024044902011602087,0.017748269331214837,0.06735340729001585,0.045454545454545456
BRAINTUMOR,ConvNeXt,2,VEC_SCALE,True,0.8921094996072083,0.8919535722085721,0.9808791148718686,0.012685446020936218,0.0006167855477556875,0.015342035098458353,0.1559868147156546,0.7920175803791275,0.2873910138305256,0.8967576002019323,0.27334675685675375,0.8466388259078274,0.1535640057407846,0.6886859135503477,0.9222255746480863,0.02277455492632346,0.01656076304421955,0.06735340729001585,0.040998217468805706
BRAINTUMOR,ConvNeXt,2,ISOTONIC,True,0.8936452059577372,0.8929971279508364,0.9795090877155124,0.01608768702403019,0.0043903162720814164,0.01532902045518788,0.16174515903086462,0.7843397879588474,0.3124822834188242,0.9080914855003357,0.25883060693740845,0.847667396068573,0.1574914235817758,0.7469620704650879,0.9275248646736145,0.024489042456975887,0.018439222007139593,0.06735340729001582,0.04278074866310161
BRAINTUMOR,ConvNeXt,2,DIRICHLET,True,0.8957939053808492,0.8954295964579448,0.9804696693895008,0.02099508590895366,0.00393526173040228,0.016418047029389288,0.15701296897257971,0.7906493747032273,0.29235948289788366,0.8970116972923279,0.2732338309288025,0.8457499146461487,0.21766193707784018,0.7031629681587219,0.9198720455169678,0.02342748634410942,0.017619354458026378,0.06576862123613313,0.045454545454545456
BRAINTUMOR,ConvNeXt,2,APEX,True,0.9401063364439259,0.9401846227150154,0.9927021125388433,0.03749768496794339,0.02129872679070111,0.01973445369764926,0.09456478378519681,0.8739136216197377,0.18203949037678263,0.9089137066343546,0.25277127407752453,0.8838120581276028,0.2395268981824974,0.6742786162837732,0.9240457117024877,0.008548665849382684,0.006653614046734068,0.0277337559429477,0.013368983957219251
BRAINTUMOR,ConvNeXt,2,ABL_no_gate,True,0.9401063364439259,0.9401846227150154,0.9927021125388433,0.03749768496794339,0.021298726790701102,0.019734453697649267,0.09456478378519681,0.8739136216197377,0.18203949037678263,0.9089137066343546,0.25277127407752453,0.8838120581276028,0.2395268981824974,0.6742786162837732,0.9240457117024877,0.008548665849382684,0.006653614046734068,0.0277337559429477,0.013368983957219251
BRAINTUMOR,ConvNeXt,2,ABL_no_rbf,True,0.9415506641750184,0.9415741829917295,0.9928358786866813,0.03496317180414455,0.02144685628514791,0.02034567026314042,0.09415598951137259,0.8744586806515033,0.18200040293659114,0.9089588878524042,0.2520620523098791,0.8842627682232465,0.3501434360821482,0.6705143655993856,0.9239519903880106,0.008864049763807506,0.007057515868694921,0.02694136291600634,0.012477718360071301
BRAINTUMOR,ConvNeXt,2,ABL_no_poly,True,0.9407986813705652,0.9409606148171719,0.9920958521909965,0.032711901438905976,0.01901832106180152,0.018096181630773686,0.09693104042217097,0.8707586127704389,0.18681395995444203,0.9085064365092549,0.2485403194069156,0.8828604474351002,0.3823320353174241,0.6835769386062088,0.9228309837600933,0.00883470017714788,0.006984177517188777,0.03169572107765452,0.013368983957219251
BRAINTUMOR,ConvNeXt,2,ABL_no_knn,True,0.9372814104395298,0.9373972807935201,0.990812318948368,0.024294320080143136,0.010321660012894852,0.016852350327621404,0.10228893085275169,0.8636147588629979,0.19255398526251863,0.9147447577801908,0.2427444273037125,0.8843320280158007,0.6050405996183956,0.7059918952986709,0.928884030809761,0.010510356591583345,0.008431776230431565,0.03407290015847861,0.0196078431372549
BRAINTUMOR,ConvNeXt,2,ABL_focal,True,0.9443676549940089,0.9443135487876937,0.9930118552227266,0.04020748505438245,0.0245023945578926,0.02355920256501004,0.09362391710825185,0.875168110522331,0.18313258751303282,0.904539005530896,0.2636868015006025,0.881150440786499,0.36983157278638445,0.672732285765017,0.9183703732510655,0.008493865015204652,0.006857890579302712,0.026148969889064975,0.011586452762923352
BRAINTUMOR,ConvNeXt,2,TAU_0.60,True,0.9401063364439259,0.9401846227150154,0.9927021125388433,0.03749768496794339,0.02129872679070111,0.01973445369764926,0.09456478378519681,0.8739136216197377,0.18203949037678263,0.9089137066343546,0.25277127407752453,0.8838120581276028,0.2395268981824974,0.6742786162837732,0.9240457117024877,0.008548665849382684,0.006653614046734068,0.0277337559429477,0.013368983957219251
BRAINTUMOR,ConvNeXt,2,TAU_0.70,True,0.9401063364439259,0.9401846227150154,0.9927021125388433,0.03749768496794339,0.02129872679070111,0.01973445369764926,0.09456478378519681,0.8739136216197377,0.18203949037678263,0.9089137066343546,0.25277127407752453,0.8838120581276028,0.2395268981824974,0.6742786162837732,0.9240457117024877,0.008548665849382684,0.006653614046734068,0.0277337559429477,0.013368983957219251
BRAINTUMOR,ConvNeXt,2,TAU_0.80,True,0.9401063364439259,0.9401846227150154,0.9927021125388433,0.03749768496794339,0.02129872679070111,0.01973445369764926,0.09456478378519681,0.8739136216197377,0.18203949037678263,0.9089137066343546,0.25277127407752453,0.8838120581276028,0.2395268981824974,0.6742786162837732,0.9240457117024877,0.008548665849382684,0.006653614046734068,0.0277337559429477,0.013368983957219251
BRAINTUMOR,ConvNeXt,2,TAU_0.85,True,0.9401063364439259,0.9401846227150154,0.9927021125388433,0.03749768496794339,0.02129872679070111,0.01973445369764926,0.09456478378519681,0.8739136216197377,0.18203949037678263,0.9089137066343546,0.25277127407752453,0.8838120581276028,0.2395268981824974,0.6742786162837732,0.9240457117024877,0.008548665849382684,0.006653614046734068,0.0277337559429477,0.013368983957219251
BRAINTUMOR,ConvNeXt,2,TAU_0.90,True,0.9401063364439259,0.9401846227150154,0.9927021125388433,0.03749768496794339,0.02129872679070111,0.01973445369764926,0.09456478378519681,0.8739136216197377,0.18203949037678263,0.9089137066343546,0.25277127407752453,0.8838120581276028,0.2395268981824974,0.6742786162837732,0.9240457117024877,0.008548665849382684,0.006653614046734068,0.0277337559429477,0.013368983957219251
BRAINTUMOR,ConvNeXt,2,TAU_0.95,True,0.9401063364439259,0.9401846227150154,0.9927021125388433,0.03749768496794339,0.02129872679070111,0.01973445369764926,0.09456478378519681,0.8739136216197377,0.18203949037678263,0.9089137066343546,0.25277127407752453,0.8838120581276028,0.2395268981824974,0.6742786162837732,0.9240457117024877,0.008548665849382684,0.006653614046734068,0.0277337559429477,0.013368983957219251
BRAINTUMOR,ConvNeXt,2,FAIR_rbf_svm,True,0.9307958842177096,0.9310981127813005,0.9889065533201531,0.018994851136053245,0.007309718963535218,0.014755762071486779,0.108516621924697,0.8553111707670709,0.20553786934902346,0.9163184719238704,0.2340326871070888,0.8830122736849053,0.17876022800785324,0.7100833159930229,0.9318058629439648,0.012186373877740691,0.009663081432993709,0.03645007923930269,0.027629233511586453
BRAINTUMOR,ConvNeXt,2,FAIR_poly_svm,True,0.9330359622602582,0.9332240581474538,0.9905782355320826,0.0208975030119693,0.0062320978681191875,0.014867622317638324,0.10320327394465387,0.8623956347404617,0.19596824454926567,0.9167863557593683,0.23531081874776955,0.8857320395678592,0.3630500063928117,0.6920210681240047,0.9331110517267686,0.011440206062776147,0.009070051542900342,0.03169572107765452,0.017825311942959002
BRAINTUMOR,ConvNeXt,2,FAIR_knn,True,0.9352202460304234,0.9352074189347692,0.9881793065054076,0.04327388147735369,0.030857022364469907,0.027879560141882358,0.10999805915742115,0.8533359211234386,0.5639898579598637,0.9082483087141167,0.19065817769657292,0.8824666582802001,0.49563296216079955,0.6693064016985635,0.9250161618380152,0.013569031695633624,0.011347110796062104,0.028526148969889024,0.017825311942958957
BRAINTUMOR,ConvNeXt,2,FAIR_equal_blend,True,0.9436594396965585,0.9437045573154643,0.9930693766831137,0.036710759363144295,0.022118183314585857,0.020436279958927047,0.09310799935236756,0.8758560008635101,0.18064105332192829,0.907221897557219,0.252570482836499,0.8837369905109891,0.33437941481743605,0.6714976942208272,0.9214758176380289,0.008197611834664111,0.006519806057707057,0.025356576862123614,0.011586452762923352
BRAINTUMOR,ConvNeXt,2,ABL_no_descriptors,True,0.9345120307329731,0.9344865696997728,0.9920848755443368,0.03217761976525746,0.01935365116131802,0.020777794358685774,0.09949910942063472,0.8673345207724872,0.18971344040997712,0.9048101599068993,0.26015899879766696,0.8792473854677293,0.2841465145418075,0.6581708315944981,0.9223196694741157,0.009805093120312502,0.007534305242886563,0.030110935023771792,0.012477718360071301
BRAINTUMOR,ConvNeXt,3,BASE,True,0.8799500678458353,0.8754879084017841,0.9820233007421109,0.012506296548856974,0.0008801199299642178,0.0303026885551806,0.16623328270894983,0.7783556230547338,0.2966363487758548,0.8836775422096252,0.29858872294425964,0.8341513276100159,0.22617979986327036,0.6665668487548828,0.9138123393058777,0.024858526144508203,0.01706591303370046,0.0768621236133122,0.04634581105169341
BRAINTUMOR,ConvNeXt,3,MC_DROPOUT,True,0.8778133951881035,0.8731058524474862,0.9819747741377678,0.01771303263631621,0.0038037657827774594,0.03179733939760936,0.16775487842359643,0.7763268287685384,0.2994696975852811,0.8708119988441467,0.33132582902908325,0.8243415355682373,0.23433846235275269,0.6463595032691956,0.9025896787643433,0.024957176987704974,0.01688327647899279,0.08003169572107766,0.04723707664884135
BRAINTUMOR,ConvNeXt,3,TEMP_SCALE,True,0.8799500678458353,0.8754879084017841,0.982032123218971,0.013429796725447845,0.001876103145063749,0.02962802026707265,0.16630324676103472,0.778262337651954,0.297140047102367,0.8907730579376221,0.2786656320095062,0.8392341136932373,0.2023379405339559,0.6773999333381653,0.92038893699646,0.02479423645579432,0.01700162334498658,0.0768621236133122,0.04723707664884135
BRAINTUMOR,ConvNeXt,3,VEC_SCALE,True,0.9028087332666778,0.9024196162220335,0.9828234074633212,0.0233860832215999,0.0070838646176263256,0.019408762767316217,0.15055316860770945,0.7992624418563876,0.2726319408075667,0.8989106909567193,0.26307492248566927,0.8517120746038725,0.6692952666914012,0.7090120488984699,0.9196269064539829,0.020678015316002163,0.015638664534958772,0.06735340729001585,0.03832442067736185
BRAINTUMOR,ConvNeXt,3,ISOTONIC,True,0.9036124187635395,0.9030827630280855,0.9813467478041292,0.02698327859044497,0.009725970274770634,0.0202529128368397,0.15214715735991713,0.7971371235201108,0.2986234933108691,0.9033817648887634,0.23567552864551544,0.8553985357284546,0.28441936771074927,0.72254478931427,0.9229508638381958,0.02273602355147411,0.017770444553005155,0.0649762282091918,0.039215686274509776
BRAINTUMOR,ConvNeXt,3,DIRICHLET,True,0.902884241515303,0.9020111478947489,0.9828125862148362,0.0226208033174255,0.006028822595988339,0.01740162835650761,0.14947681677669872,0.8006975776310686,0.2690595468274066,0.900702953338623,0.2630165219306946,0.8528240323066711,0.1672961334792935,0.7130799293518066,0.9211709499359131,0.020496219807134793,0.015456869026091401,0.06576862123613313,0.04188948306595366
BRAINTUMOR,ConvNeXt,3,APEX,True,0.9414869347172297,0.9414464648343714,0.9920900671777212,0.02771960244063723,0.013258202835887144,0.017114586542272114,0.09569929710042953,0.8724009371994275,0.1815073849363897,0.9131214524417577,0.23652182278282066,0.8875584241383442,0.6803670554873071,0.6794631788348244,0.9278136014640118,0.008204782771999172,0.006398248876886587,0.0277337559429477,0.012477718360071301
BRAINTUMOR,ConvNeXt,3,ABL_no_gate,True,0.9414869347172297,0.9414464648343714,0.9925611221786801,0.03262695526414507,0.016547504783512766,0.020106685518546826,0.09559272581689253,0.8725430322441434,0.18072427600488372,0.9082140996182498,0.24981786729095667,0.8839425898165798,0.2286565768341428,0.6668050596915877,0.9233936074318203,0.007494816633690382,0.005688282738577797,0.02456418383518225,0.011586452762923352
BRAINTUMOR,ConvNeXt,3,ABL_no_rbf,True,0.9407428870981821,0.9407450531107489,0.99190636299495,0.027923986337638592,0.012755615403029292,0.017361924140250364,0.09594944155801616,0.8720674112559786,0.18242537003197204,0.9142168340604805,0.23377927699207404,0.8882109413677384,0.6877010722358194,0.6786899213626014,0.929216273534796,0.008506509377243317,0.006655986717284214,0.02694136291600634,0.013368983957219251
BRAINTUMOR,ConvNeXt,3,ABL_no_poly,True,0.9358846938208711,0.9356570948815311,0.9918950430718662,0.03841627325937754,0.02316092487643513,0.020388282826500716,0.09849994369422087,0.868666741741039,0.1884175720120369,0.9069398027567427,0.24233018347910998,0.8827730516786166,0.20471648553778898,0.6502089275804465,0.9247465936416841,0.008040267907073805,0.005866670310013523,0.02456418383518225,0.011586452762923352
BRAINTUMOR,ConvNeXt,3,ABL_no_knn,True,0.9358250559430572,0.9358197389242109,0.9912626801712225,0.016858440531111376,0.005089002658056603,0.013469300155232082,0.09994662742761919,0.866737830096508,0.18570265567641575,0.9235814826077441,0.2246419812939738,0.8917520004109815,0.3697427018802465,0.7097210101536578,0.9384147928160689,0.009424245056440956,0.007250647459380673,0.03248811410459588,0.016042780748663103
BRAINTUMOR,ConvNeXt,3,ABL_focal,True,0.9408383572975934,0.9405066533110251,0.9920405664419752,0.03464960271946092,0.02042357474894667,0.021250193727074557,0.09752916459713556,0.8699611138704861,0.18633460368514038,0.9062915940492294,0.2519541226268832,0.8819860874619895,0.6157686631790622,0.6659832185637713,0.9215955391142623,0.007897876779826217,0.006047354119867114,0.025356576862123614,0.012477718360071301
BRAINTUMOR,ConvNeXt,3,TAU_0.60,True,0.9414869347172297,0.9414464648343714,0.9923651247565406,0.030399769671590842,0.0160115046727981,0.019155246590153892,0.09550062514102978,0.8726658331452938,0.1810272698154817,0.9104412852108038,0.2438102834236984,0.885657635408607,0.22734460111724736,0.6721513939381197,0.9254246647377985,0.007709506769070105,0.00590297287395752,0.02456418383518225,0.011586452762923352
BRAINTUMOR,ConvNeXt,3,TAU_0.70,True,0.9414869347172297,0.9414464648343714,0.992352459639253,0.029100995093523735,0.015391579399938904,0.01796025975888134,0.09527241034312338,0.8729701195425024,0.18050575137449537,0.9117400597888711,0.24056992167677116,0.8866982096183881,0.22734460111724736,0.6745281846224777,0.9266556549697884,0.007735567774096522,0.005929033878983937,0.026148969889064975,0.011586452762923352
BRAINTUMOR,ConvNeXt,3,TAU_0.80,True,0.9414869347172297,0.9414464648343714,0.9922860158789489,0.028291677578103407,0.0138185669280433,0.0173603052358383,0.09551330888209991,0.8726489214905336,0.18078044192408604,0.9125493773042915,0.23845859198936908,0.8871664708167405,0.27106714339833804,0.6775245102678265,0.9273274560649177,0.007823031266255378,0.006016497371142794,0.0277337559429477,0.012477718360071301
BRAINTUMOR,ConvNeXt,3,TAU_0.85,True,0.9414869347172297,0.9414464648343714,0.9920900671777212,0.02771960244063723,0.013258202835887144,0.017114586542272114,0.09569929710042953,0.8724009371994275,0.1815073849363897,0.9131214524417577,0.23652182278282066,0.8875584241383442,0.6803670554873071,0.6794631788348244,0.9278136014640118,0.008204782771999172,0.006398248876886587,0.0277337559429477,0.012477718360071301
BRAINTUMOR,ConvNeXt,3,TAU_0.90,True,0.9414869347172297,0.9414464648343714,0.9921162727890407,0.028025323441163756,0.013716713263157298,0.016985728217974616,0.09568189021173486,0.8724241463843537,0.1812781643494843,0.9133360759646657,0.23551346073578103,0.8877614845504493,0.6803670554873071,0.679275480211272,0.928053522515826,0.008175642465370168,0.006369108570257583,0.0277337559429477,0.012477718360071301
BRAINTUMOR,ConvNeXt,3,TAU_0.95,True,0.9414869347172297,0.9415033772520744,0.9921197053256949,0.027686283832170477,0.013753867436495915,0.016791828668744218,0.095795508241865,0.8722726556775136,0.1811033734036221,0.9136454771032054,0.23431413189976297,0.8879286597634813,0.6803670554873071,0.6804430212410951,0.9283089648581715,0.00816242430199567,0.006355890406883085,0.0277337559429477,0.012477718360071301
BRAINTUMOR,ConvNeXt,3,FAIR_rbf_svm,True,0.9294270647352425,0.9295114553540382,0.9893386909604343,0.01044328809775158,0.0002659117517650411,0.011834530059265115,0.10676956230750258,0.8576405835899967,0.19931302767882955,0.9227772287292857,0.22203634808843367,0.8878633649595189,0.13217441924531242,0.7154253507723851,0.938690649907866,0.011419056209635783,0.008790941635914378,0.03645007923930269,0.017825311942959002
BRAINTUMOR,ConvNeXt,3,FAIR_poly_svm,True,0.9364815685480992,0.9366509239393611,0.9903807658483967,0.01351754175142561,0.0029280340296356532,0.013355663838941474,0.1012912502980904,0.8649449996025463,0.1938977316678978,0.9291159529880839,0.2059441559672135,0.895579301188042,0.2351580538678022,0.7279071422032934,0.94290787451941,0.01096776453270571,0.008841946977200178,0.03169572107765452,0.017825311942959002
BRAINTUMOR,ConvNeXt,3,FAIR_knn,True,0.9252212924829989,0.9249037180640619,0.9822714211987883,0.04007695373077768,0.025234445620831998,0.02678544354806211,0.12287733065443003,0.8361635591274268,0.7850709392633997,0.9130238225523859,0.18206301677389983,0.8792410752257859,0.3882989539620823,0.6920525964913249,0.9310831517447316,0.02063652270035475,0.017680799950851252,0.039619651347068,0.02228163992869859
BRAINTUMOR,ConvNeXt,3,FAIR_equal_blend,True,0.9365253360551018,0.9365938936118137,0.9920294250148556,0.02442552447837392,0.01375205289146,0.016964491039549105,0.09607139445648022,0.8719048073913599,0.1815195182737278,0.9132125748843828,0.23482315236480067,0.8875612471244497,0.6760103038714733,0.6634977195707153,0.9303293585692496,0.008378557239944491,0.006252739684438959,0.025356576862123614,0.012477718360071301
BRAINTUMOR,ConvNeXt,3,ABL_no_descriptors,True,0.9415307022242325,0.9413745420858071,0.9919690156087877,0.02895605587071467,0.016312342324213688,0.01906473716578712,0.09690504275697359,0.8707932763240354,0.18340416804408474,0.9118849990116801,0.24323573518069608,0.8855226227675987,0.19429072831663197,0.6806998753774157,0.9264216393614104,0.008303845347919853,0.006497311452807269,0.028526148969889066,0.013368983957219251
BRAINTUMOR,ConvNeXt,4,BASE,True,0.8843185001273236,0.8840223507502066,0.9770676289678192,0.01730767725707801,0.0022155492023710434,0.018961524220679045,0.1749032040506727,0.7667957279324367,0.3179388200016851,0.8847278952598572,0.30605849623680115,0.827985942363739,0.654090404510498,0.7125422358512878,0.9075377583503723,0.027889383679667708,0.02072245323580798,0.0816812053925456,0.056199821587867974
BRAINTUMOR,ConvNeXt,4,MC_DROPOUT,True,0.8892841227400051,0.8891087029927235,0.9769680688178078,0.021744610048224713,0.006672255664278674,0.017946000379087078,0.17572574051916598,0.7656990126411123,0.31941343024660107,0.8734843134880066,0.33403465151786804,0.8195828795433044,0.4175187528133393,0.7073357701301575,0.8944363594055176,0.028021100834569986,0.021462987273247983,0.08247422680412371,0.05976806422836753
BRAINTUMOR,ConvNeXt,4,TEMP_SCALE,True,0.8843185001273236,0.8840223507502066,0.9770596907190887,0.020368930234038376,0.0016345115583631647,0.017285277174364583,0.17501925572324264,0.7666409923690101,0.31855732758705685,0.8891370892524719,0.2937685549259186,0.8311508297920227,0.6531027555465698,0.7192964553833008,0.9116362929344177,0.027857383510211227,0.020690453066351498,0.08247422680412371,0.056199821587867974
BRAINTUMOR,ConvNeXt,4,VEC_SCALE,True,0.879939759994907,0.8801444168708167,0.977041372258999,0.019260646414960635,0.0038891027636168488,0.01823899884323129,0.17516771364518505,0.7664430484730869,0.31373511152156336,0.8924104051338577,0.2799080413181459,0.8335418665327224,0.20855057875904995,0.7106491374717778,0.9174910995352812,0.02784972361065119,0.020138486440641562,0.07771609833465504,0.054415700267618196
BRAINTUMOR,ConvNeXt,4,ISOTONIC,True,0.8815492105933282,0.8813476801391342,0.9759701071109633,0.02943050555257759,0.008491134918628167,0.020829558070498425,0.18056265236165855,0.7592497968511223,0.3433406690346246,0.9039309024810791,0.2533715069293976,0.8385597467422485,0.24920963048934935,0.7493508458137512,0.9249758124351501,0.03041395042178369,0.022886459628706196,0.08643933386201426,0.058876003568242664
BRAINTUMOR,ConvNeXt,4,DIRICHLET,True,0.8836261777438248,0.8832904827758364,0.9771412807551003,0.021575525849419904,0.00237714282769522,0.017509637257811968,0.17537773440919088,0.7661630207877458,0.3110008678617398,0.8914579153060913,0.2828802764415741,0.8324082493782043,0.14512390514899942,0.7231541275978088,0.9139073491096497,0.028129269546313052,0.020873064397083366,0.08247422680412371,0.05530776092774309
BRAINTUMOR,ConvNeXt,4,APEX,True,0.9287246148459384,0.9288860982371616,0.9906689588240926,0.026683626146605535,0.012708434761518565,0.019446764709351187,0.1115269019674149,0.851297464043447,0.20478101812659744,0.9088963127066704,0.24753981788668947,0.876560442531446,0.37678453547493707,0.686373562558476,0.9261713302047239,0.010471903348538213,0.007786683177797233,0.0380650277557494,0.02230151650312221
BRAINTUMOR,ConvNeXt,4,ABL_no_gate,True,0.9287683823529411,0.9289000527274179,0.9907433237973546,0.02794410353172006,0.013476948645279443,0.019271348022987814,0.11177419194755409,0.8509677440699281,0.20553377451529722,0.9055791991518065,0.256888478948161,0.8739052491035227,0.3963336908106042,0.681320722069831,0.9229889656278091,0.010450630855393692,0.007765410684652712,0.0380650277557494,0.0231935771632471
BRAINTUMOR,ConvNeXt,4,ABL_no_rbf,True,0.930879169849758,0.9309966549127382,0.9906029867241923,0.026039548927820847,0.015431516593032964,0.019547209070058354,0.11162040359387183,0.8511727952081711,0.20575713350404665,0.9092322532339963,0.2459698519848368,0.8768529577988876,0.3654313071230524,0.6929138715811467,0.9254893095238576,0.010598622064872757,0.008071685182735402,0.03885804916732752,0.02408563782337199
BRAINTUMOR,ConvNeXt,4,ABL_no_poly,True,0.9168437261268143,0.9168734531882727,0.9905838623702307,0.024904210904763868,0.010601158298422397,0.020974461001532833,0.11482221748523108,0.8469037100196921,0.20738231710668395,0.9060368501196904,0.24824996986996267,0.8734893704242562,0.3288412675510677,0.6578535245628055,0.9288449750540457,0.010450626356906464,0.006774929310340334,0.03965107057890563,0.020517395182872437
BRAINTUMOR,ConvNeXt,4,ABL_no_knn,True,0.9281019225872167,0.9281990017656536,0.9884184276184059,0.015609976237759284,0.004901592574542463,0.014569775551627999,0.11667490039945985,0.8444334661340538,0.21937921263680432,0.9187863042510104,0.2375259989806679,0.8794314469245132,0.15924883922898925,0.7407869172736581,0.9327524099984643,0.013630669854402575,0.010891592658657991,0.04520222045995242,0.027653880463871544
BRAINTUMOR,ConvNeXt,4,ABL_focal,True,0.9287445091673033,0.9288701294907666,0.9908029589459284,0.026113868210284375,0.011017315904684672,0.01970412587117813,0.11241615021935089,0.8501117997075324,0.20815898802091418,0.9031665414618868,0.25945052164488674,0.8723066365276854,0.14709424912229996,0.6749053684387175,0.9208870475920483,0.010605128034245377,0.007919907863504397,0.0380650277557494,0.021409455842997322
BRAINTUMOR,ConvNeXt,4,TAU_0.60,True,0.9287683823529411,0.9289000527274179,0.9907278194240883,0.02663804703398004,0.012438461652450456,0.01945441060969546,0.11175610747252468,0.8509918567033006,0.20554437967820194,0.9068816817113489,0.253521578681777,0.8748525823642874,0.3963336895931597,0.6840135553171076,0.9241835116620163,0.010409333020962554,0.007724112850221574,0.0380650277557494,0.0231935771632471
BRAINTUMOR,ConvNeXt,4,TAU_0.70,True,0.9280243347338936,0.928188055900135,0.99072789836881,0.02778474172037424,0.013504605611316266,0.018917801126687086,0.11162290974571565,0.8511694536723793,0.2051575637558053,0.9078633387589132,0.2509308764495756,0.8756388191523948,0.3963336895931597,0.6833087223916315,0.9254822394277309,0.010415614266181667,0.007676537070437084,0.03885804916732752,0.02230151650312221
BRAINTUMOR,ConvNeXt,4,TAU_0.80,True,0.9287246148459384,0.9288860982371616,0.9907210695776825,0.027251656782142784,0.01426560828775605,0.018791929845813883,0.11155424850299639,0.851261001996005,0.20481890526458296,0.9085408228715568,0.2487884203164665,0.8762354172399964,0.37678453547493707,0.6861739252639524,0.9258037411331771,0.01043506318092412,0.00774984301018314,0.0380650277557494,0.02230151650312221
BRAINTUMOR,ConvNeXt,4,TAU_0.85,True,0.9287246148459384,0.9288860982371616,0.9906689588240926,0.026683626146605535,0.012708434761518565,0.019446764709351187,0.1115269019674149,0.851297464043447,0.20478101812659744,0.9088963127066704,0.24753981788668947,0.876560442531446,0.37678453547493707,0.686373562558476,0.9261713302047239,0.010471903348538213,0.007786683177797233,0.0380650277557494,0.02230151650312221
BRAINTUMOR,ConvNeXt,4,TAU_0.90,True,0.9280243347338936,0.928188055900135,0.9906274299517781,0.026480589399846058,0.011259168029382668,0.019307124435801303,0.11158570083383794,0.8512190655548829,0.20503863385377388,0.9090285114626597,0.24654912445700464,0.8767213327282801,0.37678453547493707,0.6842987885254452,0.9266611512623488,0.010490351473226574,0.007751274277481991,0.0380650277557494,0.02230151650312221
BRAINTUMOR,ConvNeXt,4,TAU_0.95,True,0.9287246148459384,0.9288981028207176,0.9906422445242719,0.02548307146305745,0.010973496745475222,0.019191772165037136,0.11154217277081617,0.8512771029722452,0.20474672079007067,0.909134235226783,0.24561064701332694,0.8768839647989028,0.37678453547493707,0.6857433891388779,0.9264766452612782,0.01046166263521335,0.00777644246447237,0.0380650277557494,0.02230151650312221
BRAINTUMOR,ConvNeXt,4,FAIR_rbf_svm,True,0.9160897313470844,0.9160621798784853,0.9872321688118949,0.018526947228907065,0.007174482818250982,0.01579273183417318,0.12510759723141832,0.8331898703581091,0.22768723843088595,0.9210538265867696,0.22755773468310986,0.8771154160761493,0.363297091871949,0.7320348011609669,0.9385855990151954,0.01514528625378693,0.01140634695830808,0.04282315622521808,0.028545941123996433
BRAINTUMOR,ConvNeXt,4,FAIR_poly_svm,True,0.9301589954163483,0.9302419712967475,0.9878540406434979,0.018241286786349346,0.005212268259895794,0.015413887086412581,0.11775649164576583,0.8429913444723125,0.22333319087639725,0.9215920408668442,0.2235196374643453,0.8818452533606629,0.637130368575312,0.7508312932284563,0.9345661882315411,0.014290299314206766,0.011711148879513442,0.04440919904837431,0.029438001784121322
BRAINTUMOR,ConvNeXt,4,FAIR_knn,True,0.9159982174688057,0.9162381396674522,0.9810019545307351,0.037803749546444325,0.02059258478496528,0.029172729062186088,0.13465302070911234,0.8204626390545171,0.8023575356331512,0.9067850404183846,0.1926206615307985,0.8695768292127861,0.6113104219345564,0.6847765063678661,0.927376634769134,0.016265751677151545,0.012526812381672695,0.045202220459952466,0.02854594112399649
BRAINTUMOR,ConvNeXt,4,FAIR_equal_blend,True,0.9252232142857143,0.9253718139026853,0.990680092968743,0.02359741753008148,0.010431954247556711,0.019101108757722217,0.1122966844033442,0.8502710874622079,0.20474807858942362,0.908337010247201,0.24505200114649883,0.8761791662165337,0.3830642355668353,0.6755992457472941,0.9273726607387058,0.010375929457355498,0.007415933267180291,0.0380650277557494,0.02230151650312221
BRAINTUMOR,ConvNeXt,4,ABL_no_descriptors,True,0.9251595524573465,0.925346216168937,0.9900179598908291,0.01807234279619443,0.004147391136698221,0.01512093111389278,0.11514995561454922,0.8464667258472679,0.21135374021546188,0.9087840800125008,0.24834766173861506,0.874825402077064,0.6405045023093052,0.6869272656698983,0.9269297762473122,0.011460856954948723,0.008500860764773516,0.040444091990483745,0.02230151650312221
BRAINTUMOR,ConvNeXt,5,BASE,True,0.8810995989304813,0.8784546521008268,0.9795012193107178,0.01269642849281406,0.0018427848900621025,0.021699188347207053,0.16805997472921538,0.7759200336943798,0.3077134454031383,0.880716860294342,0.30850112438201904,0.8300614356994629,0.298563152551651,0.6713467836380005,0.9094139337539673,0.02568637984178769,0.01806730510061792,0.0761300555114988,0.0463871543264942
BRAINTUMOR,ConvNeXt,5,MC_DROPOUT,True,0.8796990387063917,0.8771619199386831,0.9795540116849725,0.022178398113107886,0.009709731906609714,0.026628367104863198,0.1689208018118668,0.7747722642508446,0.3092565155978081,0.8683881759643555,0.33753931522369385,0.8213474750518799,0.28254249691963196,0.6501602530479431,0.8987026810646057,0.025864270037976395,0.018060291488833268,0.07771609833465504,0.043710972346119537
BRAINTUMOR,ConvNeXt,5,TEMP_SCALE,True,0.8810995989304813,0.8784546521008268,0.979511303419453,0.02366041363390978,0.005017486060931782,0.022718611246402697,0.1679642792623746,0.7760476276501675,0.308144584682556,0.8871555924415588,0.2907126545906067,0.8347526788711548,0.30119138956069946,0.68073970079422,0.9154477715492249,0.025661985910875575,0.018042911169705803,0.0761300555114988,0.0463871543264942
BRAINTUMOR,ConvNeXt,5,VEC_SCALE,True,0.8893259008148715,0.8891088675949026,0.9799488757037911,0.02078663204442974,0.005468578052172503,0.01599696967187114,0.16109079555340391,0.7852122725954618,0.29277165654638115,0.8970713275215743,0.2687558869225393,0.844139216220834,0.166806794801584,0.7039085281405147,0.9214300098531618,0.024054095302505137,0.01749598174118313,0.07216494845360824,0.04906333630686887
BRAINTUMOR,ConvNeXt,5,ISOTONIC,True,0.890839858670741,0.8902860265418984,0.9784134142690668,0.017600031917683574,0.004847146329441985,0.014530079792679958,0.16565208900543474,0.7791305479927539,0.33429127474551,0.9036097526550293,0.2563851475715637,0.8451998829841614,0.22634805242220557,0.7374082207679749,0.924268364906311,0.024883631522649892,0.0184943025731803,0.0753370340999206,0.04928635147189998
BRAINTUMOR,ConvNeXt,5,DIRICHLET,True,0.8942139355742297,0.8941473593897705,0.979640177768505,0.019908235221038337,0.003975612271336686,0.016122347844489578,0.16002824515337932,0.7866290064621612,0.2928063573291303,0.896917462348938,0.2700026035308838,0.8444159626960754,0.3685499429702759,0.7100122570991516,0.9193102717399597,0.02404500711637648,0.0180676379462561,0.07295796986518636,0.043710972346119537
BRAINTUMOR,ConvNeXt,5,APEX,True,0.9332465940921824,0.93291617699221,0.9915289791077118,0.023482712700173367,0.011924436373939893,0.01932789257840462,0.1006462917337734,0.8658049443549689,0.1851675775183213,0.9135063022141129,0.23844130495232477,0.885172601658971,0.6272298530499847,0.6804506979778143,0.9304460745189702,0.009666161086140101,0.007292584635329132,0.03251387787470262,0.013380909901873328
BRAINTUMOR,ConvNeXt,5,ABL_no_gate,True,0.9318261395467278,0.9315706918554261,0.991545369258595,0.022935455386576944,0.011913509263376986,0.01988038904360455,0.10079278676385892,0.8656096176481882,0.1862959470467239,0.9115296603543719,0.24459182487770784,0.8835276655635628,0.6261623382068131,0.6733394553149143,0.9292342196561553,0.009703857108504174,0.007228586795209775,0.03251387787470262,0.012488849241748439
BRAINTUMOR,ConvNeXt,5,ABL_no_rbf,True,0.9332266997708175,0.9330010859186131,0.9914783367149476,0.02304180414427884,0.009658902946821663,0.01715310237850294,0.10163022710464542,0.8644930305271397,0.18654414081785375,0.9136418424439738,0.23479066865209125,0.8852896455322006,0.1190724385629589,0.67797202659878,0.9307716301297378,0.0098176030131809,0.00744402656236993,0.03647898493259318,0.014272970561998216
BRAINTUMOR,ConvNeXt,5,ABL_no_poly,True,0.9325801343264578,0.9322470781859137,0.9908743566616122,0.020004345167470402,0.008582653696085917,0.017260486549750532,0.10165369398044631,0.8644617413594051,0.18885001815040217,0.9123210365004832,0.2373076305234393,0.8841179046962024,0.39788525696039995,0.6799437683895954,0.9294023670813756,0.01002670564507684,0.007602555336056992,0.0317208564631245,0.016057091882247992
BRAINTUMOR,ConvNeXt,5,ABL_no_knn,True,0.9276244588744589,0.9272103102827487,0.9901811736733842,0.023933347912846174,0.008787067935325342,0.01598551268920007,0.10743966803438426,0.8567471092874879,0.19685641513369426,0.9211268119392663,0.22711879435567012,0.8867859998111747,0.38929175181477166,0.7064186551065575,0.9381514002023679,0.011350135955550303,0.008556653068062295,0.03409992069785884,0.01694915254237288
BRAINTUMOR,ConvNeXt,5,ABL_focal,True,0.9360676088617265,0.9355654990928322,0.9918767239675927,0.03121801867487206,0.0166248480870029,0.02245072121968656,0.09957952620307209,0.8672272983959041,0.18690453565834309,0.9062319192405228,0.25112895884074943,0.8810219590456272,0.39275978518481397,0.6622992612057432,0.9231639344054082,0.009274863714638053,0.007098129583677254,0.028548770816812053,0.012488849241748439
BRAINTUMOR,ConvNeXt,5,TAU_0.60,True,0.9332465940921824,0.93291617699221,0.9915575896288702,0.02240339507766228,0.011908037744173577,0.019216311056084533,0.10068622082114471,0.8657517055718073,0.18571848209118655,0.9124394594222991,0.24195117835571564,0.8842595268033324,0.6272298530499847,0.6792415979841413,0.9293895717686075,0.009657363854519624,0.007283787403708654,0.03251387787470262,0.013380909901873328
BRAINTUMOR,ConvNeXt,5,TAU_0.70,True,0.9332465940921824,0.93291617699221,0.9914892989240993,0.022209923213070054,0.010799267625588863,0.019586274815251353,0.10073892140845274,0.8656814381220632,0.1857025111193717,0.9129538105493781,0.24030270717663102,0.8846628977364766,0.6272298530499847,0.6802425259596381,0.9298685557949979,0.009734226739887613,0.0073606502890766435,0.03251387787470262,0.013380909901873328
BRAINTUMOR,ConvNeXt,5,TAU_0.80,True,0.9332465940921824,0.93291617699221,0.9915155020575337,0.022667656918061586,0.011561743451762523,0.019774913514420095,0.10060051870270967,0.865865975063054,0.18526585638880133,0.9133327023963824,0.2390889369993147,0.8850418304303306,0.6272298530499847,0.680148696502085,0.9302818076450116,0.009689895590156731,0.0073163191393457614,0.03251387787470262,0.013380909901873328
BRAINTUMOR,ConvNeXt,5,TAU_0.85,True,0.9332465940921824,0.93291617699221,0.9915289791077118,0.023482712700173367,0.011924436373939893,0.01932789257840462,0.1006462917337734,0.8658049443549689,0.1851675775183213,0.9135063022141129,0.23844130495232477,0.885172601658971,0.6272298530499847,0.6804506979778143,0.9304460745189702,0.009666161086140101,0.007292584635329132,0.03251387787470262,0.013380909901873328
BRAINTUMOR,ConvNeXt,5,TAU_0.90,True,0.9332465940921824,0.93291617699221,0.9915095392145297,0.023403335199494474,0.011819018793641637,0.019418278670543042,0.10069346805232435,0.865742042596901,0.18518892027610204,0.9135560636488947,0.23801287584574135,0.8852301877425255,0.6272298530499847,0.6804971012844696,0.9304960800411062,0.009675876930953082,0.007302300480142112,0.03251387787470262,0.013380909901873328
BRAINTUMOR,ConvNeXt,5,TAU_0.95,True,0.9332465940921824,0.93291617699221,0.9914812052729608,0.022198243917051802,0.010852119899726034,0.01956032142205552,0.10076786107884395,0.8656428518948749,0.18530970186443269,0.9136547531112846,0.237477112628345,0.8852793380067935,0.6272298530499847,0.6808717733370191,0.9305747095600643,0.009674555222731937,0.007300978771920967,0.03251387787470262,0.013380909901873328
BRAINTUMOR,ConvNeXt,5,FAIR_rbf_svm,True,0.9255574388846447,0.9250727970866036,0.9891018185065393,0.016098911659748798,0.00517437688661504,0.015908529990279276,0.11195863432383872,0.8507218209015486,0.205026829027439,0.9240855137313329,0.21910044070319137,0.8863092143667075,0.36681572362560577,0.7268042943749699,0.9402211690181957,0.012199017779616782,0.009239021589441575,0.040444091990483745,0.01694915254237288
BRAINTUMOR,ConvNeXt,5,FAIR_poly_svm,True,0.925513671377642,0.9250943339641845,0.9894768738593895,0.019565294597041965,0.006088629886809834,0.013501437925950882,0.11085787833696226,0.8521894955507172,0.2033550017580294,0.9245223970747435,0.21112897972455827,0.8885900514891917,0.3796137953411155,0.7076597007568252,0.9422596237797585,0.0123025235027802,0.009342527312604994,0.03727200634417129,0.01873327386262266
BRAINTUMOR,ConvNeXt,5,FAIR_knn,True,0.9267312038451745,0.9264359651891889,0.9825054349333273,0.05092696043958612,0.03655203994825543,0.02954687796496746,0.12142791799187391,0.8380961093441683,0.6909086412075564,0.9126615443640579,0.18299225925337234,0.8796355252433552,0.6108777212592883,0.6977033943772593,0.9298846935155427,0.020694247159242098,0.0178458094908946,0.04203013481363992,0.018733273862622607
BRAINTUMOR,ConvNeXt,5,FAIR_equal_blend,True,0.9332366469314999,0.9328763504015136,0.9914917697253411,0.025968902958797,0.010928097325152129,0.019416809715753835,0.09993317770237607,0.8667557630634988,0.18498662008430233,0.9115152582175893,0.23647741170856684,0.884844930366419,0.35521731164595094,0.665878308017401,0.9293695124402501,0.009666819893146153,0.007293243442335183,0.03013481363996828,0.014272970561998216
BRAINTUMOR,ConvNeXt,5,ABL_no_descriptors,True,0.9340005888719123,0.9335675861758316,0.9915505376567353,0.022098163809798513,0.010528136192420469,0.01589438025977304,0.10112522558990376,0.8651663658801285,0.1879890348033625,0.9118926619668475,0.2435313422295554,0.8837827068341866,0.36378443471442634,0.6795763896945267,0.9285881738885585,0.009769740811646305,0.0074461924908408705,0.0317208564631245,0.013380909901873328
BRAINTUMOR,MobileNetV3,1,BASE,True,0.8964374079997369,0.8962625613752312,0.9802548745167033,0.038892800881874544,0.019442088621216692,0.023759543270912193,0.16192571947339401,0.7840990407021415,0.3025801706699849,0.8572674989700317,0.3863154351711273,0.8148590922355652,0.32822519540786743,0.6520981788635254,0.8812801837921143,0.025179727890245144,0.019451022384720455,0.06735340729001585,0.04723707664884135
BRAINTUMOR,MobileNetV3,1,MC_DROPOUT,True,0.8943622789165872,0.894054478861257,0.9799679369761184,0.04598809771255687,0.026337580423534353,0.02619025755789149,0.16463900449332758,0.7804813273422302,0.30824817331479,0.848888635635376,0.407245010137558,0.8076576590538025,0.6749849915504456,0.6413721442222595,0.8737310767173767,0.025580076197504624,0.019611387292525925,0.06893819334389857,0.049019607843137254
BRAINTUMOR,MobileNetV3,1,TEMP_SCALE,True,0.8964374079997369,0.8962625613752312,0.9803085163101015,0.02169549518284082,0.0038331007763603804,0.014620190219295165,0.15822504567111256,0.7890332724385168,0.29352226217260735,0.8939629197120667,0.28139829635620117,0.8436453938484192,0.17360689043998717,0.7019006013870239,0.9164415001869202,0.02495446597928331,0.01922576047375862,0.06656101426307448,0.045454545454545456
BRAINTUMOR,MobileNetV3,1,VEC_SCALE,True,0.8977549112494372,0.8981810472768086,0.9807781102521913,0.016549349448719712,0.002827267945928992,0.01541640658645449,0.1550968906122425,0.7932041458503436,0.28874010036828696,0.8971493328182032,0.27061939984626177,0.8473659638810092,0.18764678413018088,0.7067562658241507,0.9190944796497911,0.0236593233688065,0.018087768627508858,0.06735340729001585,0.04723707664884135
BRAINTUMOR,MobileNetV3,1,ISOTONIC,True,0.8934580119545246,0.8939147396518794,0.9794365681089838,0.020539574064871988,0.005812631766545846,0.015724398893302006,0.1572022495367423,0.7903970006176773,0.3395730079716276,0.9047921299934387,0.25805750489234924,0.8499760031700134,0.3068425570215498,0.7197108268737793,0.9271142482757568,0.026272114226141657,0.020222293776305363,0.06814580031695727,0.04456327985739752
BRAINTUMOR,MobileNetV3,1,DIRICHLET,True,0.9019960837167237,0.9024347844189242,0.9802392887242829,0.022791901530322227,0.004178041113738139,0.016858849357163055,0.1577904902793945,0.7896126796274743,0.2951712946565262,0.901668906211853,0.2624947428703308,0.8490482568740845,0.3087735573450724,0.7344139218330383,0.9200616478919983,0.024196217107846796,0.01908253109887331,0.07369255150554675,0.04723707664884135
BRAINTUMOR,MobileNetV3,1,APEX,True,0.9337883810882265,0.9339537365351468,0.9924725874236379,0.0354623783508886,0.02008510753462454,0.019935478148251,0.10092620305546313,0.8654317292593827,0.1921069749102802,0.9056821337295167,0.2484405862372108,0.8799200141442922,0.3082911959877918,0.6499228145571985,0.9240483491628229,0.007769292260744479,0.005449093315101594,0.03248811410459588,0.011586452762923352
BRAINTUMOR,MobileNetV3,1,ABL_no_gate,True,0.9344867051105729,0.9345868153777033,0.9926063269450832,0.03672423857661503,0.021439856028029433,0.02099963765323677,0.10096188588829488,0.8653841521489403,0.1919446782629112,0.9037128993777453,0.25493196971780635,0.878379644354337,0.3087710947098088,0.6476042541017711,0.9218946581645129,0.007633970369901771,0.005363182492475832,0.03248811410459588,0.0106951871657754
BRAINTUMOR,MobileNetV3,1,ABL_no_rbf,True,0.9372404086283583,0.9372969147917386,0.9925398808819319,0.03346617368511566,0.019209675307423298,0.020675854304378734,0.10044274872962047,0.8660763350271729,0.1911563345418865,0.9058603528810515,0.247263706209228,0.8805385148320296,0.28750523854872617,0.6517906364696576,0.9230690323031322,0.007639673646327331,0.005561093285175549,0.029318541996830427,0.0106951871657754
BRAINTUMOR,MobileNetV3,1,ABL_no_poly,True,0.9309515692585761,0.9310648768050532,0.9920023698733376,0.03684296366742083,0.020440726134985692,0.02128794492067023,0.10252162061592866,0.8633045058454286,0.19705709516691328,0.9052342218116411,0.2457898573986943,0.8790187199587177,0.23980197055277575,0.6459633495769215,0.9247043716039802,0.008079156866692456,0.005555864421945474,0.03169572107765452,0.012477718360071301
BRAINTUMOR,MobileNetV3,1,ABL_no_knn,True,0.9288211145809593,0.9290834685680546,0.9891949794719904,0.017738417144523514,0.0074695219879042755,0.01552059449126906,0.11109670512833916,0.8518710598288813,0.21176527766778572,0.9147922610295701,0.2528187406073309,0.8792458780642234,0.3744939740488577,0.7094044380909778,0.9307248033619803,0.0129308603239232,0.010249514375457144,0.03565768621236133,0.024955436720142603
BRAINTUMOR,MobileNetV3,1,ABL_focal,True,0.9337448653479616,0.9338314323975366,0.9925912225948703,0.039323321783498025,0.026978610711744493,0.022899751703096424,0.10105969645567746,0.8652537380590969,0.19591811553940966,0.898161630409624,0.2774374244081654,0.8736048498559397,0.3885129159890434,0.6374074564082464,0.9168865290774083,0.007669027023677443,0.005348828078034558,0.029318541996830427,0.0106951871657754
BRAINTUMOR,MobileNetV3,1,TAU_0.60,True,0.9344867051105729,0.9346528639419974,0.9924946987855652,0.03587575414579504,0.019810000367275392,0.020577665423621196,0.1010108898605853,0.8653188135192198,0.19252831650319657,0.9045877085477051,0.25223826731900667,0.8790132860507154,0.3082911959877918,0.6498268618807447,0.9226737839217716,0.007711312202773122,0.005440524325347183,0.03248811410459588,0.011586452762923352
BRAINTUMOR,MobileNetV3,1,TAU_0.70,True,0.9337883810882265,0.9339537365351468,0.9925107794286365,0.035366614721105645,0.020258494205868935,0.020499850342587805,0.10098965427555057,0.8653471276325995,0.19219759244537107,0.9050619968350122,0.2508404925935456,0.8793694478195,0.3082911959877918,0.6492785372183063,0.9234299458067237,0.007720043606056933,0.005399844660414048,0.03248811410459588,0.011586452762923352
BRAINTUMOR,MobileNetV3,1,TAU_0.80,True,0.9337883810882265,0.9339537365351468,0.9924752552950615,0.035635602265490146,0.02027138539868023,0.020013108151414633,0.10092155956381962,0.865437920581574,0.19224244733804507,0.9055007900289609,0.2492266767590418,0.8797623658619772,0.3082911959877918,0.6497569874130826,0.9238658912099331,0.007770407451788278,0.005450208506145393,0.03248811410459588,0.011586452762923352
BRAINTUMOR,MobileNetV3,1,TAU_0.85,True,0.9337883810882265,0.9339537365351468,0.9924725874236379,0.0354623783508886,0.02008510753462454,0.019935478148251,0.10092620305546313,0.8654317292593827,0.1921069749102802,0.9056821337295167,0.2484405862372108,0.8799200141442922,0.3082911959877918,0.6499228145571985,0.9240483491628229,0.007769292260744479,0.005449093315101594,0.03248811410459588,0.011586452762923352
BRAINTUMOR,MobileNetV3,1,TAU_0.90,True,0.9337883810882265,0.9339537365351468,0.992449146897377,0.0352897228970749,0.020408340255355813,0.020213921939405466,0.10098713575978424,0.8653504856536212,0.19204554020042322,0.905829721751024,0.24760903849034313,0.880042922856694,0.3082911959877918,0.650108962514397,0.9241931681744335,0.007789803164293111,0.005469604218650226,0.03248811410459588,0.011586452762923352
BRAINTUMOR,MobileNetV3,1,TAU_0.95,True,0.9330465413256153,0.933238437088531,0.9924531237867555,0.03353304876042239,0.019333834729155102,0.020026837980180442,0.1010108926365634,0.8653188098179156,0.19199513673913357,0.9058878077679031,0.24695147159084013,0.8801164303594967,0.17287393958349023,0.6479382078870062,0.9246226793188855,0.0077895497951720825,0.0054193952752962776,0.03248811410459588,0.011586452762923352
BRAINTUMOR,MobileNetV3,1,FAIR_rbf_svm,True,0.9225324089555634,0.9227584151536046,0.9875574471370674,0.006846312375632281,0.0,0.015448960275143959,0.12038682496817743,0.8394842333757636,0.22552193553017508,0.9200270574982062,0.23039355699543862,0.8789452302944635,0.14962441309274,0.7312234373970036,0.9360892370891826,0.014072902231431244,0.010887788774417366,0.043581616481774964,0.027629233511586453
BRAINTUMOR,MobileNetV3,1,FAIR_poly_svm,True,0.9322058602282719,0.9325873440390196,0.9882119016311862,0.015176020746212255,0.005651547346348662,0.014883385439840857,0.11078074075894552,0.8522923456547395,0.21994520885619254,0.919442423626334,0.23200022478510696,0.8836652174058458,0.17120367623014665,0.7195079672837753,0.934127739470929,0.014359798373952634,0.01193914335753893,0.03882725832012678,0.024955436720142603
BRAINTUMOR,MobileNetV3,1,FAIR_knn,True,0.9245324098085642,0.9245278555916577,0.9867377251692702,0.04224882131355365,0.02792316060384446,0.02761586995350155,0.11640783080820988,0.844789558922387,0.6189032702171774,0.9095162079805896,0.18851997932491502,0.8802239753809289,0.6031930635920325,0.656031234398768,0.9304443655216813,0.012775566899802174,0.009763321850093615,0.030903328050713136,0.012477718360071284
BRAINTUMOR,MobileNetV3,1,FAIR_equal_blend,True,0.933725115760251,0.9340325142845534,0.9921971131079346,0.028268793958287648,0.013667294657484537,0.017959728434394515,0.10158991687097749,0.8645467775053636,0.19126467244697865,0.9094324454240419,0.25040630227839933,0.8809448076937471,0.36948643613732157,0.6710233620944186,0.9265527310107377,0.008194543707852343,0.005874344762209458,0.030903328050713153,0.012477718360071301
BRAINTUMOR,MobileNetV3,1,ABL_no_descriptors,True,0.9358241447403413,0.9358220054541555,0.9921834557203416,0.03293432740796057,0.020791292437100595,0.020621601879020963,0.10261941743081963,0.8631741100922407,0.19417146732957294,0.9035363117557806,0.25547948232570705,0.8775017659771807,0.13443946814601415,0.6539168773279457,0.9208498548449063,0.008134645676107046,0.005961048079046764,0.028526148969889066,0.0142602495543672
BRAINTUMOR,MobileNetV3,2,BASE,True,0.8965023686528435,0.8957831969761492,0.9792617157905039,0.03532007831551731,0.01658937904863708,0.026153062040275673,0.16499379451374965,0.7800082739816674,0.31473816049381464,0.859994649887085,0.3844817578792572,0.8143342733383179,0.3226626336574554,0.6705036163330078,0.8821724057197571,0.026511909357903613,0.020783203852378924,0.06814580031695722,0.0481283422459893
BRAINTUMOR,MobileNetV3,2,MC_DROPOUT,True,0.8957941533553931,0.8951013744768355,0.9790232681314265,0.04284641964471263,0.022198708046228633,0.027834563036811023,0.1677951199100721,0.7762731734532375,0.32005461664930535,0.8516653180122375,0.4052771031856537,0.8071181178092957,0.21139243670872276,0.6603900790214539,0.8742220401763916,0.02657295492095105,0.020764823034868013,0.0705229793977813,0.05080213903743316
BRAINTUMOR,MobileNetV3,2,TEMP_SCALE,True,0.8965023686528435,0.8957831969761492,0.9793782630151096,0.02233135449571941,0.007802382385169515,0.02310514299430323,0.16166221992194196,0.784450373437411,0.3101334571159185,0.8974813222885132,0.2768891453742981,0.8436939716339111,0.3715190291404724,0.7218081951141357,0.9180417656898499,0.026426547725789017,0.02069784222026433,0.06893819334389857,0.0481283422459893
BRAINTUMOR,MobileNetV3,2,VEC_SCALE,True,0.897648259020322,0.8975930312926292,0.9791156497547181,0.019858404094539064,0.006560642493582005,0.021095281648603064,0.16063989168742968,0.785813477750094,0.31436368816890414,0.9039933477885843,0.2558619177889933,0.8492519524037914,0.3835381107830127,0.7216760471850227,0.9250076630409824,0.025601250309688846,0.020029695568391206,0.06656101426307448,0.044563279857397504
BRAINTUMOR,MobileNetV3,2,ISOTONIC,True,0.8999321045698733,0.8992069123113351,0.9783035720872687,0.024562951631403235,0.007381315805846667,0.019914600310292217,0.16278621042445315,0.7829517194340627,0.3576819248381245,0.9183970093727112,0.2332976907491684,0.8556219935417175,0.10161825418472292,0.7807990908622742,0.9338917136192322,0.027688097715688337,0.022348020889622202,0.06644781525922552,0.045327221797810034
BRAINTUMOR,MobileNetV3,2,DIRICHLET,True,0.8963352338102379,0.8959322077889544,0.9793805546831879,0.016132961531154472,0.0022756558859927975,0.019061061958455455,0.15996139611263466,0.7867181385164874,0.31348944949494073,0.9051089882850647,0.25648006796836853,0.849365234375,0.2917508284250895,0.7295629978179932,0.9256545901298523,0.025779200974199907,0.020050495468675218,0.06735340729001585,0.045454545454545456
BRAINTUMOR,MobileNetV3,2,APEX,True,0.9408145517413764,0.940604791889982,0.9934638101041718,0.041809614729159915,0.03047952804262878,0.027076177451860996,0.09412060085623347,0.8745058655250222,0.18451661788991708,0.9000535534759766,0.27567015567296516,0.8780493990516246,0.3489692779596425,0.6364310850949686,0.9168422474441377,0.00725678470403603,0.005406262044076926,0.026148969889064975,0.0106951871657754
BRAINTUMOR,MobileNetV3,2,ABL_no_gate,True,0.9415227670388269,0.9412946802931252,0.9934452866894329,0.045598384413016585,0.03202922275065762,0.026406139834742916,0.09488651281039134,0.873484649586145,0.18690682359326855,0.8966777262389868,0.28624877787799274,0.8750070141352597,0.3490816191841146,0.6355304434861431,0.9130983508363246,0.00729371310805808,0.0054871792129454955,0.02694136291600634,0.0106951871657754
BRAINTUMOR,MobileNetV3,2,ABL_no_rbf,True,0.9436236073749613,0.9433360299183007,0.9931918660388396,0.04472456654290716,0.029406148404604607,0.026176935273191676,0.09411394112541177,0.8745147451661178,0.18654690989547523,0.899156131452566,0.27784675220221816,0.8776276101826015,0.31615482191226685,0.6432510994019393,0.9146303586362776,0.007891258193088788,0.0062134524161317345,0.02694136291600634,0.0106951871657754
BRAINTUMOR,MobileNetV3,2,ABL_no_poly,True,0.9393860943810952,0.9390379661716406,0.9932752031111693,0.045119844112934876,0.03116412430595464,0.026816196764646964,0.09717140255621995,0.8704381299250402,0.1898043315387061,0.896937929674082,0.27578454058391666,0.8748729916417747,0.16834195350460235,0.6333216936318342,0.914152049871222,0.007051527443235983,0.005111405710056495,0.02377179080824089,0.00980392156862745
BRAINTUMOR,MobileNetV3,2,ABL_no_knn,True,0.9336845396798946,0.9336615672034088,0.9901869667245952,0.02866046128742645,0.01497328157806633,0.018319386980980342,0.10246767560227854,0.8633764325302955,0.2007978856789961,0.9093466967569729,0.2694960495582783,0.8791557717666136,0.3832307941387695,0.6808471117377443,0.9257553758950993,0.012378022012235656,0.01005782306659277,0.030903328050713153,0.01693404634581105
BRAINTUMOR,MobileNetV3,2,ABL_focal,True,0.9408304221121876,0.9404780336420032,0.9929962447796516,0.05595324670171197,0.04032738824386309,0.028691367761673373,0.09541764685053637,0.8727764708659517,0.1933579961898371,0.8922954196525936,0.3049535207681126,0.8706744271393533,0.2981308549220233,0.6377498807224489,0.9085060529127393,0.008231346708844492,0.006380824048885389,0.026148969889064975,0.011586452762923352
BRAINTUMOR,MobileNetV3,2,TAU_0.60,True,0.9415227670388269,0.9412946802931252,0.9935188479735924,0.04405646309591556,0.031228913467286484,0.026141543544032655,0.0943327777743365,0.8742229629675515,0.18539324794967235,0.8982109031296824,0.28225025538439735,0.8763843942348855,0.34579277235414974,0.6369276318774956,0.9146400785190243,0.0071944526307562056,0.005387918735643621,0.026148969889064975,0.0106951871657754
BRAINTUMOR,MobileNetV3,2,TAU_0.70,True,0.9415227670388269,0.9412946802931252,0.9934980783435868,0.04324913583997761,0.031031824819934575,0.02683175983725753,0.09425917144168802,0.8743211047444162,0.18504012374825346,0.8990272867095135,0.279673004132023,0.8770699614449732,0.3489692779596425,0.63804242325407,0.9154376985783026,0.007177473010335757,0.005370939115223172,0.026148969889064975,0.0106951871657754
BRAINTUMOR,MobileNetV3,2,TAU_0.80,True,0.9401142716293316,0.9399066422718645,0.9934322536289193,0.04278190087260907,0.030492245131964822,0.026615503370450416,0.09420429796587346,0.8743942693788356,0.18491440714757956,0.8998011565292751,0.27697255943028354,0.8777338905492551,0.3489692779596425,0.634948437290553,0.9168819464650048,0.007312155034554628,0.005417103231906012,0.026148969889064975,0.0106951871657754
BRAINTUMOR,MobileNetV3,2,TAU_0.85,True,0.9408145517413764,0.940604791889982,0.9934638101041718,0.041809614729159915,0.03047952804262878,0.027076177451860996,0.09412060085623347,0.8745058655250222,0.18451661788991708,0.9000535534759766,0.27567015567296516,0.8780493990516246,0.3489692779596425,0.6364310850949686,0.9168422474441377,0.00725678470403603,0.005406262044076926,0.026148969889064975,0.0106951871657754
BRAINTUMOR,MobileNetV3,2,TAU_0.90,True,0.9408145517413764,0.940604791889982,0.9934752492140041,0.04183640818098037,0.030147270824357097,0.027155297326396852,0.09412429046285158,0.8745009460495314,0.18440653939706633,0.9000753485964784,0.27470115691103486,0.8781792516704028,0.3489692779596425,0.6353508735512499,0.9169342234287753,0.0072061964901218595,0.005355673830162756,0.02456418383518225,0.0106951871657754
BRAINTUMOR,MobileNetV3,2,TAU_0.95,True,0.9408145517413764,0.940604791889982,0.9935000880147405,0.04219095047853886,0.02954565581706626,0.027243662275996117,0.09413441065126467,0.8744874524649806,0.18419139516045996,0.9000590195837341,0.27367220961516836,0.8782823864246692,0.3489692779596425,0.6343262354455749,0.9169821081869225,0.007159203582767314,0.0053086809228082114,0.025356576862123614,0.0106951871657754
BRAINTUMOR,MobileNetV3,2,FAIR_rbf_svm,True,0.9188911223129478,0.918696537150443,0.9890935239436883,0.021786408255018822,0.0063912671554571384,0.01453319442627411,0.113124488733741,0.8491673483550122,0.2121156613565216,0.9167132068473256,0.24158329634695447,0.8797163471041987,0.22021176549993,0.6909706524936023,0.9368687920574795,0.012424019456920406,0.008939761405333821,0.03486529318541997,0.0213903743315508
BRAINTUMOR,MobileNetV3,2,FAIR_poly_svm,True,0.9321009742423882,0.932393971397145,0.9893808308802097,0.028261746606056428,0.016148586208072562,0.020191314391752792,0.10363248392571489,0.8618233547657137,0.21726722259345604,0.912944310790152,0.24812143036754522,0.8827972193381306,0.3833417758552155,0.6698729718402467,0.9307980587160825,0.01394941166334791,0.011528756646934205,0.030903328050713153,0.016042780748663103
BRAINTUMOR,MobileNetV3,2,FAIR_knn,True,0.9288898278858286,0.9282092237801068,0.9887110203727077,0.06204380473810862,0.04795714419908773,0.03579670446283054,0.11504167948439842,0.8466110940208023,0.5062398077709823,0.897880702848323,0.20926285401543984,0.873780245494293,0.34285032640448854,0.6304240494539595,0.9186281083727705,0.011285157440256044,0.008603811491789988,0.0253565768621236,0.01336898395721924
BRAINTUMOR,MobileNetV3,2,FAIR_equal_blend,True,0.9408145517413764,0.9405758444418133,0.9934663391452836,0.04028404094816704,0.028321040405029065,0.0250125454767032,0.09465266867918277,0.8737964417610898,0.18379819875678446,0.901080269277089,0.2694582137725722,0.878764603978875,0.32902185317345123,0.6392663165309858,0.9177537886331715,0.007060762509112684,0.005210239849153581,0.02456418383518225,0.00980392156862745
BRAINTUMOR,MobileNetV3,2,ABL_no_descriptors,True,0.9407469786781568,0.9406235174056558,0.9932665656453481,0.039198818771728046,0.025063562206420892,0.02434770019201704,0.09349281970682564,0.875342907057566,0.1842049547052777,0.902749743653955,0.2752739772479159,0.8795565810303542,0.16823641016021856,0.650483362406294,0.9188152296469827,0.008053435504487193,0.0062029128445280895,0.0277337559429477,0.012477718360071301
BRAINTUMOR,MobileNetV3,3,BASE,True,0.9012133890383349,0.9009548541236199,0.9829423089604534,0.03508914508992915,0.01850774813556788,0.02573811414459732,0.14704131281388053,0.8039449162481596,0.28711694249147857,0.8687240481376648,0.3645947277545929,0.8292595744132996,0.16035363964132365,0.6487042307853699,0.8931124806404114,0.02176513000796786,0.016576544879944883,0.05705229793977813,0.03832442067736185
BRAINTUMOR,MobileNetV3,3,MC_DROPOUT,True,0.9012213242237406,0.9008931488296272,0.9828988646765714,0.045995944411263506,0.027082956314012578,0.02855609779140606,0.14927041376886302,0.8009727816415162,0.2926802649741041,0.8596142530441284,0.3872873783111572,0.8218138813972473,0.3305051028728485,0.6360964179039001,0.8843905925750732,0.02167236099735729,0.016483775869334312,0.060221870047543584,0.03832442067736185
BRAINTUMOR,MobileNetV3,3,TEMP_SCALE,True,0.9012133890383349,0.9009548541236199,0.9829770038778155,0.009384219721225225,0.0014217477567609097,0.017120803613746727,0.1435961734314299,0.8085384354247603,0.2796620993164909,0.9036611318588257,0.26296839118003845,0.8569170832633972,0.39147496223449707,0.6978137493133545,0.9264786839485168,0.02174486858319879,0.016556283455175812,0.05705229793977813,0.0392156862745098
BRAINTUMOR,MobileNetV3,3,VEC_SCALE,True,0.9103446796565652,0.9100829124711447,0.9834385519514779,0.016893539579049273,0.0018396718320546751,0.0173007659740781,0.14222877779882143,0.8103616296015717,0.2736048256201832,0.904065603178074,0.25857186208755006,0.8581829739198165,0.3832763310332878,0.717474786703161,0.9226369461971288,0.020307858449164166,0.016049105348527177,0.058637083993660855,0.034759358288770054
BRAINTUMOR,MobileNetV3,3,ISOTONIC,True,0.9019612802628134,0.90134184722789,0.982913032671595,0.017535396414149765,0.002410561155311659,0.016185071493342324,0.14535277391872697,0.8061963014416976,0.30367095215628115,0.9140732884407043,0.23288851976394653,0.8623147010803223,0.24735941290855407,0.7294331192970276,0.934377908706665,0.02139762327033407,0.01628393726136058,0.06180665610142627,0.04010695187165772
BRAINTUMOR,MobileNetV3,3,DIRICHLET,True,0.9110608301394212,0.9107540836332827,0.9835062836541235,0.025854862658194127,0.010251558321094784,0.018506252619501607,0.14143279431233313,0.8114229409168894,0.26996750053068674,0.9056144952774048,0.2588885724544525,0.8590498566627502,0.1754835692106509,0.7212104201316833,0.9238094091415405,0.018841239787114217,0.014650089790327578,0.060221870047543584,0.031194295900178252
BRAINTUMOR,MobileNetV3,3,APEX,True,0.9364378010410963,0.9361946921342035,0.9910119816539699,0.035003242528513785,0.02158173283613433,0.021020470799418493,0.09969763265162682,0.8670698231311644,0.20037973192979186,0.9063661861298032,0.245758170604328,0.8819841470514403,0.3026648654903316,0.6379239246577191,0.9247666457889712,0.009046547515117248,0.006920729959611715,0.02694136291600634,0.013368983957219251
BRAINTUMOR,MobileNetV3,3,ABL_no_gate,True,0.937181848660144,0.9369134684080915,0.9915577744684585,0.042051879989943995,0.027639459934975453,0.023213470620501074,0.09966617724373976,0.8671117636750139,0.1992357428052578,0.9004563095258931,0.2645139173333095,0.8773174970973504,0.2893727158974102,0.6315816030800646,0.9186677622455875,0.008209331423830079,0.006130751062678298,0.02694136291600634,0.015151515151515152
BRAINTUMOR,MobileNetV3,3,ABL_no_rbf,True,0.9364378010410963,0.9361946921342035,0.9909724670858266,0.0326282318628183,0.02049030916302089,0.021366794901294818,0.09983954563443562,0.8668806058207527,0.20090840661485976,0.9065444543243235,0.24475057199492936,0.8821373044496196,0.3081655204909872,0.6378676202020022,0.9249609928399433,0.009096863270030849,0.006971045714525316,0.02694136291600634,0.013368983957219251
BRAINTUMOR,MobileNetV3,3,ABL_no_poly,True,0.9365412064259131,0.9360251546719007,0.9902513800201105,0.030577381999272242,0.01953484425870831,0.020867243831644622,0.10374510109499256,0.8616731985400101,0.2089239328106753,0.9059360245176395,0.23911202542090956,0.8804074770824359,0.3248055460410841,0.6551776789702952,0.9231243345703898,0.009816330825176526,0.007690513269670993,0.0277337559429477,0.015151515151515152
BRAINTUMOR,MobileNetV3,3,ABL_no_knn,True,0.9333940375016863,0.9337566455208859,0.9898479874617481,0.02372754951692155,0.012128962161587077,0.017117613876213827,0.10304949034782289,0.8626006795362363,0.20323510708397147,0.9138463489860307,0.25518937479527265,0.8830905863685058,0.2029581841077137,0.6783767099330984,0.9307555514848662,0.011833929435707616,0.00951373049006473,0.03169572107765452,0.017825311942959002
BRAINTUMOR,MobileNetV3,3,ABL_focal,True,0.9365691035621047,0.936145228784946,0.9907445016056156,0.04133224038693601,0.025004489219047906,0.023093399020466122,0.10056744604985428,0.8659100719335278,0.20460981370621056,0.9009616342803692,0.2689066325700949,0.87644054404194,0.18113611240084615,0.6442179106517821,0.918560213965497,0.009127959761521457,0.007002142206015924,0.02694136291600634,0.0142602495543672
BRAINTUMOR,MobileNetV3,3,TAU_0.60,True,0.937181848660144,0.9368868593203014,0.9915041186709594,0.03811147635126395,0.02440861213749512,0.02236262229535866,0.09904542650501891,0.8679394313266416,0.19842860519055494,0.9030457436018899,0.2572731179771866,0.8795812969174857,0.28937271627673344,0.6342332487664657,0.9212529825975923,0.00824735209687067,0.006168771735718889,0.02694136291600634,0.016042780748663103
BRAINTUMOR,MobileNetV3,3,TAU_0.70,True,0.9364815685480992,0.9361714687507185,0.9912059984674185,0.03802672014198771,0.02370419926928749,0.022473802109717705,0.09918832419855038,0.8677489010685997,0.19952222923330523,0.9045616570192416,0.25292573843971505,0.8806420156651291,0.3026648654903316,0.6353248325130465,0.9230165802527204,0.008706554920469128,0.0065807373649635955,0.02694136291600634,0.0142602495543672
BRAINTUMOR,MobileNetV3,3,TAU_0.80,True,0.9364815685480992,0.9361856663702458,0.9910602442051968,0.036810213474357104,0.02238772679800697,0.021344812242477192,0.09922662361699223,0.8676978351773439,0.19982116106162554,0.9057975217026574,0.24808619957695155,0.8817395711936016,0.3026648654903316,0.6364035071670081,0.9242632195763881,0.008976084182587217,0.006850266627081684,0.02694136291600634,0.013368983957219251
BRAINTUMOR,MobileNetV3,3,TAU_0.85,True,0.9364378010410963,0.9361946921342035,0.9910119816539699,0.035003242528513785,0.02158173283613433,0.021020470799418493,0.09969763265162682,0.8670698231311644,0.20037973192979186,0.9063661861298032,0.245758170604328,0.8819841470514403,0.3026648654903316,0.6379239246577191,0.9247666457889712,0.009046547515117248,0.006920729959611715,0.02694136291600634,0.013368983957219251
BRAINTUMOR,MobileNetV3,3,TAU_0.90,True,0.9371460163385467,0.936910159217478,0.9910838623745533,0.03159614914903849,0.02046949535275485,0.02096195903196956,0.0997705475413006,0.8669726032782661,0.20002642788985736,0.9066950399483162,0.24382542692772868,0.8823008657162374,0.3026648654903316,0.6405276195853298,0.9247231224538762,0.008933411872806564,0.006854831511654782,0.02694136291600634,0.013368983957219251
BRAINTUMOR,MobileNetV3,3,TAU_0.95,True,0.9371460163385467,0.936910159217478,0.9911605011675464,0.032692613898084505,0.02064080198798277,0.021372106107053833,0.10017010872810192,0.8664398550291976,0.2001655110503724,0.9069907895173059,0.24139899438163695,0.8824654448215705,0.19108959676041626,0.6416236598883516,0.9249646666382928,0.008787430506397097,0.0067088501452453155,0.0277337559429477,0.0142602495543672
BRAINTUMOR,MobileNetV3,3,FAIR_rbf_svm,True,0.9281419366613501,0.92782296292876,0.9865256714064775,0.013660651022637985,0.004591510886832276,0.011550779364138761,0.11244777287390009,0.8500696361681335,0.22571242221530835,0.9230870939256123,0.22477488195391424,0.8851727374546484,0.2695044358456339,0.7333264993302825,0.9379645579138702,0.01784027575067582,0.01510515099399744,0.042789223454833596,0.0213903743315508
BRAINTUMOR,MobileNetV3,3,FAIR_poly_svm,True,0.931249429658549,0.9317134468699397,0.9893008695965653,0.017149020864924387,0.007888525080297703,0.0180561277079765,0.10510218428942868,0.8598637542807619,0.2122511253366453,0.9195758382156319,0.22937483413972828,0.8872136444343853,0.37694149158615614,0.6822332035355431,0.9372038899491453,0.012628608688347281,0.010156907836164684,0.030903328050713153,0.017825311942959002
BRAINTUMOR,MobileNetV3,3,FAIR_knn,True,0.9252133572975934,0.9245583403736112,0.9851145625365978,0.057868095834754225,0.04242165787055713,0.033712008216216845,0.11886847985445333,0.8415086935273958,0.7359395145664406,0.9126762803605514,0.18084521658104769,0.8815192458885687,0.3982442161705612,0.6597240035199471,0.9333493268872314,0.017926684169063477,0.014970961419559978,0.0332805071315371,0.015151515151514992
BRAINTUMOR,MobileNetV3,3,FAIR_equal_blend,True,0.9400267366153259,0.9398147137755031,0.9904140838343185,0.031974178348814976,0.017712619422436862,0.0193130264314186,0.09765863543938598,0.8697884860808189,0.19656640213743282,0.9106459326108557,0.24594811273652445,0.8846352092592018,0.6421777085360103,0.6724148007248589,0.9260098523455369,0.010408038462325676,0.00851298665967706,0.029318541996830427,0.016042780748663103
BRAINTUMOR,MobileNetV3,3,ABL_no_descriptors,True,0.9393185213178756,0.9390160102379338,0.9914562705626702,0.03710649645598075,0.022617966929627482,0.022065619648356002,0.09816168105065257,0.8691177585991301,0.19663404710496699,0.9035769031244423,0.2565677970774259,0.8803960324516017,0.16599284720016283,0.6390258525683805,0.9208520666383536,0.008637818098726718,0.00669769636554723,0.02456418383518225,0.015151515151515152
BRAINTUMOR,MobileNetV3,4,BASE,True,0.8975880124777184,0.8979382735185486,0.9813047824703864,0.04481169149896045,0.025904613624230632,0.023487131137230808,0.15734954570716397,0.7902006057237816,0.2976817739566704,0.8562402725219727,0.391704261302948,0.8156757354736328,0.19298294728452509,0.6437771320343018,0.8807486891746521,0.021790290554127012,0.016210638579851173,0.06502775574940524,0.04014272970561998
BRAINTUMOR,MobileNetV3,4,MC_DROPOUT,True,0.8947868920295391,0.895085008840097,0.9810832529608251,0.05096518702156704,0.030153584479617815,0.02803177613557081,0.16008351761928713,0.7865553098409508,0.3038169499706375,0.8473688364028931,0.4137483239173889,0.8081510663032532,0.3309572637081146,0.6301990747451782,0.8731933832168579,0.0221040190106759,0.016207330866989396,0.06582077716098335,0.0383586083853702
BRAINTUMOR,MobileNetV3,4,TEMP_SCALE,True,0.8975880124777184,0.8979382735185486,0.9813111456200612,0.013559016240986512,0.0002968187548104045,0.016823362840901527,0.1530611377696529,0.7959184829737964,0.2860234117778508,0.8944670557975769,0.2826569676399231,0.8458252549171448,0.12516647577285767,0.6960402131080627,0.9173564314842224,0.02187369021909979,0.01629403824482395,0.06502775574940524,0.04014272970561998
BRAINTUMOR,MobileNetV3,4,VEC_SCALE,True,0.8960660968933027,0.8966471059160643,0.9811240179752792,0.01313549033643166,0.0034657016009618114,0.016032235613147202,0.1546788305692029,0.7937615592410631,0.28745879122686097,0.8947487315404123,0.27812611239105345,0.8454438045553677,0.39244547193207935,0.6989137601240004,0.9176871704234504,0.02225308807381571,0.01651605469529382,0.06502775574940524,0.04014272970561998
BRAINTUMOR,MobileNetV3,4,ISOTONIC,True,0.8965375923096511,0.8978350108944289,0.9804221090768169,0.019389026366524956,0.005120522888594733,0.015802841036119973,0.15628526814910398,0.7916196424678617,0.3175745599351502,0.8942267894744873,0.25790515542030334,0.8473911881446838,0.36782538890838623,0.6909794211387634,0.9178526997566223,0.022579056052350985,0.01692099731972671,0.06555643669045737,0.041521368907631216
BRAINTUMOR,MobileNetV3,4,DIRICHLET,True,0.8909552457346575,0.8920851842427457,0.9810240575814605,0.01423982565906347,0.002860126047489293,0.01561924454190778,0.15677588088083463,0.7909654921588875,0.2881149418740788,0.8966472148895264,0.27435681223869324,0.8456071019172668,0.6435225009918213,0.6971215605735779,0.9212681651115417,0.022136328718104902,0.015830533865768198,0.0689928628072958,0.043710972346119537
BRAINTUMOR,MobileNetV3,4,APEX,True,0.9293811274509803,0.9294731148485611,0.9897242915642968,0.03316528322101344,0.016815605993981533,0.020359594348791244,0.1147787320250336,0.8469616906332887,0.21943867565621464,0.8992213767326049,0.2614087866766005,0.8693719067155228,0.2826887330138753,0.6675890541984232,0.9170118776952919,0.01217567435229663,0.009543762961546362,0.0380650277557494,0.019625334522747548
BRAINTUMOR,MobileNetV3,4,ABL_no_gate,True,0.9293373599439776,0.9294841719450175,0.989838083459997,0.03493049924866396,0.01922301486040101,0.021624636474795515,0.11449969078443056,0.8473337456207595,0.21846446278671472,0.8970309522055517,0.2683782538324408,0.8678339680452827,0.4201118338298254,0.6635758814860795,0.9149614491886143,0.012037176388987873,0.009405264998237605,0.0380650277557494,0.019625334522747548
BRAINTUMOR,MobileNetV3,4,ABL_no_rbf,True,0.9279467468805704,0.9280668608826632,0.9900966217271174,0.033078138460407455,0.01634404927060802,0.021973348451109088,0.11442349845122543,0.8474353353983664,0.21960908191442624,0.8978611012574331,0.2628671740083068,0.8690471334631095,0.27589088730048694,0.6531009289776909,0.917065360928613,0.01142670189186089,0.008687624696116307,0.03727200634417129,0.01784121320249777
BRAINTUMOR,MobileNetV3,4,ABL_no_poly,True,0.9251257321110262,0.9253084137097702,0.9894683065752805,0.026929406357989325,0.013099833224821113,0.02107587845473211,0.11638342286569235,0.8448221028457438,0.2222976422100148,0.8993355184746818,0.25682148280687034,0.8689809620824684,0.20850642443415873,0.6637950661133362,0.9186004011523846,0.012157138934210913,0.009197142744035706,0.040444091990483745,0.021409455842997322
BRAINTUMOR,MobileNetV3,4,ABL_no_knn,True,0.9166049942704355,0.9170952320369791,0.986433593264478,0.016408982293592056,0.005856843000743567,0.015310526672064383,0.125444228646905,0.8327410284707936,0.23557901630569214,0.9092445536964744,0.262658482454951,0.8687628808723813,0.3651254956174157,0.7002967833762495,0.9284469188816666,0.016608429812709043,0.012932732766142914,0.04520222045995242,0.026761819803746655
BRAINTUMOR,MobileNetV3,4,ABL_focal,True,0.9307916348357524,0.9307606670592619,0.9906234644302752,0.04060173550659809,0.02529624129609845,0.025112509284767572,0.112260216289374,0.8503197116141682,0.2175873641108705,0.8910551766566417,0.29321891472967576,0.8636358949819967,0.6843269105372297,0.6508255171352051,0.9091092461605531,0.010388538883393602,0.007861602001256247,0.03409992069785884,0.01784121320249777
BRAINTUMOR,MobileNetV3,4,TAU_0.60,True,0.9293373599439776,0.9294841719450175,0.9898126755100722,0.034752398289578934,0.01828924574072078,0.020978448841060666,0.11446681330753299,0.8473775822566229,0.21855717324444912,0.8979179647965984,0.26605853846391503,0.8684560589366795,0.4205136895677751,0.6660109415093508,0.9157295641274164,0.01211918628095044,0.009487274890200173,0.0380650277557494,0.019625334522747548
BRAINTUMOR,MobileNetV3,4,TAU_0.70,True,0.9286370798319328,0.9287846977311061,0.9897116299632369,0.03371722216978115,0.017059685753195636,0.020830329476927697,0.1146237881567032,0.8471682824577292,0.21945581150633758,0.898524851282537,0.26415891609267533,0.8688443013414358,0.2793051921898769,0.6645751823162365,0.9166869700877609,0.012193071080522358,0.009507850909781377,0.0380650277557494,0.019625334522747548
BRAINTUMOR,MobileNetV3,4,TAU_0.80,True,0.9293811274509803,0.9294731148485611,0.9897128841561041,0.03401597454029872,0.017330392715152857,0.020342022575692197,0.11477558417144908,0.8469658877714015,0.21958698949240665,0.8990120869919066,0.2622515081826862,0.8691894885247798,0.2826887330138753,0.6673774689666528,0.9168027642595913,0.012186440202496384,0.009554528811746116,0.0380650277557494,0.019625334522747548
BRAINTUMOR,MobileNetV3,4,TAU_0.85,True,0.9293811274509803,0.9294731148485611,0.9897242915642968,0.03316528322101344,0.016815605993981533,0.020359594348791244,0.1147787320250336,0.8469616906332887,0.21943867565621464,0.8992213767326049,0.2614087866766005,0.8693719067155228,0.2826887330138753,0.6675890541984232,0.9170118776952919,0.01217567435229663,0.009543762961546362,0.0380650277557494,0.019625334522747548
BRAINTUMOR,MobileNetV3,4,TAU_0.90,True,0.9286808473389355,0.9287556154446395,0.9896566404009606,0.03154903919686473,0.01549075588338979,0.02041701056118651,0.11493153532990628,0.8467579528934585,0.21981654228796985,0.8993193835840166,0.26062307855947625,0.8694329009739874,0.2826887330138753,0.6662389844793872,0.9174140187181964,0.012675848558689789,0.009990628387948808,0.0380650277557494,0.019625334522747548
BRAINTUMOR,MobileNetV3,4,TAU_0.95,True,0.9279805672268907,0.9280551793706506,0.9896425579481368,0.030245137400827328,0.014082430061177221,0.020107443389477026,0.11507561480520041,0.8465658469263997,0.21985501828309784,0.8994212426249691,0.25976994001774434,0.8694968221282846,0.2826887330138753,0.6648641637484829,0.9178249518906625,0.012666208545838902,0.009927131350094319,0.0380650277557494,0.020517395182872437
BRAINTUMOR,MobileNetV3,4,FAIR_rbf_svm,True,0.9116692131398014,0.9119464650410483,0.9845895924793384,0.015548590583277254,0.003988585039227953,0.015205220298733281,0.13422204715797875,0.8210372704560286,0.248177995647166,0.917354400205873,0.24168085162847855,0.8693312330640975,0.4390891797694043,0.741339030051096,0.9345837825624485,0.01905211415619264,0.014922031495527248,0.04916732751784298,0.032114183764495985
BRAINTUMOR,MobileNetV3,4,FAIR_poly_svm,True,0.9157196969696969,0.9164592518603565,0.9855387131007507,0.01691096618343973,0.005157174000274455,0.01849309956680205,0.12812627837575918,0.8291649621656547,0.25777335462481005,0.9116520972623596,0.24461297001026036,0.8708131198802692,0.33200991689035086,0.6928103015307118,0.9319499723146328,0.018314927182421312,0.014575987886942463,0.04520222045995242,0.029438001784121322
BRAINTUMOR,MobileNetV3,4,FAIR_knn,True,0.9130856888209831,0.9128305071162215,0.9833301076597771,0.06721625806553738,0.05228531305697755,0.03918191311778598,0.132115416093419,0.8238461118754415,0.8223115849647802,0.9052379245203892,0.19522091474584102,0.8699601209671411,0.3454270592364561,0.6723114656503772,0.9276382016439321,0.01789259909635599,0.013895127098549512,0.04440919904837449,0.013380909901873529
BRAINTUMOR,MobileNetV3,4,FAIR_equal_blend,True,0.9258797268907563,0.925963151856435,0.9890966269039236,0.024077197475752807,0.0087846182949456,0.017513588958493604,0.11590374577417048,0.8454616723011062,0.22008074156759017,0.9026571329745883,0.26212960978502475,0.8700348246371703,0.16296652081272034,0.6769873193186259,0.9209264702404911,0.013518402811590304,0.010614460850240197,0.03965107057890563,0.021409455842997322
BRAINTUMOR,MobileNetV3,4,ABL_no_descriptors,True,0.9286808473389355,0.9288313384564508,0.9901572794442022,0.03310468395738695,0.01825862234371549,0.021772869525207315,0.11231420800086696,0.850247722665511,0.21259389102135684,0.8959723753090939,0.27148468505088685,0.8683333765006177,0.31150395713245915,0.6520298731539815,0.9149102636393524,0.012092288883003116,0.009407068712262136,0.040444091990483745,0.019625334522747548
BRAINTUMOR,MobileNetV3,5,BASE,True,0.8880825057295645,0.8861220746557483,0.9766111102174023,0.038568200105097095,0.019801117876908345,0.02792349503991379,0.17607381417550577,0.7652349144326593,0.3353421000896889,0.8522569537162781,0.39917972683906555,0.8048050403594971,0.6841780841350555,0.6578515768051147,0.8771246075630188,0.029764513276986093,0.02303532348295432,0.07930214115781126,0.05084745762711865
BRAINTUMOR,MobileNetV3,5,MC_DROPOUT,True,0.8894492456073338,0.8877098187759953,0.9764586094060864,0.04318462035880449,0.023829885476689985,0.029446306076769672,0.17763730819403364,0.7631502557412888,0.33940863157881596,0.844852089881897,0.41768699884414673,0.798894464969635,0.7059248983860016,0.6513258218765259,0.8692566156387329,0.02995693030695346,0.023398816745631455,0.08009516256938938,0.05084745762711865
BRAINTUMOR,MobileNetV3,5,TEMP_SCALE,True,0.8880825057295645,0.8861220746557483,0.9767305775364986,0.020853242482166287,0.0060281208794225015,0.022545134426312466,0.17286958991665216,0.769507213444464,0.3348548400418821,0.8949484825134277,0.27530378103256226,0.8376895189285278,0.6762950420379639,0.7155912518501282,0.9178911447525024,0.029532774509343218,0.022803584715311444,0.07850911974623315,0.05084745762711865
BRAINTUMOR,MobileNetV3,5,VEC_SCALE,True,0.8933107333842628,0.8930032023578547,0.9770655111763504,0.023386234349978736,0.006963707699058024,0.01665852711267085,0.1700298750434206,0.7732934999421062,0.3251436253557863,0.8991848020554475,0.2647877074499706,0.8417546426701801,0.6083586965274743,0.7343410639140219,0.9190820078582893,0.02787952456568569,0.021820904667245032,0.07850911974623315,0.05173951828724353
BRAINTUMOR,MobileNetV3,5,ISOTONIC,True,0.8912675865800865,0.8909432953910954,0.9749937877658537,0.019376201568418485,0.008185251132871408,0.018032161756847933,0.17190044849285735,0.7707994020095239,0.34911282914762365,0.9062221646308899,0.24669361114501953,0.8440980315208435,0.3787543773651123,0.7512824535369873,0.9253413081169128,0.029042974184982327,0.022737179332645623,0.07613005551149885,0.05173951828724356
BRAINTUMOR,MobileNetV3,5,DIRICHLET,True,0.8920752960275019,0.8915947175601311,0.9771441236294602,0.024653683332845927,0.008323483267428223,0.021358756835782658,0.1701690211046058,0.7731079718605259,0.3210605155775073,0.8966472148895264,0.2676146328449249,0.8403104543685913,0.17461190223693845,0.7270745038986206,0.9174194931983948,0.027666095807368146,0.02144326352431035,0.07930214115781126,0.05173951828724353
BRAINTUMOR,MobileNetV3,5,APEX,True,0.9244891138273491,0.9242251109310518,0.9897502201101273,0.024839544286538277,0.013457140946481294,0.019305704597165664,0.11224278131508265,0.8503429582465567,0.2110831302513486,0.902040640971848,0.26196826011117436,0.8716662337475136,0.12495883589406903,0.6517385253511102,0.9227219740771906,0.010852057108336498,0.007835456329180507,0.03409992069785884,0.015165031222123104
BRAINTUMOR,MobileNetV3,5,ABL_no_gate,True,0.9244891138273491,0.9242251109310518,0.9897502201101273,0.024844772195329573,0.013461711541173545,0.01930761238984068,0.11224309817258861,0.8503425357698821,0.21108686997362178,0.9020349080924001,0.2619890847271774,0.8716614324184256,0.12495129822852868,0.6517303739357385,0.9227164410304408,0.010851286009134585,0.007834685229978594,0.03409992069785884,0.015165031222123104
BRAINTUMOR,MobileNetV3,5,ABL_no_rbf,True,0.9265461866564808,0.9265734507434216,0.9899087735531164,0.02979155732247123,0.015677938363097672,0.02075706717951484,0.1107944748453432,0.8522740335395426,0.21379693057446345,0.9009582683021502,0.2626173935272513,0.8719377504729597,0.20327222134469086,0.6446275960551703,0.9214963190831104,0.011362364964785699,0.008513927296438201,0.035685963521015066,0.01694915254237288
BRAINTUMOR,MobileNetV3,5,ABL_no_poly,True,0.9223445059842119,0.9221163498082694,0.9883037192912929,0.028206805336757297,0.012086320969175519,0.01997983908953171,0.11572430010429094,0.845700933194279,0.22119780114298757,0.9018104399381758,0.25916499085950007,0.8698712500461536,0.6773636947563746,0.6654838049129761,0.9219311286787116,0.013997795789722139,0.01080807482951848,0.03727200634417129,0.01694915254237288
BRAINTUMOR,MobileNetV3,5,ABL_no_knn,True,0.9160698370257194,0.915722402979822,0.9877176530734424,0.02181118392893103,0.0069052717215681144,0.016696323359071404,0.12264783779701037,0.8364695496039865,0.2289163581721181,0.9090782776453684,0.2630464306185799,0.870079597040867,0.29052978294387555,0.6830657899469404,0.930041244158317,0.014102310808215317,0.010363371512736468,0.04520222045995242,0.021409455842997322
BRAINTUMOR,MobileNetV3,5,ABL_focal,True,0.9230447860962567,0.9229381027601506,0.9895708969759884,0.0401083770748637,0.02542735634446136,0.023847653829070427,0.11242180156672267,0.8501042645777033,0.21915965001426918,0.892156206676686,0.2957596039867458,0.8637877423753959,0.1854983053409408,0.6346743923871123,0.9138619435348172,0.01199699011970947,0.008865527381513843,0.034892942109436956,0.01694915254237288
BRAINTUMOR,MobileNetV3,5,TAU_0.60,True,0.9244891138273491,0.9242251109310518,0.989749549985618,0.024842311954976593,0.013459565877428446,0.01930661724767857,0.11224317880332987,0.8503424282622271,0.21108568847297685,0.9020379628667017,0.26197966807467066,0.8716636664477987,0.12495422900847442,0.6517376479738526,0.9227191471860338,0.010851286009134585,0.007834685229978594,0.03409992069785884,0.015165031222123104
BRAINTUMOR,MobileNetV3,5,TAU_0.70,True,0.9244891138273491,0.9242251109310518,0.9897502201101273,0.02484097204012598,0.013458443823871458,0.019306106230355807,0.11224280135395644,0.8503429315280583,0.21108449352018044,0.902039301358357,0.26197505006824856,0.8716649451003535,0.12495422900847442,0.6517378511088656,0.9227205794870796,0.010851286009134585,0.007834685229978594,0.03409992069785884,0.015165031222123104
BRAINTUMOR,MobileNetV3,5,TAU_0.80,True,0.9244891138273491,0.9242251109310518,0.9897502201101273,0.02483997314643655,0.013457556211580601,0.019305796659713173,0.11224270913548215,0.850343054486024,0.2110834471749757,0.90204023804888,0.2619707064591216,0.8716658573241596,0.12495883589406903,0.6517383137097792,0.9227215553494853,0.010851286009134585,0.007834685229978594,0.03409992069785884,0.015165031222123104
BRAINTUMOR,MobileNetV3,5,TAU_0.85,True,0.9244891138273491,0.9242251109310518,0.9897502201101273,0.024839544286538277,0.013457140946481294,0.019305704597165664,0.11224278131508265,0.8503429582465567,0.2110831302513486,0.902040640971848,0.26196826011117436,0.8716662337475136,0.12495883589406903,0.6517385253511102,0.9227219740771906,0.010852057108336498,0.007835456329180507,0.03409992069785884,0.015165031222123104
BRAINTUMOR,MobileNetV3,5,TAU_0.90,True,0.9244891138273491,0.9242251109310518,0.9897502201101273,0.02483916079034786,0.013456676337736026,0.01930555530218011,0.1122426340873614,0.8503431545501849,0.21108246896094982,0.9020410569573456,0.261965553798807,0.8716667267991938,0.12495883589406903,0.6517379962600107,0.9227224681500985,0.010851286009134585,0.007834685229978594,0.03409992069785884,0.015165031222123104
BRAINTUMOR,MobileNetV3,5,TAU_0.95,True,0.9244891138273491,0.9242251109310518,0.9897502201101273,0.024838781645835348,0.01345642620148595,0.019305441398496128,0.11224285895800239,0.8503428547226637,0.21108270845679267,0.9020412820100717,0.26196301987248444,0.871666933398317,0.12495883589406903,0.6517377767146666,0.9227227299379547,0.010851286009134585,0.007834685229978594,0.03409992069785884,0.015165031222123104
BRAINTUMOR,MobileNetV3,5,FAIR_rbf_svm,True,0.9111678762414057,0.9106204536182408,0.9838997731853274,0.012056716483641245,0.0017032184969796044,0.013667280607815883,0.13530675077274612,0.8195909989696721,0.2614774788547138,0.9168425006103257,0.23646326764300019,0.8697537995468158,0.3761029000795252,0.7262925048664771,0.9356585660207685,0.021634312572151985,0.01743708697544727,0.052339413164155434,0.029438001784121322
BRAINTUMOR,MobileNetV3,5,FAIR_poly_svm,True,0.9187834224598931,0.9188458491998193,0.9875643068153498,0.015043883978688386,0.006164483110381624,0.017750464726153128,0.1212155250036382,0.8383792999951493,0.23864755225914108,0.9101180498352737,0.25032375185068045,0.872868542351538,0.36715721530357226,0.6773444102975655,0.9309175591956749,0.015192367790786223,0.011703066197229106,0.04440919904837431,0.02408563782337199
BRAINTUMOR,MobileNetV3,5,FAIR_knn,True,0.9172495702826584,0.9169356852548318,0.9851588497538479,0.06354555393874801,0.04846101206747689,0.03709371687204703,0.12653211097988745,0.8312905186934836,0.6567401036397004,0.9055143281062188,0.19822778847095968,0.8721348986320544,0.3851859841411909,0.6662224011734725,0.927301997717994,0.013287348961256551,0.009674338659894598,0.03568596352101508,0.014272970561998229
BRAINTUMOR,MobileNetV3,5,FAIR_equal_blend,True,0.923078606442577,0.9228611164288005,0.9897077867661738,0.027164917748652123,0.013259664544047133,0.020540821652428903,0.11293709283180642,0.8494172095575916,0.2117223077779032,0.9027147606324156,0.2626555563647361,0.8715857468434703,0.124622218860784,0.6557920530550068,0.9235303639780751,0.01102697597625297,0.007895513238057341,0.035685963521015066,0.016057091882247992
BRAINTUMOR,MobileNetV3,5,ABL_no_descriptors,True,0.9259573147440794,0.9255235338092151,0.9893569454603703,0.02526786044641655,0.012152152449867967,0.018678768807743426,0.11441445612021768,0.84744739183971,0.2154487205074118,0.9020921726149435,0.26695930017832686,0.870178726844667,0.3667103035279642,0.6634552363240291,0.9214112769407308,0.012094539850780246,0.009190597889430139,0.03965107057890563,0.019625334522747548
BRAINTUMOR,ViT,1,BASE,True,0.9039292039100643,0.9038239201364666,0.984083558024875,0.025055331688477858,0.007624499437504278,0.016716595176009603,0.14541682477842804,0.8061109002954295,0.26988875880672064,0.8939023017883301,0.28367671370506287,0.8494269251823425,0.3329522907733917,0.6805593967437744,0.9168025851249695,0.018084289474245962,0.013191919258055303,0.061014263074484945,0.030303030303030304
BRAINTUMOR,ViT,1,MC_DROPOUT,True,0.903258569208937,0.9031634654295094,0.9837760388531825,0.027850110723729338,0.013542027272097235,0.022028097717869087,0.1481916988262858,0.8024110682316192,0.27568831008439887,0.8774368762969971,0.3257616460323334,0.8362272381782532,0.3198319971561432,0.6578188538551331,0.9012026786804199,0.018487175594779116,0.013521596596310161,0.06259904912836767,0.03208556149732621
BRAINTUMOR,ViT,1,TEMP_SCALE,True,0.9039292039100643,0.9038239201364666,0.9840862637468846,0.023670286471216655,0.005729844579624156,0.015588304096079784,0.1452922914566184,0.8062769447245091,0.2696351985053058,0.8973760008811951,0.2737915515899658,0.8520622849464417,0.2643650889396667,0.6859971284866333,0.9200655221939087,0.01807608902980814,0.01318371881361748,0.061014263074484945,0.031194295900178252
BRAINTUMOR,ViT,1,VEC_SCALE,True,0.9061822787747309,0.9059867434656308,0.9841781500066027,0.013933549898906276,0.0,0.01579186454974474,0.1441209191918879,0.8078387744108164,0.2693472358213603,0.899236024878191,0.27089216881615075,0.8537425970008081,0.1392414804851564,0.6917464314611536,0.9209652500155655,0.017552955355552364,0.012876837924486854,0.060221870047543584,0.030303030303030304
BRAINTUMOR,ViT,1,ISOTONIC,True,0.9061863356877821,0.9058685013437237,0.983552449064834,0.015241510831536504,0.00222190692642684,0.015061562815488597,0.14558752686617377,0.8058832975117686,0.28638294478651144,0.9087565541267395,0.2504127025604248,0.8584003448486328,0.31416502594947815,0.7195289731025696,0.9285733103752136,0.01783891280883897,0.01316279537777346,0.060618066561014254,0.03386809269162208
BRAINTUMOR,ViT,1,DIRICHLET,True,0.9068648167262391,0.9065784872235885,0.9838420916091474,0.013774590371594824,0.001697338704027275,0.015870940140352254,0.14457309430065804,0.8072358742657896,0.27211275398611284,0.901224672794342,0.2667738199234009,0.8547486066818237,0.12382012605667114,0.6971679329872131,0.9224170446395874,0.018039150845009407,0.013433994631606955,0.060221870047543584,0.030303030303030304
BRAINTUMOR,ViT,1,APEX,True,0.935903196139155,0.9359480325486049,0.9937410631411165,0.03578888252190778,0.02322145244517279,0.019913996354578252,0.08792768697621316,0.882763084031716,0.17098281394520065,0.9167895835462846,0.22408006491251897,0.8947818834961796,0.38946072244102004,0.6233127971600385,0.9371450618703308,0.006071015160409967,0.0038974175633496844,0.018225039619651346,0.006238859180035651
BRAINTUMOR,ViT,1,ABL_no_gate,True,0.935903196139155,0.9359480325486049,0.9937410631411165,0.03578888252190778,0.02322145244517279,0.019913996354578252,0.08792768697621316,0.882763084031716,0.17098281394520065,0.9167895835462846,0.22408006491251897,0.8947818834961796,0.38946072244102004,0.6233127971600385,0.9371450618703308,0.006071015160409967,0.0038974175633496844,0.018225039619651346,0.006238859180035651
BRAINTUMOR,ViT,1,ABL_no_rbf,True,0.9365894831667341,0.9367752861868617,0.9935958953355541,0.039441492222039444,0.02656765813359046,0.02156210730198407,0.08837493318639535,0.8821667557514731,0.17225582102653816,0.9174298816846144,0.22203564889389893,0.8950034415987272,0.38393592262024506,0.6278511815453023,0.9372791452128231,0.006206056701594604,0.004080239146089071,0.018225039619651346,0.006238859180035651
BRAINTUMOR,ViT,1,ABL_no_poly,True,0.9401289837687622,0.9398255938598749,0.9943076455121802,0.03196614311246122,0.01923900306676802,0.02055203418204067,0.08796205294606939,0.8827172627385743,0.16946835598785293,0.9137814177966032,0.2229899063540278,0.8934818920179306,0.10057263858314613,0.6219531616036272,0.9326019047286235,0.005584076607347233,0.0036890248046986167,0.01901743264659271,0.0053475935828877
BRAINTUMOR,ViT,1,ABL_no_knn,True,0.933113782870227,0.9332985816770274,0.9919343612882568,0.022132509573710185,0.009481767872685152,0.01411027018062816,0.09750600820224911,0.869991989063668,0.18577234992980754,0.9238140620503748,0.21670802460164362,0.8940232488272938,0.22207946957191743,0.6808540131491067,0.9414602429721028,0.008154653417373895,0.0057844988974980905,0.02377179080824089,0.011586452762923352
BRAINTUMOR,ViT,1,ABL_focal,True,0.9394225459203135,0.9393690900956548,0.9941687187769184,0.03580653122340191,0.022829962039585792,0.022681765788968446,0.08728779714784661,0.8836162704695381,0.17071961392044038,0.913566717225192,0.2301714685177706,0.8929574825951409,0.35831177749646925,0.6217937017052655,0.9326194729842759,0.0057289282612373975,0.0037888065280579095,0.01664025356576862,0.006238859180035651
BRAINTUMOR,ViT,1,TAU_0.60,True,0.935903196139155,0.9359480325486049,0.9937410631411165,0.03578888252190778,0.02322145244517279,0.019913996354578252,0.08792768697621316,0.882763084031716,0.17098281394520065,0.9167895835462846,0.22408006491251897,0.8947818834961796,0.38946072244102004,0.6233127971600385,0.9371450618703308,0.006071015160409967,0.0038974175633496844,0.018225039619651346,0.006238859180035651
BRAINTUMOR,ViT,1,TAU_0.70,True,0.935903196139155,0.9359480325486049,0.9937410631411165,0.03578888252190778,0.02322145244517279,0.019913996354578252,0.08792768697621316,0.882763084031716,0.17098281394520065,0.9167895835462846,0.22408006491251897,0.8947818834961796,0.38946072244102004,0.6233127971600385,0.9371450618703308,0.006071015160409967,0.0038974175633496844,0.018225039619651346,0.006238859180035651
BRAINTUMOR,ViT,1,TAU_0.80,True,0.935903196139155,0.9359480325486049,0.9937410631411165,0.03578888252190778,0.02322145244517279,0.019913996354578252,0.08792768697621316,0.882763084031716,0.17098281394520065,0.9167895835462846,0.22408006491251897,0.8947818834961796,0.38946072244102004,0.6233127971600385,0.9371450618703308,0.006071015160409967,0.0038974175633496844,0.018225039619651346,0.006238859180035651
BRAINTUMOR,ViT,1,TAU_0.85,True,0.935903196139155,0.9359480325486049,0.9937410631411165,0.03578888252190778,0.02322145244517279,0.019913996354578252,0.08792768697621316,0.882763084031716,0.17098281394520065,0.9167895835462846,0.22408006491251897,0.8947818834961796,0.38946072244102004,0.6233127971600385,0.9371450618703308,0.006071015160409967,0.0038974175633496844,0.018225039619651346,0.006238859180035651
BRAINTUMOR,ViT,1,TAU_0.90,True,0.935903196139155,0.9359480325486049,0.9937410631411165,0.03578888252190778,0.02322145244517279,0.019913996354578252,0.08792768697621316,0.882763084031716,0.17098281394520065,0.9167895835462846,0.22408006491251897,0.8947818834961796,0.38946072244102004,0.6233127971600385,0.9371450618703308,0.006071015160409967,0.0038974175633496844,0.018225039619651346,0.006238859180035651
BRAINTUMOR,ViT,1,TAU_0.95,True,0.935903196139155,0.9359480325486049,0.9937410631411165,0.03578888252190778,0.02322145244517279,0.019913996354578252,0.08792768697621316,0.882763084031716,0.17098281394520065,0.9167895835462846,0.22408006491251897,0.8947818834961796,0.38946072244102004,0.6233127971600385,0.9371450618703308,0.006071015160409967,0.0038974175633496844,0.018225039619651346,0.006238859180035651
BRAINTUMOR,ViT,1,FAIR_rbf_svm,True,0.926012393305687,0.925843507114338,0.9918061753488633,0.028513788275798785,0.016428276372928728,0.015590629216216035,0.10436492952580392,0.8608467606322616,0.19226368286479,0.9261601437905167,0.21478872064740392,0.8912203661822504,0.6096693610633809,0.6984915556737721,0.9445770942930267,0.008057282636589941,0.005157532643440377,0.026148969889064975,0.008912655971479501
BRAINTUMOR,ViT,1,FAIR_poly_svm,True,0.9338240101429541,0.9339772915694161,0.9917598692023631,0.02180948379395757,0.008974645507083101,0.01387662680980797,0.09804641994214107,0.8692714400771454,0.1872628335690128,0.9243845309211314,0.21395152122316385,0.8942953919406326,0.2756616722443906,0.6856698023108877,0.94152676506121,0.00839350050124954,0.006073301555606655,0.02456418383518225,0.011586452762923352
BRAINTUMOR,ViT,1,FAIR_knn,True,0.9309201839092571,0.9306045708916585,0.9891591970192455,0.03553251288387214,0.020969809264325144,0.0231508213832122,0.10005270557030141,0.8665963925729316,0.5251783594924979,0.9215638158054111,0.16524349997801838,0.896419889836982,0.21488597294192358,0.6428008011395526,0.942497743343537,0.011080831422284138,0.008557538977537155,0.024564183835182173,0.005347593582887612
BRAINTUMOR,ViT,1,FAIR_equal_blend,True,0.933102187456826,0.932903158473044,0.9939392380160694,0.03404101622692984,0.021965616100389683,0.020095959214239366,0.0878302976820617,0.8828929364239179,0.16939499597152047,0.9157030776768207,0.22771537630840274,0.8939785493199558,0.39419445501386613,0.6153892312620973,0.9375148631580124,0.005899603763702093,0.0035294492438262873,0.017432646592709985,0.0053475935828877
BRAINTUMOR,ViT,1,ABL_no_descriptors,True,0.9364947390932609,0.9366727533202186,0.9926972629531482,0.025725290385785186,0.014611128137009703,0.017368003300182604,0.09187324930664426,0.8775023342578079,0.18162829169259412,0.9181552407168772,0.2271560894693377,0.8930109842259192,0.2261772663837695,0.6477181244617582,0.9366924383276621,0.007334811416465069,0.005208993860959537,0.022187004754358162,0.0071301247771836
BRAINTUMOR,ViT,2,BASE,True,0.8857396535101292,0.8862267935399165,0.9805107577306613,0.0169146189244407,0.003309932157809067,0.030229176614278867,0.16637390706209665,0.7781681239172048,0.3087661585881421,0.8806829452514648,0.31793326139450073,0.8290953040122986,0.3003090534891401,0.688869833946228,0.9057222008705139,0.026900492905216206,0.01992055145960983,0.0705229793977813,0.04634581105169341
BRAINTUMOR,ViT,2,MC_DROPOUT,True,0.8906137171582513,0.891197612391427,0.9806424606886657,0.026020826905944573,0.010783678854997468,0.03141212483218467,0.16716240151547113,0.7771167979793722,0.3112316053652298,0.8644862771034241,0.3576449453830719,0.8172662854194641,0.10457806614623677,0.6742236018180847,0.888116717338562,0.026685519046005912,0.02030547490410481,0.07290015847860538,0.045454545454545456
BRAINTUMOR,ViT,2,TEMP_SCALE,True,0.8857396535101292,0.8862267935399165,0.9805281070716776,0.02197902190285926,0.008505234918674899,0.029245419959172254,0.16637249328890133,0.7781700089481318,0.31236736074284605,0.901538610458374,0.2591909170150757,0.8446490168571472,0.6157998442649841,0.7177744507789612,0.9255271553993225,0.026886750852918993,0.01990680940731262,0.07131537242472266,0.049019607843137254
BRAINTUMOR,ViT,2,VEC_SCALE,True,0.890064453543457,0.8894937539320757,0.9808091980963687,0.020687218006654684,0.006845447384039157,0.018713197212827888,0.1569179516765803,0.7907760644312265,0.2951175801868153,0.9065628668985489,0.247925013885513,0.8530001136021714,0.1749381169016475,0.709747186410074,0.9311845558770592,0.02349710336370078,0.017033076639793105,0.06973058637083994,0.0392156862745098
BRAINTUMOR,ViT,2,ISOTONIC,True,0.8907608900500711,0.8908407268230027,0.9795072932156851,0.02646857546808373,0.008689829419822053,0.018469234635583472,0.15831762724450782,0.7889098303406565,0.33089574592666543,0.9117210507392883,0.22848568856716156,0.8569499254226685,0.3617464005947113,0.7198487520217896,0.9355513453483582,0.024748061772834083,0.01836801763093298,0.07083993660855788,0.039215686274509776
BRAINTUMOR,ViT,2,DIRICHLET,True,0.8929014063132336,0.8925572244691092,0.9814046811894752,0.020567581514248402,0.006430115958755574,0.019030890306592302,0.15625999692535442,0.791653337432861,0.2927999142207894,0.9066177010536194,0.24836008250713348,0.8531105518341064,0.2597805360953013,0.715874969959259,0.9297934770584106,0.02269154564493105,0.01656002435441055,0.06973058637083994,0.0374331550802139
BRAINTUMOR,ViT,2,APEX,True,0.9400029310591093,0.9399644206446484,0.9934554806245995,0.02985834559229958,0.01704648297605768,0.018247575408314187,0.09196856032145248,0.8773752529047302,0.1728078199554004,0.9131270352877994,0.23985503933900668,0.8892065805059641,0.38252428479785805,0.6552651563031008,0.9297569743725486,0.007452796256002091,0.005557744453353475,0.02377179080824089,0.0106951871657754
BRAINTUMOR,ViT,2,ABL_no_gate,True,0.9400029310591093,0.9399644206446484,0.9934554806245995,0.02985834559229958,0.01704648297605768,0.018247575408314187,0.09196856032145248,0.8773752529047302,0.1728078199554004,0.9131270352877994,0.23985503933900668,0.8892065805059641,0.38252428479785805,0.6552651563031008,0.9297569743725486,0.007452796256002091,0.005557744453353475,0.02377179080824089,0.0106951871657754
BRAINTUMOR,ViT,2,ABL_no_rbf,True,0.9336566425437031,0.933745563136604,0.9929515053100018,0.029616008285473817,0.01579714765038414,0.017281873417872032,0.0969824785146681,0.8706900286471093,0.1813772613694202,0.9107235461145728,0.24486501322444107,0.8853072403229918,0.650854059631278,0.6479839947494093,0.9295910158077167,0.00788899605911613,0.005568797113473244,0.026148969889064975,0.008021390374331552
BRAINTUMOR,ViT,2,ABL_no_poly,True,0.9414034912831989,0.9414908517295729,0.9932890498062092,0.027008946525263196,0.01415856023421488,0.018417577911491734,0.09161141841276813,0.8778514421163093,0.17196001610306108,0.9145047826512847,0.23470813115203387,0.8902621001849914,0.3928975720489796,0.665977979738992,0.9301318467737998,0.007713838823560489,0.005907304928447904,0.025356576862123614,0.0106951871657754
BRAINTUMOR,ViT,2,ABL_no_knn,True,0.9323277469628077,0.9322166445432511,0.991091657769346,0.02354772831703685,0.011602154793265916,0.016326014148537956,0.10092719294327838,0.8654304094089623,0.18910408743711263,0.9198400829700414,0.235642494726136,0.8884227458517661,0.1339309077114339,0.6952829342710306,0.9363339515814454,0.010135376868975728,0.0077147218525620235,0.030110935023771792,0.0213903743315508
BRAINTUMOR,ViT,2,ABL_focal,True,0.9413318266400045,0.9414660850543408,0.9935997131381158,0.03566105812454596,0.022762509858105108,0.021703386881766026,0.09324570466612858,0.8756723937784954,0.17949485043829513,0.9062682231128176,0.26387709068434967,0.88269966517607,0.38169539400532987,0.6563846612133567,0.9219805985958899,0.007402679327796635,0.00559614543268405,0.0277337559429477,0.008912655971479501
BRAINTUMOR,ViT,2,TAU_0.60,True,0.9400029310591093,0.9399644206446484,0.9934554806245995,0.02985834559229958,0.01704648297605768,0.018247575408314187,0.09196856032145248,0.8773752529047302,0.1728078199554004,0.9131270352877994,0.23985503933900668,0.8892065805059641,0.38252428479785805,0.6552651563031008,0.9297569743725486,0.007452796256002091,0.005557744453353475,0.02377179080824089,0.0106951871657754
BRAINTUMOR,ViT,2,TAU_0.70,True,0.9400029310591093,0.9399644206446484,0.9934554806245995,0.02985834559229958,0.01704648297605768,0.018247575408314187,0.09196856032145248,0.8773752529047302,0.1728078199554004,0.9131270352877994,0.23985503933900668,0.8892065805059641,0.38252428479785805,0.6552651563031008,0.9297569743725486,0.007452796256002091,0.005557744453353475,0.02377179080824089,0.0106951871657754
BRAINTUMOR,ViT,2,TAU_0.80,True,0.9400029310591093,0.9399644206446484,0.9934554806245995,0.02985834559229958,0.01704648297605768,0.018247575408314187,0.09196856032145248,0.8773752529047302,0.1728078199554004,0.9131270352877994,0.23985503933900668,0.8892065805059641,0.38252428479785805,0.6552651563031008,0.9297569743725486,0.007452796256002091,0.005557744453353475,0.02377179080824089,0.0106951871657754
BRAINTUMOR,ViT,2,TAU_0.85,True,0.9400029310591093,0.9399644206446484,0.9934554806245995,0.02985834559229958,0.01704648297605768,0.018247575408314187,0.09196856032145248,0.8773752529047302,0.1728078199554004,0.9131270352877994,0.23985503933900668,0.8892065805059641,0.38252428479785805,0.6552651563031008,0.9297569743725486,0.007452796256002091,0.005557744453353475,0.02377179080824089,0.0106951871657754
BRAINTUMOR,ViT,2,TAU_0.90,True,0.9400029310591093,0.9399644206446484,0.9934554806245995,0.02985834559229958,0.01704648297605768,0.018247575408314187,0.09196856032145248,0.8773752529047302,0.1728078199554004,0.9131270352877994,0.23985503933900668,0.8892065805059641,0.38252428479785805,0.6552651563031008,0.9297569743725486,0.007452796256002091,0.005557744453353475,0.02377179080824089,0.0106951871657754
BRAINTUMOR,ViT,2,TAU_0.95,True,0.9400029310591093,0.9399644206446484,0.9934554806245995,0.02985834559229958,0.01704648297605768,0.018247575408314187,0.09196856032145248,0.8773752529047302,0.1728078199554004,0.9131270352877994,0.23985503933900668,0.8892065805059641,0.38252428479785805,0.6552651563031008,0.9297569743725486,0.007452796256002091,0.005557744453353475,0.02377179080824089,0.0106951871657754
BRAINTUMOR,ViT,2,FAIR_rbf_svm,True,0.9342972847779338,0.9344229894501634,0.9899088275333718,0.016898810684415344,0.004657960341784519,0.012986412588993778,0.1020469180085037,0.8639374426553286,0.1935589034328598,0.9241894058421727,0.22073652152823411,0.8912658673658508,0.1882838401483667,0.7150120545322949,0.9390394010114999,0.011681092414031535,0.009410304536605596,0.03248811410459588,0.0213903743315508
BRAINTUMOR,ViT,2,FAIR_poly_svm,True,0.9237613423556391,0.9240464105126913,0.9902991166218804,0.014760693827763198,0.003019320790724529,0.01461369672144925,0.10985213401886501,0.8535304879748469,0.2008140903528894,0.9206544445343957,0.22793022894541162,0.8854786229236948,0.1515945049995464,0.6900286883566854,0.9398880983314558,0.011056804502247154,0.00798748718445166,0.039619651347068144,0.01693404634581105
BRAINTUMOR,ViT,2,FAIR_knn,True,0.9335291836281254,0.9334250536589105,0.9867461002434481,0.04495942722785903,0.03013877425536346,0.028161430228460797,0.1092821422866664,0.8542904769511117,0.6777360641853051,0.9154662230801798,0.17577302579705023,0.8877715528879834,0.3937584056574932,0.6615429739645716,0.9337005893268315,0.011543765057211787,0.009223566111568902,0.030110935023771705,0.008912655971479404
BRAINTUMOR,ViT,2,FAIR_equal_blend,True,0.9385665385134223,0.9386188158917297,0.9935502270186131,0.03088649909686767,0.01854117852193943,0.018496391444432495,0.09225917054491271,0.8769877726067832,0.17381352659642552,0.911290955932674,0.2412090817124734,0.8881720143925107,0.38425230299513424,0.6421348793681092,0.929084708714678,0.007278097178178178,0.005292364316005471,0.022979397781299524,0.008912655971479501
BRAINTUMOR,ViT,2,ABL_no_descriptors,True,0.9330280270748526,0.9328086938733038,0.9922150246789474,0.024651155550899365,0.012167959784609456,0.017869356067998617,0.09984696991724723,0.8668707067770038,0.1869269655349344,0.9127986638469213,0.24334730443288885,0.884806605034294,0.3772073301808837,0.6640581688534178,0.9308646783915565,0.00903479551635608,0.0066646409964802745,0.029318541996830427,0.015151515151515152
BRAINTUMOR,ViT,3,BASE,True,0.8942781609811062,0.8931755653833624,0.9836587054670771,0.02293486448160172,0.0062541200028715955,0.02838498930201525,0.15788460635805374,0.7894871915225953,0.2858925842241921,0.8737506866455078,0.3238442838191986,0.8305965065956116,0.12782169580459596,0.661340057849884,0.8991788625717163,0.021205898289983087,0.015237209385004388,0.07290015847860538,0.04634581105169341
BRAINTUMOR,ViT,3,MC_DROPOUT,True,0.8950101818347735,0.8936156281184866,0.9833293037573971,0.0347992398232455,0.019946693176987555,0.033060115739485446,0.16107102619305586,0.7852386317425925,0.29356016699945287,0.8593668341636658,0.35874098539352417,0.8191778659820557,0.162915031115214,0.6435046195983887,0.8850154280662537,0.021413705946906787,0.015525579745305308,0.07210776545166403,0.045454545454545456
BRAINTUMOR,ViT,3,TEMP_SCALE,True,0.8942781609811062,0.8931755653833624,0.9836312638344928,0.02047093712850202,0.005494820180730875,0.025587004199546057,0.15690003187176688,0.7907999575043111,0.28369664356450597,0.8859609961509705,0.29080796241760254,0.8397703170776367,0.09992722670237225,0.6795673370361328,0.9106689095497131,0.021099443885832216,0.015130754980853516,0.07131537242472266,0.04634581105169341
BRAINTUMOR,ViT,3,VEC_SCALE,True,0.9090992275097008,0.9085268257466949,0.9846164404453586,0.015298992446942886,0.0016448949584730943,0.017102320706314515,0.1408278963325041,0.8122294715566615,0.2629598839501383,0.8968119623774173,0.2728845476104612,0.8539613160226964,0.08460738349422692,0.6916632890313144,0.9175844732578312,0.017145953444157917,0.012750317933507602,0.059429477020602216,0.03208556149732621
BRAINTUMOR,ViT,3,ISOTONIC,True,0.9033938292030694,0.903311799243336,0.9831317542668707,0.020651416190589918,0.007205012270378884,0.018495085630276076,0.14872720336080375,0.8016970621855952,0.29048094787544815,0.899377703666687,0.25023072957992554,0.8551093935966492,0.6461540162563324,0.6931517124176025,0.9216945171356201,0.01992548514022255,0.014959906141753593,0.06339144215530904,0.040106951871657755
BRAINTUMOR,ViT,3,DIRICHLET,True,0.9062702099253299,0.9053625491591795,0.985387002734861,0.01892515488037961,0.005509935298619364,0.015872120388299934,0.13972394231274315,0.813701410249676,0.2565901281919546,0.9019094109535217,0.26383110880851746,0.8569861650466919,0.27494851748148597,0.7028205394744873,0.9227588772773743,0.016388951047416046,0.011712833616350535,0.056259904912836764,0.031194295900178252
BRAINTUMOR,ViT,3,APEX,True,0.9484738654668665,0.9484605652696558,0.9932352335180099,0.031101545312705092,0.01600719050078731,0.01854582778346629,0.08826800503693491,0.8823093266174202,0.17313789569294535,0.9188733606277899,0.22045081401744857,0.8955422480404811,0.2497020294018812,0.6771874625616852,0.9321388272133733,0.006943622417144101,0.005547345146415373,0.02456418383518225,0.0106951871657754
BRAINTUMOR,ViT,3,ABL_no_gate,True,0.949182080764317,0.9491392809923886,0.9932668144179913,0.03236879655043706,0.016689182774670054,0.018763570628923885,0.08833796348726482,0.8822160486836471,0.17323232530837523,0.9183204262238516,0.22218114717867948,0.8950738811445261,0.25012402211963686,0.678962956439585,0.9312683885262312,0.0068391716962574525,0.005480965917331557,0.02456418383518225,0.0106951871657754
BRAINTUMOR,ViT,3,ABL_no_rbf,True,0.9442005201514033,0.9441750914898861,0.9937401806660333,0.03096919570078829,0.018906408737863555,0.018489940555829063,0.09038168944153378,0.8794910807446218,0.17391795583510414,0.919087043054326,0.2198185132603121,0.8947481451624414,0.33880674104194786,0.661257344088931,0.9344711414064907,0.006327455589063483,0.004691481153161543,0.026148969889064975,0.008912655971479501
BRAINTUMOR,ViT,3,ABL_no_poly,True,0.949182080764317,0.9491392809923886,0.993214426641116,0.03181844071373209,0.01616291652443734,0.018360780650267153,0.08829209575864265,0.8822772056551433,0.17327688889570367,0.9188660289898987,0.22040823995615402,0.8955343145338085,0.24932148997610692,0.6799774810847559,0.9317886251200043,0.006950994378345242,0.005592788599419346,0.02456418383518225,0.0106951871657754
BRAINTUMOR,ViT,3,ABL_no_knn,True,0.945780241983479,0.9457324923346422,0.9930775576763604,0.01938521003897983,0.009116323271288923,0.013421150253481704,0.08823279558018918,0.8823562725597479,0.17033903821268245,0.9265965263132625,0.22155487036264393,0.8988512091100852,0.6972033733623026,0.7176150398753068,0.9387319519963112,0.0071898384848167575,0.005635912125893713,0.02456418383518225,0.011586452762923352
BRAINTUMOR,ViT,3,ABL_focal,True,0.9456806802040929,0.945510516321393,0.9931581684868412,0.03736739658292718,0.021818232929246666,0.021262954492948787,0.09079436217026243,0.8789408504396503,0.17876505930031064,0.9125055781600884,0.23863285192133735,0.8894287900838627,0.33358917822254364,0.6627023018471362,0.927011499936934,0.007026896048435218,0.005472969689512173,0.025356576862123614,0.0106951871657754
BRAINTUMOR,ViT,3,TAU_0.60,True,0.949182080764317,0.9491392809923886,0.9932554610353346,0.0321321054523646,0.016490841218847516,0.018870533058604824,0.08833482115439573,0.8822202384608059,0.1731614597881132,0.9185527981290165,0.22148391766554162,0.8952530910462703,0.2497020294018812,0.6795610353511383,0.9314809776331542,0.00685652037091986,0.005498314591993965,0.02456418383518225,0.0106951871657754
BRAINTUMOR,ViT,3,TAU_0.70,True,0.949182080764317,0.9491392809923886,0.9932291546761253,0.03198985379536033,0.01635265090500834,0.018811467224824,0.08829910228773383,0.882267863616355,0.17324109509129523,0.9186950497860207,0.22107449220268677,0.8953782056416517,0.2497020294018812,0.679750835037481,0.9316206571954082,0.00691333797767949,0.005555132198753594,0.02456418383518225,0.0106951871657754
BRAINTUMOR,ViT,3,TAU_0.80,True,0.949182080764317,0.9491392809923886,0.9932311837651033,0.031872943721136346,0.01623542411517046,0.018523349157912893,0.08827268526224923,0.8823030863170012,0.1731920735354815,0.9188147205942697,0.2206954828579005,0.8954861046277124,0.2497020294018812,0.6798874027827554,0.931739413969498,0.006919210094245681,0.0055610043153197855,0.02456418383518225,0.0106951871657754
BRAINTUMOR,ViT,3,TAU_0.85,True,0.9484738654668665,0.9484605652696558,0.9932352335180099,0.031101545312705092,0.01600719050078731,0.01854582778346629,0.08826800503693491,0.8823093266174202,0.17313789569294535,0.9188733606277899,0.22045081401744857,0.8955422480404811,0.2497020294018812,0.6771874625616852,0.9321388272133733,0.006943622417144101,0.005547345146415373,0.02456418383518225,0.0106951871657754
BRAINTUMOR,ViT,3,TAU_0.90,True,0.9484738654668665,0.9484605652696558,0.9932392604349478,0.0310725994843867,0.01597614908970375,0.018534552559579063,0.08826387610003858,0.8823148318666154,0.17309470475999095,0.9189023064561086,0.22025531142723778,0.8955804617584187,0.2497020294018812,0.6770961447803473,0.9321743739766579,0.0069337508283716645,0.005537473557642936,0.02456418383518225,0.0106951871657754
BRAINTUMOR,ViT,3,TAU_0.95,True,0.9484738654668665,0.9484605652696558,0.9932446541624688,0.031053867924348805,0.015951473125503657,0.01852602549956414,0.08827578892489271,0.8822989481001432,0.1730788837223599,0.9189210380161462,0.2200880512980406,0.8956001694498668,0.2497020294018812,0.6770868399530348,0.9321946443760013,0.006930946147044052,0.005534668876315324,0.02456418383518225,0.0106951871657754
BRAINTUMOR,ViT,3,FAIR_rbf_svm,True,0.9422788414232549,0.9421679023746974,0.9920260871658073,0.014334481895096136,0.004344606316667183,0.01249590966359196,0.09145431697829148,0.8780609106956115,0.17706541699132966,0.9291846306150039,0.21319276642741683,0.8991598343750934,0.670007799443897,0.7249170593208722,0.9418643738747455,0.008196673427535604,0.006433588328803696,0.028526148969889066,0.013368983957219251
BRAINTUMOR,ViT,3,FAIR_poly_svm,True,0.9420520687028352,0.9423546257042366,0.9926293765912022,0.016610894342531518,0.005983254783694429,0.013166597336652977,0.09110089501665569,0.8785321399777926,0.17615413912757696,0.928371946765781,0.20786854280523046,0.9002396513538365,0.17216702102524345,0.6969221618925281,0.9427390038131748,0.007803681798797103,0.006040596700065195,0.02456418383518225,0.011586452762923352
BRAINTUMOR,ViT,3,FAIR_knn,True,0.9229415385134223,0.9228483897820228,0.9826232325755083,0.05199258503426073,0.03686255836767148,0.030764375955353095,0.11740573109929535,0.8434590252009397,0.910141051594031,0.9254860740627844,0.15556791661451977,0.8904472472332776,0.23773549975576214,0.6919566755806398,0.9451574067015431,0.027452841643303666,0.02432590166485374,0.03486529318541999,0.019607843137254923
BRAINTUMOR,ViT,3,FAIR_equal_blend,True,0.9484300979598639,0.9485461703803475,0.9940352096363935,0.034594294666441545,0.02234185771810436,0.01926396269532478,0.08680070017914368,0.8842657330944752,0.1676108091836672,0.9200391245966848,0.22228711697524617,0.8966155776540702,0.6211203840767978,0.6730533948937031,0.9335954841969236,0.006024135850703855,0.004627858579975127,0.02377179080824089,0.008912655971479501
BRAINTUMOR,ViT,3,ABL_no_descriptors,True,0.9434843696685473,0.9434962490777448,0.9936266066809917,0.029075055687884762,0.015238511992011563,0.016310879241838643,0.08961772101726578,0.8805097053103125,0.17293527935891242,0.9196310623617013,0.22297893318749606,0.8950877812000498,0.37491628489160145,0.6559502819786842,0.9355754784090491,0.006337476408079851,0.0046596706311227976,0.022979397781299524,0.008912655971479501
BRAINTUMOR,ViT,4,BASE,True,0.8937762605042017,0.8939737031159489,0.9828017238902708,0.01640256835458622,0.0044627139361993065,0.022028605454583402,0.15727490840279032,0.7903001221296132,0.28675895873701207,0.8827444911003113,0.30058425664901733,0.8372145295143127,0.27539750933647156,0.665492832660675,0.9087731242179871,0.02090750880949801,0.014930139639377626,0.06582077716098335,0.04192685102586976
BRAINTUMOR,ViT,4,MC_DROPOUT,True,0.8931774414311178,0.8934601763691452,0.9825785237409774,0.03607088065946663,0.017771957024187695,0.024569722954911208,0.1596529018423466,0.7871294642102048,0.29230370182659776,0.8647474646568298,0.34425443410873413,0.8237910866737366,0.3708999454975128,0.639070451259613,0.8919873833656311,0.021167525135382746,0.01510890523694209,0.06582077716098335,0.04103479036574487
BRAINTUMOR,ViT,4,TEMP_SCALE,True,0.8937762605042017,0.8939737031159489,0.9827850901434705,0.01534706341387031,0.0032637957848107926,0.021614688756004155,0.15694769520558993,0.790736406392547,0.2865813984506654,0.8909715414047241,0.277955025434494,0.8433030843734741,0.34545278549194336,0.6780590415000916,0.916480302810669,0.02087554479653782,0.014898175626417438,0.06582077716098335,0.042818911685994644
BRAINTUMOR,ViT,4,VEC_SCALE,True,0.8918604373567609,0.8920701350008425,0.9827803265663833,0.01729111790282231,0.0048760933047607416,0.017957734740797874,0.15444042944730696,0.7940794274035909,0.28187097725092025,0.8938603303691036,0.27456278467579076,0.8462249444736658,0.35794592135685993,0.6753635320826313,0.920625750815725,0.0204183927212726,0.014195560438214802,0.063441712926249,0.04103479036574487
BRAINTUMOR,ViT,4,ISOTONIC,True,0.8874001305067483,0.8881955763634117,0.9819704992273106,0.014791358065673178,0.004853904482696848,0.015128194911391495,0.15364043681309844,0.7951460842492024,0.30848209742993055,0.9000844955444336,0.25480106472969055,0.8510991334915161,0.3750881552696228,0.6757384538650513,0.928782045841217,0.020583439256225213,0.013854249462193439,0.061855670103092786,0.041034790365744866
BRAINTUMOR,ViT,4,DIRICHLET,True,0.9039303221288516,0.9045159248988385,0.9834272754660766,0.017601357844688737,0.001963055810123339,0.013970616016878726,0.14936227814514266,0.8008502958064767,0.2745398724509235,0.8952984809875488,0.2722824513912201,0.84926438331604,0.7387231886386871,0.7017673254013062,0.9160885214805603,0.019986611524739992,0.015087139743363993,0.06661379857256146,0.03746654772524532
BRAINTUMOR,ViT,4,APEX,True,0.9244692195059842,0.9245755891331718,0.9930987705032012,0.028203670168655957,0.017899799888895264,0.0189257300925541,0.10062639359187937,0.8658314752108277,0.1818923175452346,0.9161194433590883,0.22560734181211048,0.8876680702869657,0.3945089556005984,0.6507147826315921,0.9380486315427505,0.007736469645641414,0.004719868866485422,0.029341792228390166,0.007136485280999108
BRAINTUMOR,ViT,4,ABL_no_gate,True,0.9244692195059842,0.9245755891331718,0.9930987705032012,0.02820367016865597,0.017899799888895278,0.0189257300925541,0.10062639359187937,0.8658314752108277,0.1818923175452346,0.9161194433590883,0.22560734181211048,0.8876680702869657,0.3945089556005984,0.6507147826315921,0.9380486315427505,0.007736469645641414,0.004719868866485422,0.029341792228390166,0.007136485280999108
BRAINTUMOR,ViT,4,ABL_no_rbf,True,0.9223445059842119,0.9223427482259761,0.9927402690094773,0.036001565466790626,0.020209672429459133,0.021969621422735206,0.10209706152677289,0.8638705846309697,0.1858468807124949,0.9183388623039118,0.21967819139900321,0.8883648342847018,0.3789894913546237,0.6552569426532546,0.9407374777540449,0.00817258601543322,0.004982865055229562,0.030927835051546393,0.007136485280999108
BRAINTUMOR,ViT,4,ABL_no_poly,True,0.9243478641456583,0.9245700614667984,0.9931031998470455,0.03160388864967509,0.018334729655588813,0.020770822977878946,0.10090698832491081,0.8654573489001192,0.18240616639620943,0.9131639156977195,0.22598396094066497,0.8861095013168474,0.39523219194359455,0.6398758277372967,0.9357444758612449,0.007770748681402024,0.004754147902246033,0.03013481363996828,0.006244424620874219
BRAINTUMOR,ViT,4,ABL_no_knn,True,0.9272603927934809,0.9273946335421818,0.9908655538988309,0.014427183112380499,0.0019329841651892906,0.01165760338117517,0.11152902101285149,0.8512946386495315,0.20295964596122465,0.927229435496856,0.21278118169556073,0.8883811212851052,0.3382397485511285,0.7328327038836544,0.9426434950474025,0.01032280597854998,0.007529323091061971,0.03885804916732752,0.01873327386262266
BRAINTUMOR,ViT,4,ABL_focal,True,0.925865800865801,0.9259311284322167,0.9932465501938408,0.031090255211184137,0.021187338725269008,0.02304390298952807,0.09883723526795246,0.8682170196427302,0.1834524233612613,0.9093714767281622,0.2437663750960113,0.8838095155175498,0.37887237396497914,0.6315001761501658,0.9318668403061805,0.00782542341380209,0.004921481452451981,0.028548770816812053,0.007136485280999108
BRAINTUMOR,ViT,4,TAU_0.60,True,0.9244692195059842,0.9245755891331718,0.9930987705032012,0.028203670168655957,0.017899799888895264,0.0189257300925541,0.10062639359187937,0.8658314752108277,0.1818923175452346,0.9161194433590883,0.22560734181211048,0.8876680702869657,0.3945089556005984,0.6507147826315921,0.9380486315427505,0.007736469645641414,0.004719868866485422,0.029341792228390166,0.007136485280999108
BRAINTUMOR,ViT,4,TAU_0.70,True,0.9244692195059842,0.9245755891331718,0.9930987705032012,0.028203670168655957,0.017899799888895264,0.0189257300925541,0.10062639359187937,0.8658314752108277,0.1818923175452346,0.9161194433590883,0.22560734181211048,0.8876680702869657,0.3945089556005984,0.6507147826315921,0.9380486315427505,0.007736469645641414,0.004719868866485422,0.029341792228390166,0.007136485280999108
BRAINTUMOR,ViT,4,TAU_0.80,True,0.9244692195059842,0.9245755891331718,0.9930987705032012,0.028203670168655957,0.017899799888895264,0.0189257300925541,0.10062639359187937,0.8658314752108277,0.1818923175452346,0.9161194433590883,0.22560734181211048,0.8876680702869657,0.3945089556005984,0.6507147826315921,0.9380486315427505,0.007736469645641414,0.004719868866485422,0.029341792228390166,0.007136485280999108
BRAINTUMOR,ViT,4,TAU_0.85,True,0.9244692195059842,0.9245755891331718,0.9930987705032012,0.028203670168655957,0.017899799888895264,0.0189257300925541,0.10062639359187937,0.8658314752108277,0.1818923175452346,0.9161194433590883,0.22560734181211048,0.8876680702869657,0.3945089556005984,0.6507147826315921,0.9380486315427505,0.007736469645641414,0.004719868866485422,0.029341792228390166,0.007136485280999108
BRAINTUMOR,ViT,4,TAU_0.90,True,0.9244692195059842,0.9245755891331718,0.9930987705032012,0.028203670168655957,0.017899799888895264,0.0189257300925541,0.10062639359187937,0.8658314752108277,0.1818923175452346,0.9161194433590883,0.22560734181211048,0.8876680702869657,0.3945089556005984,0.6507147826315921,0.9380486315427505,0.007736469645641414,0.004719868866485422,0.029341792228390166,0.007136485280999108
BRAINTUMOR,ViT,4,TAU_0.95,True,0.9244692195059842,0.9245755891331718,0.9930987705032012,0.028203670168655957,0.017899799888895264,0.0189257300925541,0.10062639359187937,0.8658314752108277,0.1818923175452346,0.9161194433590883,0.22560734181211048,0.8876680702869657,0.3945089556005984,0.6507147826315921,0.9380486315427505,0.007736469645641414,0.004719868866485422,0.029341792228390166,0.007136485280999108
BRAINTUMOR,ViT,4,FAIR_rbf_svm,True,0.9193921886936592,0.9196230221950814,0.9897485016705903,0.012139492488292648,0.0037742457674256637,0.015016244143961821,0.11719663215202746,0.843737823797297,0.21179035443353447,0.9277474678839481,0.20886868415005858,0.8862420225374601,0.4376618243568573,0.7246508712367403,0.9457234088915426,0.01186980722279982,0.008441528454425196,0.041237113402061855,0.021409455842997322
BRAINTUMOR,ViT,4,FAIR_poly_svm,True,0.9237589922332569,0.9240133307763401,0.9900119693093221,0.015023478813840214,0.004052671081865146,0.013120676471336218,0.11430045245963326,0.8475993967204892,0.21064829501048285,0.9306690770414037,0.2020549839908741,0.8895866708358683,0.6244541765968057,0.7380611388525481,0.9467445463801952,0.011283257388583212,0.008209501235302213,0.0380650277557494,0.021409455842997322
BRAINTUMOR,ViT,4,FAIR_knn,True,0.9291881525337408,0.9291120374237771,0.9853155179353513,0.0475333316879804,0.03308326854191003,0.03288200850561547,0.11485901066230707,0.8468546524502575,0.7521968118534406,0.9165883582747677,0.173133116745002,0.8859219249082398,0.27637319398750015,0.6732347250156481,0.9352791135174037,0.014624187478810327,0.011992276088060059,0.03092783505154642,0.010704727921498694
BRAINTUMOR,ViT,4,FAIR_equal_blend,True,0.9264924719887955,0.9266998102437803,0.9932142555987583,0.026659597362091784,0.0162504619541913,0.021040394067087433,0.10021644565294303,0.8663780724627428,0.18106726810684248,0.9149812090525846,0.22716686416423956,0.8872502060938569,0.18753997938571543,0.6510922933906553,0.9361248509854356,0.007583697450079562,0.004735259781732063,0.029341792228390166,0.006244424620874219
BRAINTUMOR,ViT,4,ABL_no_descriptors,True,0.9286808473389355,0.9288718908475331,0.9921308370162836,0.023177742445385334,0.008843744450945495,0.01647140630459836,0.10405308442436363,0.8612625541008487,0.18855062470926845,0.9211159141937089,0.22152146529249048,0.8886472850001921,0.18133146594328753,0.6906186469266988,0.9390100141122083,0.009049375532463898,0.006364155361722917,0.0317208564631245,0.013380909901873328
BRAINTUMOR,ViT,5,BASE,True,0.8885719060351414,0.8883400328258618,0.9800046681424933,0.014685894215158007,0.0017940852301178973,0.01846980504246863,0.15876274453273778,0.7883163406230166,0.3058293263935646,0.88519686460495,0.3043976426124573,0.8366234302520752,0.3685232400894165,0.6757878065109253,0.9117937684059143,0.024136546686758267,0.017493181691863438,0.06978588421887391,0.042818911685994644
BRAINTUMOR,ViT,5,MC_DROPOUT,True,0.8927835338680927,0.892530916363367,0.9796936117901203,0.028012637319986572,0.013042155915841297,0.021514571934872665,0.16089834109292347,0.785468878542769,0.3115460419803463,0.867715060710907,0.3471127152442932,0.8233745098114014,0.36701372265815735,0.6593384742736816,0.8930535912513733,0.024461040561341133,0.018320599777296612,0.07137192704203013,0.04014272970561998
BRAINTUMOR,ViT,5,TEMP_SCALE,True,0.8885719060351414,0.8883400328258618,0.9800542688523249,0.015874294619927534,0.004497708889411524,0.01766194757582293,0.15858852692480785,0.7885486307669232,0.30809041396000464,0.8984683156013489,0.2670007646083832,0.8465228080749512,0.37632569670677185,0.6951765418052673,0.924288272857666,0.024069412759598945,0.017426047764704116,0.06978588421887391,0.04192685102586976
BRAINTUMOR,ViT,5,VEC_SCALE,True,0.8933863318054495,0.8934526055162461,0.9803141681330512,0.01761854392033953,0.005024314500771907,0.016193257350603375,0.155726790670054,0.792364279106595,0.3023865968515769,0.89748789398476,0.2669195031303735,0.8473915533535045,0.36659876816763026,0.6966730439743278,0.9217269366319025,0.023347309248447183,0.017288689350006527,0.06819984139571768,0.0383586083853702
BRAINTUMOR,ViT,5,ISOTONIC,True,0.8927298192004075,0.8928479229227401,0.9799343490066655,0.01902238248758411,0.006207052185630636,0.01687768484874643,0.1606586166562425,0.7857885111250102,0.3742156185877425,0.9082236886024475,0.24569334089756012,0.8509553670883179,0.1236697327006947,0.7296459674835205,0.9299386739730835,0.02501380547581729,0.018873364691772768,0.07265296162996406,0.04014272970561998
BRAINTUMOR,ViT,5,DIRICHLET,True,0.8897973962312198,0.8900561737230736,0.9798916909808394,0.022335932381483025,0.008622507087390865,0.017943977033006986,0.15736601462464306,0.7901786471671428,0.30667051699212183,0.8994288444519043,0.2679116129875183,0.8472273349761963,0.2900110696043287,0.6974340081214905,0.9247187972068787,0.024386301171458867,0.01791286613868015,0.06819984139571768,0.04014272970561998
BRAINTUMOR,ViT,5,APEX,True,0.9438104787369495,0.9432602710037996,0.993065368984699,0.03216248740513,0.017825687368357546,0.020623206791714994,0.08926731528337267,0.8809769129555033,0.17751281218810694,0.9135961377660214,0.23241813524261304,0.8913302241282426,0.1876430457339297,0.6588855841502397,0.9290097870014696,0.006783853648539568,0.00510363017771075,0.02458366375892149,0.010704727921498661
BRAINTUMOR,ViT,5,ABL_no_gate,True,0.9438104787369495,0.9432602710037996,0.993065368984699,0.03216248740513001,0.01782568736835755,0.020623206791714994,0.08926731528337267,0.8809769129555033,0.17751281218810694,0.9135961377660214,0.23241813524261304,0.8913302241282426,0.18764304573392965,0.6588855841502398,0.9290097870014696,0.006783853648539568,0.00510363017771075,0.02458366375892149,0.010704727921498661
BRAINTUMOR,ViT,5,ABL_no_rbf,True,0.9423223834988541,0.9417706932829519,0.9929814857131528,0.029519151739068505,0.014135439632146692,0.019510949734787224,0.08993009035618676,0.8800932128584178,0.17872402588223482,0.9149242958898044,0.22576183148326187,0.89232540645682,0.6809748833143994,0.6553183775113675,0.9310513302133134,0.006758927395873641,0.004993301069393361,0.023790642347343377,0.008920606601248885
BRAINTUMOR,ViT,5,ABL_no_poly,True,0.9466215463458111,0.9461947214403039,0.9923117736040483,0.03455117253845243,0.02061285255977017,0.020287016649481945,0.09122292900314116,0.878369427995812,0.1830970629178539,0.912861652158031,0.23039403397677566,0.8900398501541302,0.6241221363433653,0.6810971969775464,0.926145286089944,0.00795604662497793,0.006440157690098549,0.026169706582077717,0.013380909901873328
BRAINTUMOR,ViT,5,ABL_no_knn,True,0.9352738254392666,0.9350208464180706,0.9908472961884198,0.017462774774715795,0.006165937669249957,0.01646289736439396,0.09912078810837056,0.8678389491888394,0.1940336015808906,0.9226057573392925,0.22751925838251058,0.8912996751095181,0.3669336517104307,0.7043683745942447,0.9379323521580286,0.008976231213850432,0.006751103636702159,0.03013481363996828,0.015165031222123104
BRAINTUMOR,ViT,5,ABL_focal,True,0.9451772186147186,0.9447014329066625,0.993003830919829,0.034739348282771206,0.02037317052534656,0.02203638243192668,0.0889123243255497,0.8814502342326006,0.1799254006192293,0.9108328548399834,0.2410056553165969,0.8893217496626303,0.169222877810205,0.654720395521699,0.9259210510838097,0.006815877932973941,0.005218899172665482,0.022997620935765267,0.008920606601248885
BRAINTUMOR,ViT,5,TAU_0.60,True,0.9438104787369495,0.9432602710037996,0.993065368984699,0.03216248740513,0.017825687368357546,0.020623206791714994,0.08926731528337267,0.8809769129555033,0.17751281218810694,0.9135961377660214,0.23241813524261304,0.8913302241282426,0.1876430457339297,0.6588855841502397,0.9290097870014696,0.006783853648539568,0.00510363017771075,0.02458366375892149,0.010704727921498661
BRAINTUMOR,ViT,5,TAU_0.70,True,0.9438104787369495,0.9432602710037996,0.993065368984699,0.03216248740513,0.017825687368357546,0.020623206791714994,0.08926731528337267,0.8809769129555033,0.17751281218810694,0.9135961377660214,0.23241813524261304,0.8913302241282426,0.1876430457339297,0.6588855841502397,0.9290097870014696,0.006783853648539568,0.00510363017771075,0.02458366375892149,0.010704727921498661
BRAINTUMOR,ViT,5,TAU_0.80,True,0.9438104787369495,0.9432602710037996,0.993065368984699,0.03216248740513,0.017825687368357546,0.020623206791714994,0.08926731528337267,0.8809769129555033,0.17751281218810694,0.9135961377660214,0.23241813524261304,0.8913302241282426,0.1876430457339297,0.6588855841502397,0.9290097870014696,0.006783853648539568,0.00510363017771075,0.02458366375892149,0.010704727921498661
BRAINTUMOR,ViT,5,TAU_0.85,True,0.9438104787369495,0.9432602710037996,0.993065368984699,0.03216248740513,0.017825687368357546,0.020623206791714994,0.08926731528337267,0.8809769129555033,0.17751281218810694,0.9135961377660214,0.23241813524261304,0.8913302241282426,0.1876430457339297,0.6588855841502397,0.9290097870014696,0.006783853648539568,0.00510363017771075,0.02458366375892149,0.010704727921498661
BRAINTUMOR,ViT,5,TAU_0.90,True,0.9438104787369495,0.9432602710037996,0.993065368984699,0.03216248740513,0.017825687368357546,0.020623206791714994,0.08926731528337267,0.8809769129555033,0.17751281218810694,0.9135961377660214,0.23241813524261304,0.8913302241282426,0.1876430457339297,0.6588855841502397,0.9290097870014696,0.006783853648539568,0.00510363017771075,0.02458366375892149,0.010704727921498661
BRAINTUMOR,ViT,5,TAU_0.95,True,0.9438104787369495,0.9432602710037996,0.993065368984699,0.03216248740513,0.017825687368357546,0.020623206791714994,0.08926731528337267,0.8809769129555033,0.17751281218810694,0.9135961377660214,0.23241813524261304,0.8913302241282426,0.1876430457339297,0.6588855841502397,0.9290097870014696,0.006783853648539568,0.00510363017771075,0.02458366375892149,0.010704727921498661
BRAINTUMOR,ViT,5,FAIR_rbf_svm,True,0.9303917589763179,0.9300215153183355,0.9889640422590258,0.017193358376227603,0.00460409882019434,0.012618222099053068,0.10599457422157772,0.8586739010378965,0.2080241257899694,0.9241552641944386,0.22306645717780477,0.8887143740344031,0.1783086763635024,0.7208097828868323,0.9396051511088307,0.011694610015067095,0.00911545958037377,0.0317208564631245,0.02230151650312221
BRAINTUMOR,ViT,5,FAIR_poly_svm,True,0.9323951171377641,0.9321063895125704,0.9905890046368152,0.013940234860258704,0.0039126302869907734,0.013954803227047119,0.10116167822681935,0.865117762364241,0.19742317826062067,0.9261615614763116,0.21593097067828518,0.892998297611833,0.14408025875734742,0.7093185859684216,0.9421010144998624,0.009572221582507862,0.007148071273488014,0.030927835051546393,0.013380909901873328
BRAINTUMOR,ViT,5,FAIR_knn,True,0.9353156035141329,0.9347242257720735,0.9872408075187196,0.0423458245012772,0.02927608542894123,0.02537757226720336,0.10693236969415934,0.8574235070744545,0.6263183650869222,0.920218935724473,0.16903610264476224,0.8914944442612939,0.36353354395884896,0.681492347793817,0.9369844670905954,0.012570904450937816,0.010345776873789543,0.03568596352101522,0.008920606601249057
BRAINTUMOR,ViT,5,FAIR_equal_blend,True,0.9451911446396741,0.9447079766342887,0.9928802577994131,0.02975991896882906,0.016549016176687997,0.01855604663191929,0.08987223484241695,0.8801703535434442,0.17782679458816375,0.914640064750307,0.23582965084613242,0.8910690386358442,0.4062806411161135,0.6793787264618387,0.9284998716887515,0.006946952400073229,0.00534997363976477,0.025376685170499604,0.010704727921498661
BRAINTUMOR,ViT,5,ABL_no_descriptors,True,0.940279236694678,0.9397262738502449,0.991915641295231,0.02549439464130378,0.01089410727163168,0.017173701039258738,0.09404295986962216,0.8746093868405039,0.18594456076683463,0.9179181273745881,0.23260434865744,0.89078434773488,0.6925160192498736,0.6868636313473757,0.9328305284089945,0.008226070734509556,0.006328286446771693,0.02696272799365583,0.01159678858162355
CHEST-XRAY,ConvNeXt,1,BASE,True,0.93851062714574,0.9327650044016365,0.9854941426212753,0.02534598000207744,0.010418287096776894,0.03598792970329711,0.09107339750531801,0.8178532049893643,0.1590311702836318,0.9257499575614929,0.1925859898328781,0.8979272246360779,0.35305478175481164,0.7137527465820312,0.9405074119567871,0.009244711176739466,0.00703871188442137,0.027816411682892908,0.014084507042253521
CHEST-XRAY,ConvNeXt,1,MC_DROPOUT,True,0.9395458238331106,0.934027344919981,0.9857693214875384,0.02943188131079358,0.012062031619759031,0.03465340434234399,0.09142187475888959,0.8171562504822212,0.1597310886707839,0.9213274121284485,0.20276670157909393,0.8944947123527527,0.19882112741470337,0.7101892232894897,0.9357231855392456,0.008996902935563553,0.006875074128382397,0.027816411682892908,0.014084507042253521
CHEST-XRAY,ConvNeXt,1,TEMP_SCALE,True,0.93851062714574,0.9327650044016365,0.9854941426212752,0.019377270389408865,0.006855158724614521,0.028754351046332668,0.09033352633275014,0.8193329473345001,0.15618541814717057,0.9380709528923035,0.16188430786132812,0.9075794219970703,0.3205647349357605,0.7342567443847656,0.9522587656974792,0.009244711176739466,0.00703871188442137,0.027816411682892908,0.014084507042253521
CHEST-XRAY,ConvNeXt,1,VEC_SCALE,True,0.9362043661713446,0.9347733803552769,0.9858544958985246,0.011861271431327149,0.0021815839043808198,0.021850992464720047,0.0850506784116996,0.8298986431766011,0.14813428226380226,0.9394180735813346,0.15208844512983952,0.9126676957168179,0.1591974774512674,0.7137355191374867,0.9544836646657037,0.00829588862774246,0.00625655709118545,0.022253129346314324,0.010954616588419406
CHEST-XRAY,ConvNeXt,1,ISOTONIC,True,0.9399160049270121,0.9375122199194463,0.9813795633828656,0.02255010015525868,0.008970029507709299,0.02607107845403432,0.08939692441679307,0.8212061511664142,0.22787100614854858,0.9406740069389343,0.1410808116197586,0.9108171463012695,0.7044238448143005,0.748495876789093,0.952957034111023,0.0137914424107215,0.011912094701642287,0.02820275073404413,0.01544079290558164
CHEST-XRAY,ConvNeXt,1,DIRICHLET,True,0.9435097098828524,0.9425397821624237,0.9854941426212752,0.014730632305145267,0.0022705191721626586,0.01880171558457205,0.08482078152285477,0.8303584369542908,0.15073142817180185,0.9360421895980835,0.16207024455070496,0.9102619886398315,0.1059667309125264,0.7340719103813171,0.9478126168251038,0.00917050450117637,0.0075911437680746515,0.02364394993045897,0.014084507042253521
CHEST-XRAY,ConvNeXt,1,APEX,True,0.9523973320753728,0.9516553421476521,0.9886652514610689,0.015654673314819866,0.0038787545908181625,0.019587021225694806,0.06969617423853995,0.8606076515229204,0.12866528900490926,0.9456445256665781,0.14814821026519517,0.9234885439930486,0.10383138105574197,0.739224721042566,0.9556675345525208,0.007907055469060176,0.006788934307999652,0.016689847009735744,0.009389671361502348
CHEST-XRAY,ConvNeXt,1,ABL_no_gate,True,0.9523973320753728,0.9516553421476521,0.9885080063946327,0.013929312657976239,0.005121917368163621,0.01769996648524806,0.06979556120269513,0.86040887759461,0.12922978178517114,0.9445453577844037,0.15055965055369558,0.922640582521324,0.1473096609865303,0.7365123707459547,0.9546466970500502,0.007997059639239626,0.006878938478179102,0.016689847009735744,0.009389671361502348
CHEST-XRAY,ConvNeXt,1,ABL_no_rbf,True,0.9523973320753728,0.9516553421476521,0.9872697014964489,0.02875712407935158,0.013696303714051453,0.03440858238724033,0.0748387242482451,0.8503225515035101,0.1413653363351573,0.9344097035533652,0.17158723335921044,0.9126912000948736,0.14019065330630875,0.7345011386937138,0.9441165498785713,0.00857548271520315,0.007457361554142627,0.016689847009735744,0.009389671361502348
CHEST-XRAY,ConvNeXt,1,ABL_no_poly,True,0.9523973320753728,0.9516553421476521,0.9886586995833005,0.013212995342332903,0.0031402281462061237,0.020031467079932516,0.06998711874355015,0.8600257625129,0.12882946125031416,0.9463612897390713,0.14560583069453045,0.9239635553727779,0.10330641204595437,0.7418349967387631,0.9562923564595586,0.007614828059254117,0.006496706898193593,0.016689847009735744,0.00782472613458529
CHEST-XRAY,ConvNeXt,1,ABL_no_knn,True,0.9518502502817308,0.9516031071712137,0.9891435385381451,0.01720116001504951,0.005440770759423602,0.027832479264078606,0.06980977983556132,0.8603804403288776,0.1265649675266769,0.9481779180116106,0.1453369004466179,0.9250043302228274,0.26727296672227363,0.7502121168005113,0.9577904306688425,0.007510564660285952,0.006392443499225428,0.015299026425591099,0.00782472613458529
CHEST-XRAY,ConvNeXt,1,ABL_focal,True,0.9497798569069895,0.9490421173988766,0.9882197237728333,0.0276235025279146,0.012926072750459396,0.03061771812167071,0.07496060629705198,0.8500787874058964,0.13786782221812874,0.9341174940360809,0.17629049607970568,0.9117950166188998,0.20075200110629976,0.7286623007221483,0.9446605894824537,0.007580293448188355,0.0063386344060411175,0.01808066759388039,0.009389671361502348
CHEST-XRAY,ConvNeXt,1,TAU_0.60,True,0.9523973320753728,0.9516553421476521,0.9885538695390098,0.013863395628744581,0.005422828248522661,0.017660887543442163,0.06972529837516628,0.8605494032496677,0.12908262174016538,0.9447958435362874,0.15023663714800303,0.9228123772356962,0.14727790116862305,0.7373620212726,0.9548680894992224,0.007969550836647583,0.006851429675587059,0.016689847009735744,0.009389671361502348
CHEST-XRAY,ConvNeXt,1,TAU_0.70,True,0.9523973320753728,0.9516553421476521,0.9886062845611553,0.016057299938547195,0.003994021538857151,0.019334988449824685,0.06966136663134982,0.8606772667373006,0.12891857905103205,0.9451707695010685,0.14963787723976574,0.9230724078683636,0.10193796854852688,0.7386025803315012,0.9552009834108769,0.007953922123345161,0.006835800962284637,0.016689847009735744,0.009389671361502348
CHEST-XRAY,ConvNeXt,1,TAU_0.80,True,0.9523973320753728,0.9516553421476521,0.9886062845611553,0.015845276596410322,0.004064786201869165,0.019770991524339948,0.06980012607205158,0.8603997478558971,0.12894340798707185,0.945510839669256,0.14875101363199086,0.9232799384426833,0.10229414167741668,0.7400336497301557,0.9554880785508132,0.00794939287380136,0.006831271712740837,0.016689847009735744,0.009389671361502348
CHEST-XRAY,ConvNeXt,1,TAU_0.85,True,0.9523973320753728,0.9516553421476521,0.9886652514610689,0.015654673314819866,0.0038787545908181625,0.019587021225694806,0.06969617423853995,0.8606076515229204,0.12866528900490926,0.9456445256665781,0.14814821026519517,0.9234885439930486,0.10383138105574197,0.739224721042566,0.9556675345525208,0.007907055469060176,0.006788934307999652,0.016689847009735744,0.009389671361502348
CHEST-XRAY,ConvNeXt,1,TAU_0.90,True,0.9523973320753728,0.9516553421476521,0.9886128364389234,0.01583889999149569,0.0035551652378685303,0.020616819927237833,0.06962608426070871,0.8607478314785828,0.12869849725569388,0.9458346034025222,0.14757165840049297,0.9236671432866633,0.12989014149376343,0.7393486571969096,0.9558608238875717,0.007945639559083307,0.006827518398022783,0.016689847009735744,0.009389671361502348
CHEST-XRAY,ConvNeXt,1,TAU_0.95,True,0.9523973320753728,0.9516553421476521,0.9882655869172104,0.015748613070618308,0.003453523730140099,0.020422583129816957,0.06965540158716099,0.8606891968256782,0.1293535532947115,0.9458608352539407,0.1471351027983495,0.9237197253125491,0.13048026615761943,0.7390641465293507,0.9559021442864997,0.00824743668440025,0.007129315523339726,0.016689847009735744,0.009389671361502348
CHEST-XRAY,ConvNeXt,1,FAIR_rbf_svm,True,0.9492327751133475,0.9489870589101982,0.9883900725948056,0.00900487904408853,0.0,0.018968894199503053,0.07072552026855926,0.8585489594628818,0.12928409731021082,0.9519497944954329,0.13216301784284717,0.9277438647984672,0.15312869644148996,0.7479556131778926,0.9624179169577802,0.007703881752011155,0.006462222709863918,0.015299026425591099,0.00782472613458529
CHEST-XRAY,ConvNeXt,1,FAIR_poly_svm,True,0.9497798569069895,0.9490421173988766,0.9856382839321749,0.016954222661014044,0.003118387373034733,0.022252251384868336,0.07809410743555555,0.8438117851288892,0.1503820258801891,0.938583409391738,0.15749048117613265,0.9147117323345128,0.19584917732999996,0.7445316662656799,0.9485413277889962,0.009274578465054454,0.008032919422907217,0.022253129346314324,0.014084507042253521
CHEST-XRAY,ConvNeXt,1,FAIR_knn,True,0.9383337264459994,0.9361776351931821,0.9771863616112377,0.030081131290754206,0.01392905000285799,0.03128911007300013,0.09597809699532268,0.808043806009355,0.5427969295560789,0.9386869984818826,0.12648473076865877,0.9095729492020566,0.12109787742495237,0.7373686262712358,0.951839798799645,0.019519288503727316,0.017560783257212918,0.029207232267037454,0.018779342723004584
CHEST-XRAY,ConvNeXt,1,FAIR_equal_blend,True,0.9503269387006317,0.9490963919386693,0.9874203946851167,0.020281215901069013,0.010064043596775245,0.02346914746517399,0.07196877835989944,0.8560624432802014,0.13605398671922922,0.9381383870903303,0.16089486646288112,0.9173428487783458,0.13688218651227557,0.7130209629650722,0.9496904654336001,0.008745336690256589,0.007503677648109352,0.01808066759388039,0.009389671361502348
CHEST-XRAY,ConvNeXt,1,ABL_no_descriptors,True,0.9497798569069895,0.9490421173988766,0.9888683596718819,0.01901648026991106,0.004821706103750714,0.02167751635872816,0.06988128930403675,0.8602374213919268,0.12853745185821805,0.944526518698158,0.1496569750813906,0.9228032749219126,0.15124212969288653,0.7225239971438453,0.955918753356866,0.007597686265758622,0.006356027223611385,0.015299026425591099,0.009389671361502348
CHEST-XRAY,ConvNeXt,2,BASE,True,0.9493507089131745,0.9466522273700666,0.9869486594858087,0.01355662550287643,0.001994115394769294,0.023493067042037224,0.08302889453819853,0.8339422109236032,0.14434158415541298,0.9402298331260681,0.1573667973279953,0.9130769371986389,0.31748487552007043,0.764575183391571,0.9497309327125549,0.007729806109026829,0.006358021998745567,0.02642559109874826,0.012519561815336464
CHEST-XRAY,ConvNeXt,2,MC_DROPOUT,True,0.9477684304321619,0.9453231924295156,0.9870469376523311,0.01232311551054669,0.0055622868648996905,0.02737945102817275,0.0832861743669427,0.833427651266115,0.14513143602228357,0.936536967754364,0.16648076474666595,0.9101021885871887,0.18862466952380008,0.7514460682868958,0.9468061923980713,0.007740774217710452,0.006301451950405924,0.025034770514603615,0.012519561815336464
CHEST-XRAY,ConvNeXt,2,TEMP_SCALE,True,0.9493507089131745,0.9466522273700666,0.9869486594858087,0.02122635096871061,0.0041574655441824915,0.02701497969721142,0.0836199627141532,0.8327600745716939,0.14757627599674672,0.9576432704925537,0.11078763008117676,0.9262911677360535,0.2820140600204468,0.8054916858673096,0.9658730626106262,0.007729806109026829,0.006358021998745567,0.02642559109874826,0.012519561815336464
CHEST-XRAY,ConvNeXt,2,VEC_SCALE,True,0.9477094635322483,0.9464859504996268,0.9871910789632308,0.019506858683215035,0.006434880122818933,0.022054745556105752,0.08032413034535249,0.8393517393092953,0.14307161478515296,0.9578891999736718,0.10968261549947945,0.9281320600727898,0.19652296588414508,0.7899506680585956,0.9669729464229044,0.00746895189604272,0.006097167785761458,0.022253129346314324,0.010954616588419406
CHEST-XRAY,ConvNeXt,2,ISOTONIC,True,0.9477094635322483,0.9464859504996268,0.9822214796760752,0.021218247870181492,0.012549010196378604,0.024808051888696666,0.08397769202699526,0.8320446159460098,0.24551843721247843,0.9617924690246582,0.08847236633300781,0.9301926493644714,0.32865091164906823,0.807905912399292,0.970116138458252,0.014681752654378382,0.01330996854409712,0.026889197960129868,0.01278674758578585
CHEST-XRAY,ConvNeXt,2,DIRICHLET,True,0.9456390701575071,0.94393449096852,0.9869486594858087,0.014061970093074179,0.001315167004932503,0.021758518012144946,0.0817632766198341,0.8364734467603321,0.1431698834598497,0.9568089842796326,0.11460541933774948,0.9262866973876953,0.24137894312540692,0.7835723757743835,0.9666623473167419,0.007340465901128264,0.005831952155194697,0.025034770514603615,0.01564945226917058
CHEST-XRAY,ConvNeXt,2,APEX,True,0.9513031684880887,0.9515501239804187,0.9907356448358099,0.018165717882883625,0.009648387560406925,0.019688421084929318,0.06618075240910026,0.8676384951817997,0.1184606048886849,0.9484781214788982,0.14564540920726107,0.9266582497628886,0.5150731779397889,0.7355956419066452,0.9588149347914617,0.005804371425028678,0.004686250263968154,0.01808066759388039,0.003129890453834116
CHEST-XRAY,ConvNeXt,2,ABL_no_gate,True,0.9466152999449642,0.9463710106491827,0.9903359802919518,0.023735775370199837,0.009681675672535126,0.025948970046866252,0.06849018302506835,0.8630196339498636,0.12167777983068967,0.943085282998806,0.15443577771618663,0.9220845499969039,0.3780362721770781,0.7046290935185338,0.9559833090788735,0.006036790935095628,0.004665006824814366,0.016689847009735744,0.004694835680751174
CHEST-XRAY,ConvNeXt,2,ABL_no_rbf,True,0.9503269387006317,0.9490963919386693,0.9891107791493041,0.01672643094076527,0.00416152087648779,0.022563329966159024,0.07289261049125799,0.8542147790174843,0.1293123651447051,0.9452751166113472,0.1522800367644606,0.9208190171574445,0.08787091070588515,0.75051824953421,0.955269219000832,0.0060829601466278966,0.0048413011044806595,0.01808066759388039,0.010954616588419406
CHEST-XRAY,ConvNeXt,2,ABL_no_poly,True,0.9528854469691014,0.9528854469691014,0.9908863380244778,0.01986657875241573,0.00890407445423638,0.02046644617101925,0.06566628188063538,0.8686674362387294,0.11751732048842779,0.9483548486859726,0.14535738483328844,0.9270197016707192,0.18542111821910823,0.7367608675720486,0.9583383130635629,0.005758023317596215,0.004699206308366412,0.01808066759388039,0.003129890453834116
CHEST-XRAY,ConvNeXt,2,ABL_no_knn,True,0.9513031684880887,0.9515501239804187,0.9903359802919516,0.02051274093211982,0.011541388406541203,0.019465555147108432,0.06710759906977512,0.86578480186045,0.12028537408962353,0.9495310536261651,0.14384407346693748,0.9268794302262107,0.34895601046099256,0.7445763121157238,0.9594829242769346,0.006045898769333974,0.00492777760827345,0.019471488178025034,0.004694835680751174
CHEST-XRAY,ConvNeXt,2,ABL_focal,True,0.9513621353880022,0.9503752664130023,0.9895890662263804,0.015742486295811334,0.0035560481418671717,0.019993555276658324,0.07092353384037155,0.8581529323192572,0.12682747023397334,0.9448424519521076,0.15429195603461562,0.9212754597019536,0.09560383343926993,0.7477635106299089,0.9546834503361332,0.005847080096571985,0.004668012310641935,0.016689847009735744,0.00782472613458529
CHEST-XRAY,ConvNeXt,2,TAU_0.60,True,0.9481975784259769,0.9477073707082739,0.9902639096365019,0.01779041980408176,0.010729449274096026,0.020445747016653405,0.0685669999635047,0.8628660000729909,0.121779630958655,0.9452816318294599,0.15190042140059182,0.9231516472923592,0.515099788948747,0.721023220564294,0.9571002569290734,0.006061823452700451,0.004755926358999752,0.016689847009735744,0.004694835680751174
CHEST-XRAY,ConvNeXt,2,TAU_0.70,True,0.9481975784259769,0.9477073707082739,0.990388395314097,0.020086523469019527,0.009566671731340407,0.018486056130247713,0.06858227702235513,0.86283544595529,0.12145939550494467,0.9469542729050662,0.14964486114512385,0.9240663420551936,0.5131447365351312,0.7285932093631031,0.9584621023407426,0.005997126555706813,0.004691229462006114,0.01808066759388039,0.004694835680751174
CHEST-XRAY,ConvNeXt,2,TAU_0.80,True,0.9518502502817308,0.9516031071712137,0.9905783997693738,0.01803605652758297,0.00862703641815806,0.020289380886783257,0.06713245020675253,0.8657350995864952,0.11965089766798492,0.9485347820518262,0.14656449541757713,0.9259345568473555,0.5124363666923468,0.7440213505185396,0.9584652242653846,0.005885208663040696,0.004767087501980172,0.01808066759388039,0.004694835680751174
CHEST-XRAY,ConvNeXt,2,TAU_0.85,True,0.9513031684880887,0.9515501239804187,0.9907356448358099,0.018165717882883625,0.009648387560406925,0.019688421084929318,0.06618075240910026,0.8676384951817997,0.1184606048886849,0.9484781214788982,0.14564540920726107,0.9266582497628886,0.5150731779397889,0.7355956419066452,0.9588149347914617,0.005804371425028678,0.004686250263968154,0.01808066759388039,0.003129890453834116
CHEST-XRAY,ConvNeXt,2,TAU_0.90,True,0.949720890007076,0.9502131706677162,0.9907684042246507,0.020367772319521103,0.010030559570696753,0.02035966241110997,0.06673333132688293,0.8665333373462344,0.11846034809939195,0.9486642200873898,0.1440725387747242,0.9267945691076508,0.5150731779397889,0.7299190938527804,0.9595871041832047,0.0057900906671131585,0.0046110228811831085,0.01808066759388039,0.003129890453834116
CHEST-XRAY,ConvNeXt,2,TAU_0.95,True,0.9507560866944467,0.9514963880288958,0.9906046072804464,0.016406025808096317,0.007821392881012511,0.022768250774611486,0.06532860873317123,0.8693427825336578,0.11663073983189229,0.9485734999945057,0.14283360089035013,0.9275615081980826,0.5105657111470875,0.7268727222343518,0.9593384983896837,0.00591588519762257,0.004797764036562046,0.015299026425591099,0.003129890453834116
CHEST-XRAY,ConvNeXt,2,FAIR_rbf_svm,True,0.9517323164819037,0.9539613944108326,0.9894056136488717,0.013383617251767493,0.0030676931702084817,0.01895447861802072,0.06688278483437998,0.8662344303312404,0.13063003761417702,0.9536571385855972,0.1282096790096505,0.9308083777415227,0.1536297960446612,0.7608022844916495,0.9624921122679116,0.00939055547203343,0.008389402294246971,0.015299026425591099,0.006259780907668232
CHEST-XRAY,ConvNeXt,2,FAIR_poly_svm,True,0.9455801032575937,0.9450927392436876,0.9859396703095107,0.020048075430926963,0.008371292446419399,0.02572695245783831,0.07887203500222396,0.8422559299955523,0.1423430481910393,0.9461133109054278,0.14098457049247495,0.9197868892540569,0.3456365081362298,0.7504144154695871,0.9569711095953952,0.007951497645423638,0.00651217537811911,0.025034770514603615,0.01564945226917058
CHEST-XRAY,ConvNeXt,2,FAIR_knn,True,0.9455801032575937,0.9450927392436876,0.9793943444191107,0.03297617113329636,0.021451481515642322,0.03521972417933655,0.08840820343120241,0.8231835931375955,0.49533759492124696,0.9369862819330349,0.1317588417833703,0.9117303400464697,0.16011644156943328,0.7402321138972099,0.947902629433041,0.01761470553783139,0.01617538327052686,0.025034770514603587,0.020344287949921717
CHEST-XRAY,ConvNeXt,2,FAIR_equal_blend,True,0.9518502502817308,0.9516031071712137,0.9903621878030244,0.021641776617219204,0.008741960426660025,0.022712881643111287,0.06853627174204083,0.8629274565159186,0.12349794337045022,0.9411588761639391,0.1566357055569487,0.9207752023473501,0.14500584734237942,0.7200885862088453,0.9518932603218635,0.0054975165128498885,0.0043793953517893645,0.019471488178025034,0.006259780907668232
CHEST-XRAY,ConvNeXt,2,ABL_no_descriptors,True,0.9502679718007181,0.9502679718007181,0.9903556359252561,0.02393356559776286,0.012132277762343761,0.030984668328107177,0.06915209296290434,0.8616958140741916,0.12195185509230808,0.9483465128299186,0.14795809863209425,0.9245046640102081,0.32572958804504903,0.7506531211440599,0.9582181933608813,0.005830231175845591,0.004651163389915541,0.015299026425591099,0.004694835680751174
CHEST-XRAY,ConvNeXt,3,BASE,True,0.939250989333543,0.939731732913551,0.9876038472626255,0.01664006627993533,0.0018650506680438514,0.030559045199691798,0.08294730899709436,0.8341053820058116,0.14278956927446707,0.9311059713363647,0.17190766334533691,0.9078536629676819,0.1504336107860912,0.7019417881965637,0.9451053142547607,0.006938063464978367,0.005212033455200587,0.02364394993045897,0.012519561815336464
CHEST-XRAY,ConvNeXt,3,MC_DROPOUT,True,0.9418684645019262,0.9423520923520924,0.9879838561731791,0.022356074653071642,0.0069120514563133905,0.02559964189326884,0.08223800942522519,0.83552398114955,0.142692111441929,0.927060604095459,0.18156465888023376,0.9051331877708435,0.1614722764050519,0.6990915536880493,0.9403462409973145,0.006708180154542427,0.005128819421440708,0.02086230876216968,0.012519561815336464
CHEST-XRAY,ConvNeXt,3,TEMP_SCALE,True,0.939250989333543,0.939731732913551,0.9876038472626256,0.015098186771621962,0.0006059659208630245,0.020309256922421023,0.08201218329142686,0.8359756334171466,0.1407388139729114,0.9477813839912415,0.12859581410884857,0.920976459980011,0.14838727031435284,0.7327958941459656,0.960914671421051,0.006938063464978367,0.005212033455200587,0.02364394993045897,0.012519561815336464
CHEST-XRAY,ConvNeXt,3,VEC_SCALE,True,0.9445449065702229,0.9438156679013254,0.9875121209738712,0.011019266191850462,0.0,0.02158526730997829,0.08216466651734197,0.8356706669653164,0.14050931236457903,0.9475143185414656,0.12899831840840212,0.9208071388660186,0.08292803058560216,0.7481283321009549,0.9588550558654629,0.006897960527648236,0.005389446781714669,0.02642559109874826,0.010954616588419406
CHEST-XRAY,ConvNeXt,3,ISOTONIC,True,0.9429626280892103,0.9424781077791013,0.9808357575281077,0.02306687220166414,0.008496690404730367,0.023567465834496384,0.08546268575544552,0.8290746284891093,0.24549206481964198,0.9529964327812195,0.11171406507492065,0.921488344669342,0.25,0.7860793471336365,0.9627240300178528,0.014747246607252228,0.013167885874150508,0.023743294257897705,0.012102243088158429
CHEST-XRAY,ConvNeXt,3,DIRICHLET,True,0.9429626280892103,0.9424781077791013,0.9876038472626255,0.011239421382565106,0.0003264447202961644,0.019630403056255862,0.08206169101028894,0.8358766179794225,0.13959654949927505,0.9460667967796326,0.1336815506219864,0.9195911884307861,0.1211665630340576,0.7403867244720459,0.9580534100532532,0.0067304611812979455,0.005151100448196226,0.02642559109874826,0.010954616588419406
CHEST-XRAY,ConvNeXt,3,APEX,True,0.9388808082396415,0.9362429058812992,0.9871321120633174,0.0172921206778917,0.003355732266363069,0.02262397086925955,0.08557504198296707,0.8288499160340662,0.1454075571465343,0.9448339405699626,0.15249695953350495,0.9146339823521866,0.20681877434791035,0.7462221083265602,0.9578099136098648,0.0071032037715632705,0.005144698525048872,0.022253129346314324,0.010954616588419406
CHEST-XRAY,ConvNeXt,3,ABL_no_gate,True,0.9377866446523573,0.9361113966850576,0.987970752417643,0.02478509977660549,0.010320793419967162,0.026770311222382978,0.08118645152146253,0.8376270969570753,0.13987344164724894,0.9368939412514719,0.16516148622317584,0.9119197558374839,0.26638553954721356,0.7036160627120049,0.9521347626493838,0.006724184151815993,0.004765678905301595,0.02086230876216968,0.010954616588419406
CHEST-XRAY,ConvNeXt,3,ABL_no_rbf,True,0.9436276436826794,0.940236620964175,0.9862017454202374,0.013123748392465918,0.0006810568549771431,0.02022466836655083,0.08691285873330179,0.8261742825333968,0.1481791475798348,0.9437577539706622,0.15277068171629782,0.9133826499696608,0.28849284347187165,0.7638011749652196,0.9547511173627609,0.007630990833894561,0.005904960824116781,0.02364394993045897,0.010954616588419406
CHEST-XRAY,ConvNeXt,3,ABL_no_poly,True,0.944115758576408,0.941447566625683,0.9873548759074351,0.019239138832334076,0.003135862985557977,0.01954482673437857,0.0846999796880112,0.830600040623978,0.14378830223318825,0.9476875220336237,0.14811604662768538,0.9167222864834726,0.23158669442452318,0.7749024800507854,0.9579996266612466,0.006832389193503193,0.005180523771967667,0.022253129346314324,0.010954616588419406
CHEST-XRAY,ConvNeXt,3,ABL_no_knn,True,0.9362633330712582,0.9336405755091073,0.9869224519747359,0.018623530835374515,0.0051833497219816345,0.026839068637696552,0.08602677015938243,0.8279464596812355,0.14649508766851665,0.9455234277288497,0.15110046832116145,0.9149473534392338,0.2966316473245552,0.739512581935324,0.9595696217602265,0.007267366251209174,0.005145537444028018,0.025034770514603615,0.012519561815336464
CHEST-XRAY,ConvNeXt,3,ABL_focal,True,0.9399160049270121,0.9375122199194463,0.9873876352962759,0.012548021789011567,0.0016539044329326286,0.01608943417666963,0.08487349766509916,0.830253004669802,0.14384653335488023,0.9434566093814171,0.15592477647048847,0.9136274789953385,0.18851103345012532,0.7482653664424666,0.9559322147889666,0.006929448471642606,0.005050100762563394,0.02086230876216968,0.012519561815336464
CHEST-XRAY,ConvNeXt,3,TAU_0.60,True,0.9383337264459994,0.9361776351931821,0.9874269465628849,0.022601344181007715,0.007584224877917225,0.0262213414338682,0.08352951100054264,0.8329409779989151,0.14280479121364198,0.9398918559657449,0.16191927865828212,0.9121207848951322,0.22746450497106513,0.7264192427083628,0.9538387333652272,0.006961115607729593,0.005002610361215194,0.02364394993045897,0.010954616588419406
CHEST-XRAY,ConvNeXt,3,TAU_0.70,True,0.9399160049270121,0.9375122199194463,0.9876562622847708,0.018245541175940377,0.004988127290570481,0.023957097143938674,0.08388482935771917,0.832230341284562,0.14294931192409538,0.9423823717871791,0.1584373090352665,0.913385649297065,0.2516754500196431,0.7413373048916782,0.9552321230667847,0.006889599689037468,0.0050102519799582555,0.02364394993045897,0.010954616588419406
CHEST-XRAY,ConvNeXt,3,TAU_0.80,True,0.9388808082396415,0.9362429058812992,0.9870141782634902,0.014638423389524008,0.0028922434334657226,0.02378371699892403,0.08528047268048096,0.8294390546390384,0.1452676726892542,0.9445391771407742,0.1538252308560581,0.9143784769673371,0.20681877434791035,0.745902035087513,0.9575168037549204,0.007143692778315015,0.0051851875318006165,0.02364394993045897,0.010954616588419406
CHEST-XRAY,ConvNeXt,3,TAU_0.85,True,0.9388808082396415,0.9362429058812992,0.9871321120633174,0.0172921206778917,0.003355732266363069,0.02262397086925955,0.08557504198296707,0.8288499160340662,0.1454075571465343,0.9448339405699626,0.15249695953350495,0.9146339823521866,0.20681877434791035,0.7462221083265602,0.9578099136098648,0.0071032037715632705,0.005144698525048872,0.022253129346314324,0.010954616588419406
CHEST-XRAY,ConvNeXt,3,TAU_0.90,True,0.9388808082396415,0.9362429058812992,0.9870338338967948,0.018519269159788264,0.003909815547762738,0.02366285833481114,0.08587071634907716,0.828258567301846,0.14588625329213414,0.9452909181871205,0.15078115502442857,0.9149677179385202,0.20681877434791035,0.7472269081493018,0.9582311001762579,0.007158682509770461,0.005200177263256062,0.027816411682892908,0.010954616588419406
CHEST-XRAY,ConvNeXt,3,TAU_0.95,True,0.9388808082396415,0.9362429058812992,0.9865489949419504,0.02097074678895865,0.004867598371278927,0.0251636250933399,0.0873067569992445,0.8253864860015113,0.1478493892105114,0.9453079056270812,0.1491053867361026,0.9145299690996832,0.1901017837298955,0.7509344008713379,0.9580069746044565,0.007450674942879125,0.005492169696364726,0.02920723226703755,0.012519561815336464
CHEST-XRAY,ConvNeXt,3,FAIR_rbf_svm,True,0.9425334800953953,0.9401158774228027,0.9832337447912571,0.017311587509683937,0.005892858320850891,0.021633638386856467,0.08875834409884711,0.8224833118023062,0.15678491335092556,0.954773372483964,0.12478413680651101,0.9209677322858404,0.47411847404101815,0.793594636068485,0.9646196166740199,0.009703254033605911,0.007977224023828132,0.025034770514603615,0.01564945226917058
CHEST-XRAY,ConvNeXt,3,FAIR_poly_svm,True,0.9331577430091464,0.92984298982751,0.9813140446051839,0.01966649766188138,0.006067686989256773,0.024288702226701948,0.09534429192279252,0.8093114161544154,0.17136236173972866,0.9484486848993593,0.13354864338235134,0.913654316201595,0.25994930094791086,0.7574138943473487,0.9622955019326594,0.010923757744183402,0.008544388872398587,0.030598052851182198,0.018779342723004695
CHEST-XRAY,ConvNeXt,3,FAIR_knn,True,0.9321815132216893,0.9274569060558503,0.9657009198836386,0.03166176929500847,0.017300515270830034,0.03696682821940609,0.1151180801251412,0.7697638397497181,0.8850986739528899,0.9433069415936003,0.11607967988558729,0.9033938672534925,0.07759567716595284,0.7847370214084497,0.9552583756856173,0.03172694193062262,0.029167483664160047,0.04172461752433938,0.02816901408450707
CHEST-XRAY,ConvNeXt,3,FAIR_equal_blend,True,0.9425924469953089,0.9389676855242265,0.9831158109914301,0.010003158813232015,0.0,0.01596713852869908,0.09088005319547801,0.8182398936090444,0.15848448655322475,0.9447178584751409,0.14582656606918956,0.9126719719136429,0.1798130702648187,0.7723900357727335,0.9554883473940415,0.009979705772399207,0.00817784907018851,0.030598052851182198,0.017214397496087636
CHEST-XRAY,ConvNeXt,3,ABL_no_descriptors,True,0.93936892313337,0.9374478079331942,0.9875645359960165,0.017699152621308355,0.003839027518955892,0.021239178452732047,0.08560615320504172,0.8287876935899169,0.14503950141252556,0.9459045182593396,0.15377898229015585,0.914674737437346,0.17480077337977573,0.759922863299718,0.9577914948746019,0.006885636493650039,0.005006288784570826,0.022253129346314324,0.010954616588419406
CHEST-XRAY,ConvNeXt,4,BASE,True,0.9152809445186991,0.9236860846033328,0.987276253374217,0.018484445925200557,0.0038320241111103105,0.05791019047849414,0.10598326338664657,0.7880334732267072,0.17315050369137733,0.918876588344574,0.1971931755542755,0.8873081803321838,0.14958689610163367,0.7212555408477783,0.9340577721595764,0.010185920223318086,0.007533891680003565,0.04172461752433936,0.017214397496087636
CHEST-XRAY,ConvNeXt,4,MC_DROPOUT,True,0.9152809445186991,0.9236860846033328,0.9876955735513798,0.023122781656859666,0.004970512170167534,0.05728852031088069,0.10578095055237137,0.7884380988952577,0.17322630882490533,0.9144827127456665,0.20552928745746613,0.8846098184585571,0.10679374138514197,0.7093725800514221,0.9302391409873962,0.010003608658751858,0.007351580115437337,0.04172461752433936,0.017214397496087636
CHEST-XRAY,ConvNeXt,4,TEMP_SCALE,True,0.9152809445186991,0.9236860846033328,0.987276253374217,0.02699550229109572,0.008211482487186195,0.05303270377228048,0.10788826191646748,0.7842234761670654,0.1769296981601142,0.946463406085968,0.13237139582633972,0.9064093232154846,0.20720007022221887,0.7807300686836243,0.9591949582099915,0.010185920223318086,0.007533891680003565,0.04172461752433936,0.017214397496087636
CHEST-XRAY,ConvNeXt,4,VEC_SCALE,True,0.9264158607857012,0.9322585310629271,0.9875710878737847,0.017164806194999535,0.006018783272608819,0.031194013146417336,0.09196423302054471,0.816071533958911,0.1488532969162655,0.9492415749758872,0.12655189739606446,0.9163196703978432,0.49069673924923174,0.757888252528011,0.9622883924155151,0.007261581977460637,0.00513975317027948,0.025034770514603615,0.009389671361502348
CHEST-XRAY,ConvNeXt,4,ISOTONIC,True,0.9189925832743664,0.9265626227228898,0.9867619309694158,0.03653920912772452,0.023867464700186265,0.03653923948312884,0.10009446234090037,0.7998110753181996,0.16729400070039901,0.9582580924034119,0.11246705055236816,0.9160310626029968,0.6548353433609009,0.8067222833633423,0.9694602489471436,0.008574083748562123,0.0061055112845833015,0.026518312471024545,0.010372311387706097
CHEST-XRAY,ConvNeXt,4,DIRICHLET,True,0.9264158607857012,0.9322585310629271,0.987276253374217,0.0223237067945908,0.0066872108145450675,0.029236856025663477,0.09377480078564016,0.8124503984287201,0.15011220688978366,0.9473488926887512,0.13205696642398834,0.9139304757118225,0.31130610270933673,0.7617771625518799,0.9600014686584473,0.007457758747055179,0.005335929939874022,0.025034770514603615,0.010954616588419406
CHEST-XRAY,ConvNeXt,4,APEX,True,0.9470444479387792,0.9487588900308325,0.9906373666692874,0.014500882779293567,0.004383477299702679,0.02308962231474931,0.07390523320011086,0.8521895335997786,0.12834473637942176,0.9407873550726744,0.16015738115244244,0.9178280361832318,0.10281156280434112,0.7351858434957008,0.9513379589562296,0.005272770167432974,0.004031111125285737,0.02086230876216968,0.009389671361502348
CHEST-XRAY,ConvNeXt,4,ABL_no_gate,True,0.9464973661451372,0.9486998394863564,0.9906373666692874,0.015573341383166107,0.00457627982120053,0.02920157029216645,0.0744759558004209,0.8510480883991585,0.12993836570462136,0.9370281408152863,0.1672438704458931,0.9150241434002243,0.09875450213036607,0.725399922238904,0.9478880099264427,0.005383841504751876,0.004142182462604639,0.022253129346314324,0.00782472613458529
CHEST-XRAY,ConvNeXt,4,ABL_no_rbf,True,0.9433917760830255,0.9448487358498008,0.9885276620279372,0.017624004517332665,0.005229767029552648,0.027718602586235014,0.08239367725089226,0.8352126454982158,0.14044805372364413,0.934935490244479,0.16885879772346557,0.9097724688954884,0.12785207756058137,0.739348262593377,0.9457870933638268,0.006431998999951051,0.004992676732646523,0.02642559109874826,0.014084507042253521
CHEST-XRAY,ConvNeXt,4,ABL_no_poly,True,0.9502090049008045,0.9514418946908513,0.9904997772361559,0.014250329726047707,0.004824051826682996,0.02081000982551481,0.07245247891275876,0.8550950421744827,0.12690483580758752,0.9430633776446662,0.15314839364089106,0.92059368919845,0.3201626838053432,0.7426119063314429,0.9527965855693241,0.005400790455384446,0.004282669294323922,0.01808066759388039,0.00782472613458529
CHEST-XRAY,ConvNeXt,4,ABL_no_knn,True,0.9470444479387792,0.9487588900308325,0.9905652960138376,0.015576215916744688,0.003208764719958175,0.01967906812348896,0.07431947457991785,0.8513610508401646,0.1288453317708573,0.9412260391525543,0.15919171604211874,0.9179567198956744,0.11816181366295608,0.7383613600800908,0.9516362003154833,0.005299389955929142,0.004057730913781905,0.022253129346314324,0.00782472613458529
CHEST-XRAY,ConvNeXt,4,ABL_focal,True,0.9454621694577666,0.9474148370452271,0.9901656314699793,0.02130092574461235,0.009435286375680332,0.030999163414527665,0.07772964527565332,0.8445407094486936,0.13522189188689976,0.9309869025174824,0.17867461853801905,0.9091517629785713,0.1601829517885478,0.718078456144874,0.9422073739995699,0.005752218065119676,0.004446320971418977,0.019471488178025034,0.009389671361502348
CHEST-XRAY,ConvNeXt,4,TAU_0.60,True,0.9464973661451372,0.9486998394863564,0.9908011636134916,0.015104673686161803,0.005023092106250105,0.025285785260490717,0.07377998997914365,0.852440020041713,0.1286066184559943,0.9382544914348636,0.16513403450304265,0.916168907368399,0.09961704879241018,0.7262356624244287,0.9491344050288203,0.0052597742896597025,0.0040181152475124654,0.02086230876216968,0.00782472613458529
CHEST-XRAY,ConvNeXt,4,TAU_0.70,True,0.9454621694577666,0.9474148370452271,0.9905587441360695,0.014547435826624412,0.004317802378650482,0.02326759839036365,0.0741406155933358,0.8517187688133288,0.12914718620895613,0.9390991227999703,0.16370164207369167,0.9165374945122635,0.05694679292729643,0.7253342625234714,0.9503647280846343,0.005371538440948798,0.004065641347248098,0.02086230876216968,0.009389671361502348
CHEST-XRAY,ConvNeXt,4,TAU_0.80,True,0.9470444479387792,0.9487588900308325,0.9906177110359828,0.016032451038250614,0.0043185149421079054,0.02207145476605947,0.07393082340215164,0.852138353195697,0.12858257824303912,0.9404647069674552,0.16109247192202888,0.9175224556907098,0.186168018825492,0.735011009873327,0.9510077256341275,0.0053032020466896495,0.004061543004542412,0.02086230876216968,0.009389671361502348
CHEST-XRAY,ConvNeXt,4,TAU_0.85,True,0.9470444479387792,0.9487588900308325,0.9906373666692874,0.014500882779293567,0.004383477299702679,0.02308962231474931,0.07390523320011086,0.8521895335997786,0.12834473637942176,0.9407873550726744,0.16015738115244244,0.9178280361832318,0.10281156280434112,0.7351858434957008,0.9513379589562296,0.005272770167432974,0.004031111125285737,0.02086230876216968,0.009389671361502348
CHEST-XRAY,ConvNeXt,4,TAU_0.90,True,0.9475915297324213,0.948817132241708,0.9906897816914327,0.014079115336139744,0.004049745813512199,0.023786269827088962,0.07375873663466118,0.8524825267306779,0.12780053332502636,0.9411181677761031,0.15878158289132743,0.9183071916980365,0.07848721406203019,0.7336662805945534,0.9517637251446299,0.005214956635784399,0.003973297593637162,0.02086230876216968,0.009389671361502348
CHEST-XRAY,ConvNeXt,4,TAU_0.95,True,0.9465563330450507,0.9475343095410074,0.9906308147915193,0.014629078475054512,0.003629868981707035,0.024188089153055602,0.07406004705744854,0.8518799058851032,0.12784291652370613,0.9412781282584295,0.15739196099462624,0.9184310819698386,0.1191314590844843,0.7281848748073019,0.9525083392439962,0.005242936646949815,0.0039370395532491165,0.02086230876216968,0.009389671361502348
CHEST-XRAY,ConvNeXt,4,FAIR_rbf_svm,True,0.9465563330450507,0.9475343095410074,0.9897495872317006,0.011619035525260533,0.0008237214784219521,0.01886558723354302,0.07348353208702191,0.8530329358259565,0.1272902220752043,0.9474537488019683,0.13858520313487885,0.9238570685330699,0.1722095602600915,0.7356718441856231,0.9586148504945293,0.005588910968327691,0.004283013874626993,0.01808066759388039,0.009389671361502348
CHEST-XRAY,ConvNeXt,4,FAIR_poly_svm,True,0.9391920224336294,0.9408756423432683,0.9858675996540608,0.014532310866741645,0.00043055749245929847,0.02165792382537159,0.08678243491504374,0.8264351301699129,0.14841830586224497,0.939673113606924,0.15156755532462668,0.9118647009788458,0.23357284074439788,0.7468769076648286,0.9511795184708423,0.007818737630507222,0.006166872208971696,0.025034770514603615,0.01564945226917058
CHEST-XRAY,ConvNeXt,4,FAIR_knn,True,0.9340160389967764,0.9344910140364686,0.975292868936237,0.030922924462372187,0.01776860187810061,0.031024396192391807,0.10033198192451986,0.7993360361509607,0.5483783268527485,0.9376907685807432,0.12852809551462974,0.906714175469752,0.21555758648842027,0.74750297895682,0.9503868827078408,0.01997697130460824,0.017937639768051232,0.033379694019471357,0.018779342723004546
CHEST-XRAY,ConvNeXt,4,FAIR_equal_blend,True,0.9486856933197054,0.9489312117631441,0.9897332075372802,0.01466019459576818,0.0024157825768229787,0.0216802468738339,0.07665556755663828,0.8466888648867237,0.131668854505011,0.9367732210955888,0.16281140493629598,0.9141453149938894,0.27712620080714223,0.73179098686228,0.9472920462733507,0.005647927059281656,0.0044062680171344185,0.02086230876216968,0.00782472613458529
CHEST-XRAY,ConvNeXt,4,ABL_no_descriptors,True,0.9433917760830255,0.9448487358498008,0.9899756270147024,0.02140937762475565,0.008807156629930583,0.026235346423343492,0.07624661593345693,0.8475067681330865,0.13267482157954985,0.9365125054124295,0.17045571788439576,0.9133450233594131,0.22396352693302557,0.7203668828614295,0.9485047328194862,0.005592091562185035,0.004152769294880507,0.022253129346314324,0.00782472613458529
CHEST-XRAY,ConvNeXt,5,BASE,True,0.959696342305038,0.9581761006289309,0.9898123500607973,0.034038619663482345,0.021684113930496924,0.04272921194840586,0.07073683563741887,0.8585263287251625,0.13219667127807752,0.927611231803894,0.182266965508461,0.9108043909072876,0.23008865118026733,0.7095601558685303,0.9367203116416931,0.005983642643543059,0.0051435449618880075,0.016713091922005572,0.012539184952978056
CHEST-XRAY,ConvNeXt,5,MC_DROPOUT,True,0.959696342305038,0.9581761006289309,0.989746623286996,0.03697748388861657,0.02470255455727589,0.0441381145206824,0.07197886864122356,0.8560422627175531,0.13473749048405606,0.9238904118537903,0.19088909029960632,0.9074680805206299,0.2339588295329701,0.704765796661377,0.9330444931983948,0.006007698374255172,0.00516760069260012,0.016713091922005572,0.012539184952978056
CHEST-XRAY,ConvNeXt,5,TEMP_SCALE,True,0.959696342305038,0.9581761006289309,0.9898123500607973,0.021818542166760088,0.012699384104989078,0.028169029148384227,0.06796860597315763,0.8640627880536851,0.12672175979938455,0.9384680986404419,0.15480493009090424,0.9203423261642456,0.23342686891555786,0.7260057330131531,0.9473437666893005,0.005983642643543059,0.0051435449618880075,0.016713091922005572,0.012539184952978056
CHEST-XRAY,ConvNeXt,5,VEC_SCALE,True,0.9540372670807453,0.9505389112166607,0.98894475664662,0.01967320686302121,0.006211527657217607,0.03190844070514818,0.0731139721207912,0.8537720557584179,0.13344664946287157,0.9419313211190189,0.14664287113188096,0.9204162953630688,0.16126836797019872,0.7259077704374794,0.9527324986530962,0.007182623840206597,0.0060005755182662044,0.018105849582172703,0.012539184952978056
CHEST-XRAY,ConvNeXt,5,ISOTONIC,True,0.949551414768806,0.9418964945350992,0.9884222287948994,0.026878898753259443,0.013487130853883127,0.030804770902956805,0.06789320830975788,0.8642135833804845,0.18030827961708673,0.9516514539718628,0.12246044725179672,0.930414080619812,0.6666666269302368,0.6883030533790588,0.9673892259597778,0.012119986350871394,0.010463938715713184,0.018722316087492502,0.013364131331463403
CHEST-XRAY,ConvNeXt,5,DIRICHLET,True,0.9581780538302278,0.9556550732217574,0.9898123500607973,0.024316890646042977,0.01102614361320943,0.03478743929887435,0.06883010134987957,0.8623397973002411,0.12888400852023577,0.9399818181991577,0.15373656153678894,0.9206147789955139,0.1936124988964626,0.7272782921791077,0.9494476914405823,0.007070621271150465,0.006123106693322834,0.018105849582172703,0.0109717868338558
CHEST-XRAY,ConvNeXt,5,APEX,True,0.9576259489302967,0.9556089292609342,0.9882677708764666,0.012009303137163429,0.004601770847799721,0.0249153148519453,0.06693644335844878,0.8661271132831028,0.12744766982198585,0.9495372033013145,0.1423832720988799,0.9272853178606987,0.11879408000676195,0.7611324203178143,0.9579217093503184,0.008034525150189847,0.007087010572362216,0.016713091922005572,0.012539184952978056
CHEST-XRAY,ConvNeXt,5,ABL_no_gate,True,0.9576259489302967,0.9556089292609342,0.9882677708764666,0.012009303137163429,0.004601770847799721,0.0249153148519453,0.06693644335844878,0.8661271132831028,0.12744766982198585,0.9495372033013145,0.1423832720988799,0.9272853178606988,0.11879408000676195,0.7611324203178143,0.9579217093503184,0.008034525150189847,0.007087010572362216,0.016713091922005572,0.012539184952978056
CHEST-XRAY,ConvNeXt,5,ABL_no_rbf,True,0.9472049689440993,0.9440026502213685,0.9893719806763284,0.01902753032503695,0.00683901652229948,0.02224099802084085,0.07511147462600605,0.8497770507479883,0.1332298818445525,0.9376694264557606,0.1684242182429894,0.9145406058124156,0.2146127209514162,0.7146139403882497,0.9503732488410627,0.006237419558455867,0.004725088243038301,0.020891364902506964,0.0109717868338558
CHEST-XRAY,ConvNeXt,5,ABL_no_poly,True,0.9576259489302967,0.9556089292609342,0.9884320878109699,0.014105013597303043,0.002878761427925805,0.025507107921765255,0.06641246528731128,0.8671750694253777,0.12663802301854404,0.9501002882935143,0.14130663974895738,0.9278910824217699,0.18145655750887296,0.7606315630242957,0.9585321425594219,0.007909149252303961,0.00696163467447633,0.01532033426183844,0.012539184952978056
CHEST-XRAY,ConvNeXt,5,ABL_no_knn,True,0.9592132505175983,0.9569370244455238,0.9881954714252851,0.011042210471906354,0.004222982426667293,0.02537491400569984,0.0664462439112328,0.8671075121775347,0.12665667986904774,0.9502902052697775,0.14096778524708384,0.9280332541225697,0.14290771372675848,0.7691067729616952,0.9581059611732635,0.008067175395966195,0.007174188307291573,0.01532033426183844,0.014106583072100314
CHEST-XRAY,ConvNeXt,5,ABL_focal,True,0.9534851621808144,0.950488841866024,0.9891419369680239,0.01863872156973461,0.004033638209066343,0.02576040657894237,0.07134765984414251,0.8573046803117153,0.13010855789006573,0.9411045487833969,0.16241872582573738,0.9186504187540414,0.15338836527070931,0.735768365308232,0.9513713579571551,0.006803896449679646,0.005621848127739254,0.019498607242339833,0.009404388714733543
CHEST-XRAY,ConvNeXt,5,TAU_0.60,True,0.9576259489302967,0.9556089292609342,0.9882677708764666,0.012009303137163429,0.004601770847799721,0.0249153148519453,0.06693644335844878,0.8661271132831028,0.12744766982198585,0.9495372033013145,0.14238327209887994,0.9272853178606987,0.11879408000676195,0.7611324203178143,0.9579217093503184,0.008034525150189847,0.007087010572362216,0.016713091922005572,0.012539184952978056
CHEST-XRAY,ConvNeXt,5,TAU_0.70,True,0.9576259489302967,0.9556089292609342,0.9882677708764666,0.012009303137163429,0.004601770847799721,0.0249153148519453,0.06693644335844878,0.8661271132831028,0.12744766982198585,0.9495372033013145,0.1423832720988799,0.9272853178606987,0.11879408000676195,0.7611324203178143,0.9579217093503184,0.008034525150189847,0.007087010572362216,0.016713091922005572,0.012539184952978056
CHEST-XRAY,ConvNeXt,5,TAU_0.80,True,0.9576259489302967,0.9556089292609342,0.9882677708764666,0.012009303137163429,0.004601770847799721,0.0249153148519453,0.06693644335844878,0.8661271132831028,0.12744766982198585,0.9495372033013145,0.1423832720988799,0.9272853178606987,0.11879408000676195,0.7611324203178143,0.9579217093503184,0.008034525150189847,0.007087010572362216,0.016713091922005572,0.012539184952978056
CHEST-XRAY,ConvNeXt,5,TAU_0.85,True,0.9576259489302967,0.9556089292609342,0.9882677708764666,0.012009303137163429,0.004601770847799721,0.0249153148519453,0.06693644335844878,0.8661271132831028,0.12744766982198585,0.9495372033013145,0.1423832720988799,0.9272853178606987,0.11879408000676195,0.7611324203178143,0.9579217093503184,0.008034525150189847,0.007087010572362216,0.016713091922005572,0.012539184952978056
CHEST-XRAY,ConvNeXt,5,TAU_0.90,True,0.9576259489302967,0.9556089292609342,0.9882677708764666,0.012009303137163429,0.004601770847799721,0.0249153148519453,0.06693644335844878,0.8661271132831028,0.12744766982198585,0.9495372033013145,0.1423832720988799,0.9272853178606987,0.11879408000676195,0.7611324203178143,0.9579217093503184,0.008034525150189847,0.007087010572362216,0.016713091922005572,0.012539184952978056
CHEST-XRAY,ConvNeXt,5,TAU_0.95,True,0.9576259489302967,0.9556089292609342,0.9882677708764666,0.012009303137163429,0.004601770847799721,0.0249153148519453,0.06693644335844878,0.8661271132831028,0.12744766982198585,0.9495372033013145,0.1423832720988799,0.9272853178606987,0.11879408000676195,0.7611324203178143,0.9579217093503184,0.008034525150189847,0.007087010572362216,0.016713091922005572,0.012539184952978056
CHEST-XRAY,ConvNeXt,5,FAIR_rbf_svm,True,0.9576259489302967,0.9556089292609342,0.9871898517861252,0.015265761234741175,0.006706882253095469,0.0214258943468124,0.06665225441481008,0.8666954911703801,0.13049205265714292,0.9521694212746546,0.13387968796639704,0.9295345979811785,0.3560839131244926,0.7656263086499123,0.9604710781192113,0.00927638560202815,0.008328871024200518,0.013927576601671309,0.014106583072100314
CHEST-XRAY,ConvNeXt,5,FAIR_poly_svm,True,0.9472049689440993,0.9440026502213685,0.9873278780111079,0.01753426257386783,0.004416963608303949,0.023684678320125274,0.07887791586976778,0.8422441682604648,0.1393106083126226,0.9405333004796393,0.15534847501121563,0.9153119631070604,0.11420640725683495,0.7340305491083476,0.9522943843325739,0.007201153074558792,0.005688821759141227,0.022284122562674095,0.012539184952978056
CHEST-XRAY,ConvNeXt,5,FAIR_knn,True,0.9294685990338164,0.924729224264108,0.9713365539452496,0.033420522244203915,0.019213569268584436,0.039391647666279714,0.10702861071510365,0.7859427785697931,0.7160014561799509,0.9404065595948367,0.12221079703997159,0.9054164243538925,0.136179343410967,0.7407079993299435,0.9560586089128957,0.025935551922319364,0.023182292835735165,0.03481894150417809,0.023510971786833645
CHEST-XRAY,ConvNeXt,5,FAIR_equal_blend,True,0.9503795721187025,0.9466607976915364,0.9879194189753195,0.019918181482832944,0.006067276493027013,0.026827835897992987,0.07531194147671057,0.8493761170465792,0.13664121765956522,0.9401889276888976,0.1587641720687962,0.9167543284807107,0.212713487336804,0.7280586605869881,0.9516781495530696,0.007551138895466481,0.006175884779623874,0.020891364902506964,0.0109717868338558
CHEST-XRAY,ConvNeXt,5,ABL_no_descriptors,True,0.954520358868185,0.951767117805131,0.9874330408491899,0.0157613407169069,0.00803463332715081,0.021334900283433225,0.06713036884983309,0.8657392623003342,0.12887159882847501,0.9501319285145131,0.14146478543253324,0.9275168437854702,0.5161735225230625,0.7438761839699477,0.9601601316001228,0.008739752000948531,0.007618804993872753,0.016713091922005572,0.014106583072100314
CHEST-XRAY,MobileNetV3,1,BASE,True,0.9085652698063265,0.9052051285801817,0.9747359593259427,0.028024069134971234,0.006442171081820354,0.036758846280459924,0.12613050131769762,0.7477389973646053,0.20591248658454034,0.9167971611022949,0.21061091125011444,0.8742033839225769,0.23397082090377808,0.7330989241600037,0.9352682828903198,0.01661800114772421,0.012253888227901862,0.054242002781641166,0.023474178403755867
CHEST-XRAY,MobileNetV3,1,MC_DROPOUT,True,0.9085652698063265,0.9052051285801817,0.9750438975810468,0.03081226699492512,0.011600715039920464,0.03720355707130981,0.12461527663041957,0.7507694467391614,0.20478977346530736,0.9117946028709412,0.22042159736156464,0.871681272983551,0.14899305502573645,0.7195242047309875,0.9311275482177734,0.01640805330009606,0.012043940380273711,0.05146036161335188,0.02034428794992175
CHEST-XRAY,MobileNetV3,1,TEMP_SCALE,True,0.9085652698063265,0.9052051285801817,0.9747359593259427,0.027128177157630034,0.004673508761535961,0.03279454398023731,0.12660042925086218,0.7467991414982762,0.20596952366113266,0.921665370464325,0.19903472065925598,0.8775463700294495,0.23312640190124512,0.7414461374282837,0.9397865533828735,0.01661800114772421,0.012253888227901862,0.054242002781641166,0.023474178403755867
CHEST-XRAY,MobileNetV3,1,VEC_SCALE,True,0.903094451869906,0.9041961706062742,0.9740283565269806,0.01929206822917955,0.0035076655038702603,0.031601063667643065,0.12749145319392058,0.7450170936121594,0.2082459017614925,0.9213087083193906,0.1922986971984768,0.8787499208126435,0.15904584601166383,0.7329073371088424,0.9402526478488259,0.01638819347613599,0.01202408055631364,0.054242002781641166,0.02190923317683881
CHEST-XRAY,MobileNetV3,1,ISOTONIC,True,0.8972534528395839,0.8998548716933834,0.9739202505438058,0.0375414767462261,0.018924483679022396,0.04107027282082802,0.1320161118079515,0.7359677763840975,0.2361321054665945,0.930923342704773,0.17785172164440155,0.8802577257156372,0.6434241533279419,0.7663282155990601,0.948225200176239,0.017129301747225215,0.012395331287877193,0.048678720445062496,0.021325694278666308
CHEST-XRAY,MobileNetV3,1,DIRICHLET,True,0.8982886495269544,0.9011140245643159,0.9747359593259427,0.019186598636928006,0.0021666621154606213,0.028313242934075413,0.12589617705355372,0.748207645892893,0.20680160772381112,0.9208767414093018,0.19486023485660553,0.8792667984962463,0.14935495761724615,0.7216416597366333,0.9415156841278076,0.017992484518611997,0.013383527791164295,0.05146036161335188,0.02190923317683881
CHEST-XRAY,MobileNetV3,1,APEX,True,0.9279227926723799,0.9246461742591774,0.9784443221427261,0.0132956291910402,0.0005835836952321859,0.016896763957040564,0.10936986399325724,0.781260272013486,0.18729722536347074,0.9357606419091331,0.16901093750836355,0.8967756031332177,0.11308256722542742,0.7685262584651418,0.9488505126780283,0.014141176758821214,0.011394891194105462,0.04033379694019471,0.018779342723004695
CHEST-XRAY,MobileNetV3,1,ABL_no_gate,True,0.928469874466022,0.9247205977907733,0.9789160573420341,0.01704873234410862,0.0026045764287134527,0.01757588256929479,0.10874976744408082,0.7825004651118388,0.18457395767093157,0.9310043670395234,0.17794949693851533,0.8938338178200741,0.2537252915700642,0.7560281795374127,0.9447002089762606,0.013773963548940508,0.011027677984224755,0.04172461752433936,0.017214397496087636
CHEST-XRAY,MobileNetV3,1,ABL_no_rbf,True,0.9273757108787378,0.9245706212482259,0.9755156327803548,0.016532446744678877,0.0036405029452109866,0.021751369492347537,0.11286054855314823,0.774278902893704,0.1964975153387353,0.9273767868675798,0.1902142975627602,0.8886044422164228,0.38793589490755653,0.7670612360023669,0.9399251025898233,0.016096386881153876,0.013350101316438124,0.04033379694019471,0.023474178403755867
CHEST-XRAY,MobileNetV3,1,ABL_no_poly,True,0.9295050711533925,0.9259820866995938,0.9785163927981759,0.014903201369381018,0.00244828724570539,0.019314786466917165,0.10917053608717571,0.781658927825649,0.18708841627538614,0.9356857833137334,0.16899303688631662,0.8968565572619401,0.16385346090683128,0.7721451896086218,0.9482488747439106,0.014104485389490627,0.011452456846176106,0.04033379694019471,0.02190923317683881
CHEST-XRAY,MobileNetV3,1,ABL_no_knn,True,0.928469874466022,0.9247205977907733,0.9778481012658228,0.015717055707215686,0.003587102663121275,0.023144586573586652,0.11061554373856805,0.7787689125228643,0.18973503855361334,0.9370839996594668,0.16649451021556258,0.8971017582021287,0.1518410556033859,0.7753949217621812,0.949739824919983,0.014693906691725376,0.011947621127009624,0.04450625869262865,0.018779342723004695
CHEST-XRAY,MobileNetV3,1,ABL_focal,True,0.9274346777786513,0.9234601015422933,0.9784705296537988,0.01438327506619776,0.0013542558407689774,0.021188114544807117,0.10891436754094,0.7821712649181205,0.18674477421088656,0.9278450005740106,0.18899602072798988,0.890608990186021,0.14751587251880682,0.7521319686441,0.9418545531197738,0.015267619037291864,0.01242538743031716,0.03616133518776078,0.018779342723004695
CHEST-XRAY,MobileNetV3,1,TAU_0.60,True,0.928469874466022,0.9247205977907733,0.9784705296537987,0.01216441293088344,0.0006146148698074325,0.01842831227405062,0.10986672716813853,0.7802665456637234,0.1867709047013966,0.9319717071126883,0.17655486023789685,0.8938347539733249,0.2250480777990116,0.7626847030892362,0.9452222418405699,0.014015811101748194,0.011269525537032442,0.04172461752433936,0.02034428794992175
CHEST-XRAY,MobileNetV3,1,TAU_0.70,True,0.9279227926723799,0.9246461742591774,0.9787326047645254,0.013850343499211142,0.0,0.018860387991727914,0.10957562305035708,0.7808487538992863,0.18632696495388487,0.9333995709318688,0.1739958141089028,0.8949412741020206,0.10539113420445922,0.7648980962676626,0.9465886202308216,0.013879654418567169,0.011133368853851416,0.043115438108484005,0.02034428794992175
CHEST-XRAY,MobileNetV3,1,TAU_0.80,True,0.9268875959850094,0.9233849669346674,0.9785426003092487,0.01427901600635898,0.0009069243022593804,0.0176869706679904,0.10968593854606871,0.780628122907863,0.18715857129852392,0.9354924715659169,0.1702113959478167,0.8962586187463847,0.1269648904115369,0.7656597322271713,0.9490331899726547,0.014065351215921533,0.011223119608946829,0.04172461752433936,0.02034428794992175
CHEST-XRAY,MobileNetV3,1,TAU_0.85,True,0.9279227926723799,0.9246461742591774,0.9784443221427261,0.0132956291910402,0.0005835836952321859,0.016896763957040564,0.10936986399325724,0.781260272013486,0.18729722536347074,0.9357606419091331,0.16901093750836355,0.8967756031332177,0.11308256722542742,0.7685262584651418,0.9488505126780283,0.014141176758821214,0.011394891194105462,0.04033379694019471,0.018779342723004695
CHEST-XRAY,MobileNetV3,1,TAU_0.90,True,0.9279227926723799,0.9246461742591774,0.9782739733207537,0.010403748998145487,0.00012270729570157136,0.014508741848484085,0.10919208631105957,0.7816158273778813,0.1877679567295247,0.9358274763444498,0.1676044389962409,0.897153965383849,0.0787285796747138,0.7663804763579322,0.9490905343730842,0.014325298200036089,0.011579012635320336,0.04172461752433936,0.018779342723004695
CHEST-XRAY,MobileNetV3,1,TAU_0.95,True,0.9279227926723799,0.9246461742591774,0.9783591477317398,0.011098861381146918,0.0,0.01525874903837601,0.10949116596140497,0.7810176680771905,0.1878993546227816,0.9356448702097874,0.16674128411110228,0.8970685013523203,0.0729930317024835,0.7657113682510016,0.9489460080149286,0.01422747629153971,0.011481190726823957,0.043115438108484005,0.02034428794992175
CHEST-XRAY,MobileNetV3,1,FAIR_rbf_svm,True,0.928469874466022,0.9247205977907733,0.9769046308672065,0.018688916041429027,0.004755862213991904,0.022812179851673286,0.11188354014751965,0.7762329197049611,0.1951108571877536,0.940169413146156,0.15294954699036645,0.8996703679011746,0.15029150145610592,0.7789546306098291,0.9527881140734259,0.014191416097456826,0.011445130532741073,0.04450625869262865,0.025039123630672927
CHEST-XRAY,MobileNetV3,1,FAIR_poly_svm,True,0.9189172366800324,0.9177710946701582,0.9707327620095919,0.018872988997259862,0.004240626148728709,0.027180291234880753,0.11909481479950498,0.7618103704009905,0.21485649444946175,0.9316670323422817,0.17600471125127984,0.8891243076304658,0.2155125705145139,0.7697748971804834,0.9455246471727073,0.019131022383278462,0.0158880706566702,0.0458970792767733,0.03286384976525822
CHEST-XRAY,MobileNetV3,1,FAIR_knn,True,0.9170237440050318,0.9119952832633598,0.9616223759729537,0.02399224503939316,0.015082604269105808,0.03241684404622172,0.13223074436541823,0.7355385112691641,0.8308947693198291,0.9325655397838364,0.14248269614369005,0.8863720282592268,0.026981450252949957,0.771386880207082,0.9475589034653948,0.03358798201151079,0.029805851429479058,0.0556328233657857,0.03912363067292631
CHEST-XRAY,MobileNetV3,1,FAIR_equal_blend,True,0.9295050711533925,0.9259820866995938,0.9764394475456665,0.022433739622234494,0.002657658287306247,0.021625814141584633,0.11143528318437974,0.777129433631241,0.19479302567195078,0.9292452320790819,0.17772633845950597,0.891722234596956,0.256032801443976,0.762990131475603,0.942016850319511,0.015734595396638316,0.013082566853323796,0.03894297635605007,0.023474178403755867
CHEST-XRAY,MobileNetV3,1,ABL_no_descriptors,True,0.9206174489608723,0.9169330734243015,0.9777170637104594,0.01868331221049705,0.0036474088122580963,0.029183696998586254,0.11270296183544128,0.7745940763291179,0.19158647280645244,0.9357572875591958,0.16798092448979968,0.8953831830811023,0.2699302652978516,0.7520227302968495,0.9517559428854409,0.014578097686198796,0.011230720452213037,0.04450625869262865,0.02190923317683881
CHEST-XRAY,MobileNetV3,2,BASE,True,0.9300521529470347,0.9260546743713681,0.9788767460754253,0.017052136091177377,0.004146018639968919,0.025894850338616875,0.101397103652899,0.7972057926942024,0.18001622589497,0.9277016520500183,0.18288111686706543,0.8956997990608215,0.21495009660720826,0.7242941856384277,0.9433273673057556,0.014262902245326073,0.011610873702011552,0.031988873435326845,0.02034428794992175
CHEST-XRAY,MobileNetV3,2,MC_DROPOUT,True,0.9300521529470347,0.9260546743713681,0.9788374348088162,0.012999019575059343,0.0013881533011889091,0.02310332988047313,0.10263196040058921,0.794736079198822,0.18118150342748465,0.9235972762107849,0.1925235539674759,0.8920626640319824,0.0958959658940633,0.7210190892219543,0.9391592144966125,0.014144320698629056,0.011492292155314535,0.03337969401947149,0.02034428794992175
CHEST-XRAY,MobileNetV3,2,TEMP_SCALE,True,0.9300521529470347,0.9260546743713681,0.9788767460754253,0.016475368277152257,0.0030735490162653086,0.02951139381775477,0.10121731505397753,0.7975653698920453,0.18191720972079034,0.9390890598297119,0.15318948030471802,0.9044919610023499,0.1376524567604065,0.7424827814102173,0.9541922211647034,0.014262902245326073,0.011610873702011552,0.031988873435326845,0.02034428794992175
CHEST-XRAY,MobileNetV3,2,VEC_SCALE,True,0.9320635794218624,0.9297012474093771,0.9789160573420342,0.022625639266564232,0.004111346361191449,0.026641150950076214,0.09710694609290697,0.8057861078141865,0.17760801589413058,0.9400720407617565,0.15209715456686362,0.9068712691482147,0.23221771217237758,0.7456242270298146,0.9541662447101119,0.013806023795835032,0.011426654924050218,0.031988873435326845,0.018779342723004695
CHEST-XRAY,MobileNetV3,2,ISOTONIC,True,0.9304223340409361,0.9294806417447927,0.9752273501585554,0.020028624128788086,0.007387534994856603,0.02990759067145271,0.10138004721655586,0.7972399055668887,0.2617575489995674,0.939343273639679,0.1340431421995163,0.9075712561607361,0.20297293938123262,0.7350544929504395,0.9541508555412292,0.01943088606773173,0.017051517195946917,0.033777071329226964,0.022639540949399937
CHEST-XRAY,MobileNetV3,2,DIRICHLET,True,0.9330987761092329,0.9309676462293601,0.9788767460754253,0.01683230453796767,0.002809311857893587,0.0180393362645694,0.09868139925468912,0.8026372014906221,0.18031074220876478,0.9372019171714783,0.15651342272758484,0.904532790184021,0.12430305372584949,0.746252179145813,0.9507681131362915,0.014739866735359184,0.012448021503479022,0.031988873435326845,0.02034428794992175
CHEST-XRAY,MobileNetV3,2,APEX,True,0.9355983174777891,0.9358366506767708,0.9821788924705821,0.01367884575659648,0.0018595276218061172,0.021313738601110004,0.08868970942454245,0.8226205811509155,0.15889356601545326,0.9433199311132806,0.1545614893882209,0.9122649735083381,0.1515506514256224,0.7531929706770308,0.9557415591951156,0.012272411594584075,0.010313906348069677,0.022253129346314324,0.01564945226917058
CHEST-XRAY,MobileNetV3,2,ABL_no_gate,True,0.9345631207904186,0.9345631207904186,0.9823754488036271,0.015585473000091119,0.004772281670274055,0.02187475838703138,0.08743993732479818,0.825120125350404,0.15854017156131428,0.9366023676999793,0.16515640830791803,0.9088473160597672,0.14921697169201353,0.7217628626052951,0.9509441237143107,0.012258540429574059,0.01021920889301705,0.02642559109874826,0.01564945226917058
CHEST-XRAY,MobileNetV3,2,ABL_no_rbf,True,0.9397980711271849,0.9397980711271849,0.9820806143040596,0.015050383561079319,0.0032766079493307043,0.019480600211887262,0.0888639904908021,0.8222720190183962,0.16117085509600085,0.9338848992216704,0.17918725608400274,0.9047427071974788,0.20375177394804567,0.7530936024709685,0.9449292546672646,0.012371508948889436,0.010645478939111656,0.02920723226703755,0.012519561815336464
CHEST-XRAY,MobileNetV3,2,ABL_no_poly,True,0.9355983174777891,0.9358366506767708,0.9821788924705821,0.015187792613272837,0.0031685751164157675,0.02289469158593497,0.08939177100340076,0.8212164579931989,0.15978066210635483,0.94350652676416,0.15444528922174777,0.9119674905895988,0.28470224874711136,0.757139692892597,0.955682493243769,0.012294636918332436,0.010336131671818037,0.025034770514603615,0.01564945226917058
CHEST-XRAY,MobileNetV3,2,ABL_no_knn,True,0.9340160389967764,0.9344910140364686,0.9822313074927274,0.015770985557612957,0.004562574723855224,0.023580049245696864,0.088367648221632,0.8232647035567364,0.15838050616837787,0.9436794767971833,0.1536332921196669,0.9127365861476067,0.19244421692783809,0.7472336962901182,0.9567933473250249,0.012225573610422352,0.010186242073865343,0.02086230876216968,0.017214397496087636
CHEST-XRAY,MobileNetV3,2,ABL_focal,True,0.9393099562334565,0.9385892184037743,0.982218203737191,0.019692703136271722,0.0037421558663647556,0.01925641521809955,0.0892558656252219,0.8214882687495566,0.1607636695330624,0.9355370280391102,0.17567734928652343,0.9055069827361288,0.2371557810748457,0.7552553850753435,0.9468046307243457,0.012424920398794465,0.010623063696583768,0.025034770514603615,0.017214397496087636
CHEST-XRAY,MobileNetV3,2,TAU_0.60,True,0.9345631207904186,0.9345631207904186,0.9821461330817411,0.015429189051831112,0.002987059276021236,0.02024341527506789,0.08794922619094389,0.8241015476181126,0.15916062848443097,0.9388829162432983,0.1621215436185952,0.9098507128665276,0.14058347847983887,0.7319673049803983,0.9526957073823438,0.012348657806358425,0.010309326269801414,0.02364394993045897,0.017214397496087636
CHEST-XRAY,MobileNetV3,2,TAU_0.70,True,0.9361453992714313,0.9359068176051208,0.9822968262704092,0.01633128206628751,0.003176094212385917,0.020355026577020933,0.08774805693092012,0.8245038861381602,0.1583442855768403,0.9412704100617074,0.15869801251398388,0.9113152804943941,0.20326112149424724,0.7442260053498297,0.9541439778362167,0.012267462864706567,0.010308957618192168,0.02364394993045897,0.01564945226917058
CHEST-XRAY,MobileNetV3,2,TAU_0.80,True,0.9371805959588018,0.9371805959588018,0.9822968262704092,0.014262293291758968,0.002459370940985854,0.019541244430147816,0.08722332353395951,0.8255533529320813,0.15764228076153325,0.9425859191746531,0.1561784378466035,0.9124435976680852,0.28810510395702194,0.7508720300390394,0.9548392702778614,0.012232773538037233,0.01035342582895802,0.022253129346314324,0.01564945226917058
CHEST-XRAY,MobileNetV3,2,TAU_0.85,True,0.9355983174777891,0.9358366506767708,0.9821788924705821,0.01367884575659648,0.0018595276218061172,0.021313738601110004,0.08868970942454245,0.8226205811509155,0.15889356601545326,0.9433199311132806,0.1545614893882209,0.9122649735083381,0.1515506514256224,0.7531929706770308,0.9557415591951156,0.012272411594584075,0.010313906348069677,0.022253129346314324,0.01564945226917058
CHEST-XRAY,MobileNetV3,2,TAU_0.90,True,0.9340160389967764,0.9344910140364686,0.9824213119480043,0.013093394274407442,0.0020838956353504104,0.02240314393919443,0.0889635646581918,0.8220728706836168,0.15884652545777192,0.9434060656485226,0.15359683366749996,0.9123034944919334,0.2430367299329999,0.7485095435411491,0.9564165143873326,0.01215912289867794,0.01011979136212093,0.022253129346314324,0.01564945226917058
CHEST-XRAY,MobileNetV3,2,TAU_0.95,True,0.9329808423094059,0.9332177384594962,0.9829061509028488,0.013784603036830484,0.0023257846247928355,0.022859852336915995,0.08892964118490529,0.8221407176301898,0.1575364785273063,0.9429890576842295,0.1530700691646656,0.91227964250915,0.2356084300142628,0.7405570855381232,0.9567912376032821,0.01179781961789523,0.009675990810714075,0.02364394993045897,0.014084507042253521
CHEST-XRAY,MobileNetV3,2,FAIR_rbf_svm,True,0.9324337605157638,0.9331436699857752,0.9829127027806169,0.022377250816857375,0.008508169316893192,0.027967893322141068,0.09120547434329203,0.8175890513134163,0.16478143097235662,0.9475778727214574,0.13957529430315682,0.9147323475438335,0.4774181837969378,0.7572899472247219,0.9605520494598712,0.010612879521463352,0.008491050714282196,0.022253129346314324,0.014084507042253521
CHEST-XRAY,MobileNetV3,2,FAIR_poly_svm,True,0.9354803836779622,0.9381045858283186,0.9802985035511177,0.017170828689181027,0.0035083284323533396,0.021743764862343258,0.09218017364101634,0.8156396527179677,0.1746043902975693,0.9343525572520194,0.1719113612370865,0.9043174047016175,0.2046575312518899,0.7552987966784162,0.9455434172878696,0.013718881555964903,0.011917024853754206,0.027816411682892908,0.017214397496087636
CHEST-XRAY,MobileNetV3,2,FAIR_knn,True,0.919405351573761,0.9189464245978245,0.9633389679482138,0.0368776295395781,0.02113628972108578,0.039517940662710575,0.12497156885352703,0.7500568622929464,0.8215451195252081,0.9337322901399164,0.13906349819919447,0.8910469279917693,0.09874736096844672,0.775045196422336,0.9470818149845431,0.031492739639203494,0.02835251292478853,0.04867872044506251,0.029733959311424012
CHEST-XRAY,MobileNetV3,2,FAIR_equal_blend,True,0.9308514820347511,0.9317946024033095,0.9820413030374505,0.012846273366817212,0.0005559447344182992,0.01637861211540609,0.0934182302133033,0.8131635395733938,0.1684822116580844,0.9332585174827491,0.17123488020391733,0.9033655600790735,0.06256490244819102,0.7296583938993929,0.9474314845862761,0.012206652039256579,0.010000652746938482,0.030598052851182198,0.012519561815336464
CHEST-XRAY,MobileNetV3,2,ABL_no_descriptors,True,0.9313985638283933,0.9318706545979273,0.9828275283696307,0.020868170109721345,0.0078174651977692,0.023719108731292196,0.0921318321071666,0.8157363357856672,0.15975319234558802,0.9400115986027151,0.16287759110410474,0.9078294203031814,0.26884725203643256,0.7472457736666104,0.9534303708874238,0.010459133020396449,0.008253133728078354,0.025034770514603615,0.014084507042253521
CHEST-XRAY,MobileNetV3,3,BASE,True,0.9172006447047725,0.9087225925622002,0.9800233246848546,0.01601085010846057,0.0037222771839748245,0.06120470755772014,0.12777592767816848,0.7444481446436635,0.21093554022713562,0.9197145700454712,0.20214851200580597,0.876369833946228,0.14057683944702148,0.7438908219337463,0.9368622303009033,0.016161729385941546,0.012035564595271584,0.05146036161335188,0.0297339593114241
CHEST-XRAY,MobileNetV3,3,MC_DROPOUT,True,0.9198181198731556,0.911293787137913,0.9799381502738685,0.023525629234552668,0.005119249520528443,0.06125637824974664,0.1274028254759218,0.745194349048157,0.21056778842407942,0.9153265953063965,0.2117891013622284,0.8734651803970337,0.2010994383266994,0.7423707842826843,0.9316744208335876,0.016166315282109975,0.012271221886326861,0.05146036161335188,0.03129890453834116
CHEST-XRAY,MobileNetV3,3,TEMP_SCALE,True,0.9172006447047725,0.9087225925622002,0.9800233246848546,0.023884602347960023,0.0075378428364211315,0.0583209172654687,0.12961281344212866,0.7407743731157432,0.21658792935945562,0.9350235462188721,0.1634865403175354,0.8869137167930603,0.1436978578567505,0.7707028985023499,0.9510493278503418,0.016161729385941546,0.012035564595271584,0.05146036161335188,0.0297339593114241
CHEST-XRAY,MobileNetV3,3,VEC_SCALE,True,0.923723039022984,0.9207089810228003,0.9802657441622769,0.025294383555308383,0.005940387783523117,0.032198487158922824,0.11310935218858087,0.7737812956228387,0.18627081135778328,0.9405025112942162,0.15006786579407225,0.8995614708391789,0.17651866649269965,0.7681302567506133,0.9547500824692295,0.01154391803903178,0.008504718148946384,0.04172461752433936,0.023474178403755867
CHEST-XRAY,MobileNetV3,3,ISOTONIC,True,0.918235841392143,0.9099703818170111,0.9769504940115836,0.03677375176373655,0.01949384889789456,0.03724321509502799,0.11846753669925472,0.7630649266014911,0.1932438673053878,0.9480100870132446,0.132440447807312,0.901729941368103,0.4610658884048462,0.7641268968582153,0.9656669497489929,0.01234827875057629,0.008338508069184849,0.03810848400556324,0.02271868760455447
CHEST-XRAY,MobileNetV3,3,DIRICHLET,True,0.9201293340671436,0.915757903120372,0.9800233246848546,0.019527351080401538,0.004783563985203805,0.027549692272827574,0.11446494286434941,0.7710701142713017,0.1848975444324376,0.9381756782531738,0.15552888810634613,0.8970116376876831,0.17573145261177647,0.7530003190040588,0.9545739889144897,0.011285164646758874,0.007831659096612532,0.04450625869262865,0.025039123630672927
CHEST-XRAY,MobileNetV3,3,APEX,True,0.9382747595460859,0.9373161259953713,0.9857431139764656,0.019405148116667208,0.003846489482818212,0.02686879841368778,0.0895680358585372,0.820863928282926,0.1519220042758244,0.9428783362153484,0.15692150965866017,0.9114061873163297,0.2953147009702407,0.7619400726074579,0.9544429655804334,0.007788620131278696,0.005909272422199483,0.027816411682892908,0.010954616588419406
CHEST-XRAY,MobileNetV3,3,ABL_no_gate,True,0.938821841339728,0.9373824451410658,0.9862869198312236,0.0175236146541169,0.0007446583264252157,0.025303326656871895,0.09166418308352572,0.8166716338329489,0.1538371300971159,0.9348754887028002,0.17290752222703726,0.9046122132200501,0.09013881621475728,0.7518787199033042,0.9465716869749384,0.007803248289457052,0.005923900580377839,0.030598052851182198,0.014084507042253521
CHEST-XRAY,MobileNetV3,3,ABL_no_rbf,True,0.9436276436826794,0.940236620964175,0.9836006499462746,0.014632757339313646,0.0031882845306860086,0.023974476519781032,0.09217372055099966,0.815652558898001,0.1617643508554657,0.9333861244362789,0.17898131682984286,0.9028051733282153,0.13268997169847463,0.7655889123406837,0.9436366845377361,0.009807395185469287,0.008081365175691508,0.030598052851182198,0.018779342723004695
CHEST-XRAY,MobileNetV3,3,ABL_no_poly,True,0.9372395628587153,0.9360441847434564,0.9857431139764656,0.02197504849515857,0.00455900970852831,0.02785357378974255,0.08993010894103882,0.8201397821179227,0.15208911162773797,0.942458323392369,0.15719829811256164,0.9110820317847936,0.24190387373864575,0.7558128264740087,0.9546524958577022,0.007791682584204452,0.005833177337690053,0.02642559109874826,0.010954616588419406
CHEST-XRAY,MobileNetV3,3,ABL_no_knn,True,0.9393099562334565,0.9385892184037743,0.9857103545876249,0.025695222256018307,0.009323963045353925,0.030996764241638924,0.08973613224749878,0.8205277355050028,0.15245802789512422,0.9444317164155047,0.1543501629907786,0.9122914892107489,0.3304787442899183,0.7731919312404253,0.955134202988947,0.0077842072144822675,0.00598235051227157,0.027816411682892908,0.010954616588419406
CHEST-XRAY,MobileNetV3,3,ABL_focal,True,0.938939775139555,0.9351039636127355,0.9836399612128836,0.01959970344723345,0.004993873271105686,0.03244680132359746,0.09385640564285756,0.8122871887142853,0.16431675898795595,0.9345431013479155,0.18148400041265286,0.9017701423255593,0.34781931264520005,0.7618559425886268,0.9460709490621538,0.010213519602088382,0.008174188065531371,0.030598052851182198,0.017214397496087636
CHEST-XRAY,MobileNetV3,3,TAU_0.60,True,0.938821841339728,0.9373824451410658,0.9860117409649606,0.012657618719438948,0.0007403346388857265,0.021065505736780007,0.09175299049595259,0.8164940190080952,0.15433577655620512,0.9370059533352619,0.16945654967152218,0.9059253277958271,0.105441141357417,0.7586814563125873,0.9484035243833157,0.007867020865184126,0.0059876731561049135,0.02920723226703755,0.014084507042253521
CHEST-XRAY,MobileNetV3,3,TAU_0.70,True,0.938821841339728,0.9373824451410658,0.9867062400083864,0.014392499445445316,0.0013771217914205231,0.026116703594889552,0.0900775806858126,0.8198448386283752,0.1517737218091851,0.9401615818307568,0.16385874086701005,0.9088969018010239,0.13476407589205297,0.7602133264974659,0.9516629350344824,0.007450729072789415,0.005571381363710202,0.027816411682892908,0.012519561815336464
CHEST-XRAY,MobileNetV3,3,TAU_0.80,True,0.9372395628587153,0.9360441847434564,0.9866341693529366,0.015792752659298588,0.0018579083348683753,0.02578024454197665,0.08935563517024672,0.8212887296595069,0.15067544308781267,0.9420136292470401,0.15908342021411584,0.9108419159909582,0.1942934845832036,0.7541448866490773,0.9542877204301072,0.007339594858437096,0.005381089611922698,0.027816411682892908,0.012519561815336464
CHEST-XRAY,MobileNetV3,3,TAU_0.85,True,0.9382747595460859,0.9373161259953713,0.9857431139764656,0.019405148116667208,0.003846489482818212,0.02686879841368778,0.0895680358585372,0.820863928282926,0.1519220042758244,0.9428783362153484,0.15692150965866017,0.9114061873163297,0.2953147009702407,0.7619400726074579,0.9544429655804334,0.007788620131278696,0.005909272422199483,0.027816411682892908,0.010954616588419406
CHEST-XRAY,MobileNetV3,3,TAU_0.90,True,0.9382747595460859,0.9373161259953713,0.9860379484760332,0.021325177495131943,0.0037003040886782767,0.02724739664052667,0.08838501362078993,0.8232299727584205,0.1499399167958575,0.9434023091678617,0.15532882710790694,0.9124392959396614,0.27055926754277815,0.7577025788472076,0.9552712666317649,0.007583141450705058,0.005703793741625845,0.027816411682892908,0.010954616588419406
CHEST-XRAY,MobileNetV3,3,TAU_0.95,True,0.9372395628587153,0.9360441847434564,0.9860903634981786,0.02251970582606652,0.0043897828583436636,0.027511202512219383,0.08896307147108833,0.8220738570578237,0.15015226995462183,0.9436350523328474,0.1537369379692543,0.912367493018045,0.2909868735332729,0.7549263254339508,0.9559640224902421,0.007499311848950012,0.005540806602435613,0.027816411682892908,0.012519561815336464
CHEST-XRAY,MobileNetV3,3,FAIR_rbf_svm,True,0.9377276777524438,0.9372488448499287,0.9853762088214482,0.017407491420823148,0.004840789796770767,0.021067793880971488,0.09043744548932327,0.8191251090213538,0.15248529617836756,0.9501918999059891,0.1340442770306893,0.9169283207398605,0.25932989183418953,0.7768499974347586,0.9612710095179988,0.007989950167135312,0.006110602458056099,0.027816411682892908,0.009389671361502348
CHEST-XRAY,MobileNetV3,3,FAIR_poly_svm,True,0.9403451529208271,0.939863476314515,0.9804950598841627,0.01813238056069397,0.0010568268997211043,0.021692153815724858,0.09268472426395034,0.8146305514720997,0.16662747520618948,0.937682243489133,0.16043093902555514,0.9069193038115366,0.14177588107576766,0.7671694435043414,0.9480986960778454,0.011362188550373428,0.009636158540595649,0.031988873435326845,0.018779342723004695
CHEST-XRAY,MobileNetV3,3,FAIR_knn,True,0.9180589406924025,0.9132485800173396,0.9676107922530597,0.030847302871853124,0.015848525086793824,0.03924386309832583,0.1253473900652833,0.7493052198694339,0.7022808008095072,0.9302830070302751,0.1462650374553027,0.8884304242021784,0.0947904709002595,0.7495538334302171,0.9468251581657995,0.028166957159229025,0.024496077264470468,0.050069541029207056,0.03129890453834096
CHEST-XRAY,MobileNetV3,3,FAIR_equal_blend,True,0.9414393165081112,0.9399915099268548,0.9833320229577798,0.012729534877164975,0.0021047987723148798,0.0186235627125281,0.09209851212473137,0.8158029757505376,0.15953150896688015,0.9325623968347124,0.16844357757930667,0.9040926829178588,0.1549733935040566,0.7472532762996297,0.9438827415154742,0.009579896174663973,0.007853866164886194,0.031988873435326845,0.018779342723004695
CHEST-XRAY,MobileNetV3,3,ABL_no_descriptors,True,0.93936892313337,0.9374478079331942,0.9850289592997353,0.024479330019069857,0.009495796100614446,0.0299649485188887,0.09206683094368949,0.8158663381126214,0.15578953912345933,0.9434147978241774,0.15733611001154435,0.9101708606188018,0.34256251677151867,0.7766865190322404,0.9540711991317844,0.008094954843160942,0.006215607134081729,0.030598052851182198,0.010954616588419406
CHEST-XRAY,MobileNetV3,4,BASE,True,0.9145405823308961,0.9170338065358314,0.978673637864612,0.03193103871745368,0.015044537895406822,0.03708953069096365,0.11303305899310229,0.7739338820137959,0.19099208489802716,0.898542582988739,0.24434061348438263,0.8695864081382751,0.15837122385318458,0.6836196184158325,0.9169396162033081,0.012005778811715724,0.008762827085107462,0.04450625869262865,0.02034428794992175
CHEST-XRAY,MobileNetV3,4,MC_DROPOUT,True,0.9187403359802919,0.9210307838279479,0.9783329402206672,0.03426405358523393,0.016659640428884726,0.040239279402025964,0.1146159871825927,0.7707680256348151,0.19422064119912963,0.8939700722694397,0.2534749209880829,0.865719199180603,0.09635044831149986,0.6881034970283508,0.9106845855712891,0.012246412404076399,0.009306543451524407,0.043115438108484005,0.018779342723004695
CHEST-XRAY,MobileNetV3,4,TEMP_SCALE,True,0.9145405823308961,0.9170338065358314,0.978673637864612,0.02451216749315415,0.009439568748506695,0.028143288719191566,0.1116428199626004,0.7767143600747997,0.18621722866990084,0.9097634553909302,0.2178916186094284,0.8784788250923157,0.23053769554410664,0.6983845829963684,0.9278571009635925,0.012005778811715724,0.008762827085107462,0.04450625869262865,0.02034428794992175
CHEST-XRAY,MobileNetV3,4,VEC_SCALE,True,0.9155757790182666,0.9183026584867076,0.9786474303535393,0.020184129678821022,0.007294041420754566,0.02819226109630522,0.11206759901806769,0.7758648019638651,0.18670947690776746,0.9099803597853822,0.21749663998582247,0.8783583136948285,0.11435766302342776,0.7037581840834874,0.92732876533968,0.012139264195936748,0.008999037481521786,0.04172461752433936,0.02034428794992175
CHEST-XRAY,MobileNetV3,4,ISOTONIC,True,0.9219638598422308,0.9226564025325635,0.9761642686794034,0.01931338017813402,0.00726501091140868,0.02106874293090546,0.11301168563769202,0.7739766287246164,0.2051773340913931,0.9184929132461548,0.19196511805057526,0.8831824064254761,0.05690523491630073,0.7390946745872498,0.9327963590621948,0.015645607229635924,0.01280337562266122,0.041724617524339244,0.030468525438344295
CHEST-XRAY,MobileNetV3,4,DIRICHLET,True,0.9155757790182666,0.9183026584867076,0.978673637864612,0.019809683661287797,0.006839605264231926,0.02812088421022563,0.1120747498711935,0.7758505002576135,0.18711800517640195,0.9083678126335144,0.22124041616916656,0.8771898746490479,0.09925931294759116,0.7008970379829407,0.9258212447166443,0.012120580855269748,0.008980354140854786,0.043115438108484005,0.02034428794992175
CHEST-XRAY,MobileNetV3,4,APEX,True,0.9312806300285662,0.9341150471666997,0.9874859134627985,0.02686059446099181,0.010145141445550069,0.033431315260396985,0.09000871145894143,0.8199825770821175,0.14894678361444005,0.9416944097938318,0.16030437572638223,0.9102309899273703,0.23500803269274795,0.7513927247330275,0.9543981270876104,0.006827358457932526,0.004788026921375516,0.02642559109874826,0.010954616588419406
CHEST-XRAY,MobileNetV3,4,ABL_no_gate,True,0.9286631548601829,0.9314796490533677,0.9876824697958435,0.025689793327120264,0.0128204947413364,0.029593946236344804,0.08847882049066677,0.8230423590186668,0.14758233127979456,0.9354612088617084,0.17454775640637923,0.9061906503507009,0.33608886831891677,0.7248766947143737,0.9501203718277879,0.006732926049831359,0.004526926757513263,0.02364394993045897,0.009389671361502348
CHEST-XRAY,MobileNetV3,4,ABL_no_rbf,True,0.9276279581728124,0.9302030435936359,0.9858807034095971,0.029256810196133437,0.010795396973800482,0.03651917965370168,0.09268392480493635,0.8146321503901277,0.1568941195949186,0.9279244156494465,0.193404740480839,0.8983129043429711,0.1372183332920296,0.7232037503195636,0.9424689133203361,0.007799510804081379,0.005507665572201217,0.030598052851182198,0.009389671361502348
CHEST-XRAY,MobileNetV3,4,ABL_no_poly,True,0.9296983515475535,0.9327575367037348,0.9875579841182484,0.029304972516104408,0.011520623403259416,0.031642681243065886,0.0897171765823067,0.820565646835387,0.14852791117560138,0.9418032481685765,0.16006957587714696,0.910435052106486,0.26672444809845175,0.7457175358197098,0.9551727285559993,0.006824583082483542,0.004702754275302385,0.02642559109874826,0.00782472613458529
CHEST-XRAY,MobileNetV3,4,ABL_no_knn,True,0.9338981051969495,0.9367504452800317,0.9873417721518988,0.024749769341985663,0.010916437000470815,0.030852780988727735,0.09073328597780977,0.8185334280443808,0.15020871977339034,0.942351222001973,0.1591040188142438,0.910305669891525,0.20799196911018325,0.7667124597525833,0.953577134902067,0.0069097705212354645,0.005030422812156252,0.027816411682892908,0.010954616588419406
CHEST-XRAY,MobileNetV3,4,ABL_focal,True,0.9307925151348377,0.9329151747129276,0.9876759179180754,0.029879529131765073,0.013142766829224207,0.033749714130022625,0.08902026342357003,0.8219594731528603,0.15085172789286538,0.9317948425711927,0.18842268569633602,0.9024932287581435,0.15352425907932332,0.7295293082022195,0.9455856744599864,0.006750103527174806,0.00462827471999365,0.02642559109874826,0.00782472613458529
CHEST-XRAY,MobileNetV3,4,TAU_0.60,True,0.9286631548601829,0.9314796490533677,0.9877610923290615,0.02326442205076762,0.011272841207285163,0.03228808155144279,0.08857041919016842,0.8228591616196635,0.1476047903730549,0.9371139151174006,0.17152905075092498,0.9072711527695744,0.24454289333037915,0.7292727607299342,0.9515821079261667,0.006709347595997132,0.004503348303679036,0.02364394993045897,0.009389671361502348
CHEST-XRAY,MobileNetV3,4,TAU_0.70,True,0.9286631548601829,0.9314796490533677,0.9877479885735252,0.028119866722405566,0.014335575554700653,0.034426426886343335,0.08882020810715228,0.8223595837856958,0.14764047018924795,0.9390542113215543,0.16732946514159383,0.908641386712791,0.2450667056429372,0.7336523736769412,0.9533525989487565,0.006665076042083436,0.00445907674976534,0.02364394993045897,0.009389671361502348
CHEST-XRAY,MobileNetV3,4,TAU_0.80,True,0.9312806300285662,0.9341150471666997,0.9875252247294074,0.025996396899297954,0.011640717327463449,0.03333033992888207,0.08942694092770546,0.8211461181445894,0.14848436838376167,0.9411008173183488,0.16260419878068735,0.9098830051519113,0.23293982209766773,0.7494303192098344,0.9538959106500252,0.006818823353491793,0.004779491816934783,0.02642559109874826,0.009389671361502348
CHEST-XRAY,MobileNetV3,4,TAU_0.85,True,0.9312806300285662,0.9341150471666997,0.9874859134627985,0.02686059446099181,0.010145141445550069,0.033431315260396985,0.09000871145894143,0.8199825770821175,0.14894678361444005,0.9416944097938318,0.16030437572638223,0.9102309899273703,0.23500803269274795,0.7513927247330275,0.9543981270876104,0.006827358457932526,0.004788026921375516,0.02642559109874826,0.010954616588419406
CHEST-XRAY,MobileNetV3,4,TAU_0.90,True,0.9312806300285662,0.9341150471666997,0.9876038472626254,0.027527620518929617,0.008887764513379118,0.031078531645426146,0.0895689554246445,0.8208620891507113,0.14797427821474718,0.9419841975025804,0.15897669009549373,0.9107670263804201,0.23500803269274795,0.7494251972660606,0.954838603392869,0.006739151349124242,0.004699819812567232,0.02642559109874826,0.010954616588419406
CHEST-XRAY,MobileNetV3,4,TAU_0.95,True,0.9312806300285662,0.9341150471666997,0.9876431585292345,0.026363973678633724,0.007727714578437312,0.0306523628774792,0.0895717607715702,0.8208564784568599,0.14726718221373125,0.9422164250314049,0.15713836663132275,0.9111041441588532,0.23500803269274795,0.7485871241716876,0.9551422795614259,0.006655602590356823,0.0046162710537998135,0.027816411682892908,0.010954616588419406
CHEST-XRAY,MobileNetV3,4,FAIR_rbf_svm,True,0.9344451869905914,0.9368246270623584,0.9870895248578242,0.020849396954080238,0.007343927985820542,0.030874892552746974,0.09142360476712365,0.8171527904657531,0.15011287149963354,0.9468991990815084,0.14248477747277552,0.9139619005893189,0.27844302491057443,0.7741343905756207,0.9579414238595148,0.007077019170611246,0.005197671461532033,0.027816411682892908,0.010954616588419406
CHEST-XRAY,MobileNetV3,4,FAIR_poly_svm,True,0.9239163194171449,0.9273968777931426,0.9840789370233509,0.0201521927841192,0.0054597429687191935,0.026723897882927873,0.0963352974607172,0.807329405078566,0.1613039642397104,0.9343163048002185,0.17305913703951947,0.90169154139827,0.5173075475363434,0.736974417801425,0.9489047507477101,0.00889479126350359,0.006426218799524768,0.03337969401947149,0.01564945226917058
CHEST-XRAY,MobileNetV3,4,FAIR_knn,True,0.9298752522472941,0.9294049504561697,0.9718858924967896,0.034111175600996524,0.023611387145562594,0.038432938161720796,0.10580576243625525,0.7883884751274899,0.6779300832123867,0.932604642371177,0.13979063792817456,0.9002164889366743,0.1366697657259881,0.7396123573534039,0.9465933449093781,0.024890185789448068,0.022510816917663254,0.031988873435326734,0.023474178403755742
CHEST-XRAY,MobileNetV3,4,FAIR_equal_blend,True,0.9338981051969495,0.9367504452800317,0.9865883062085593,0.010979096063509542,0.0013140915937333833,0.021537387491279973,0.08904626177185307,0.8219074764562943,0.14914329075286925,0.9324444578340946,0.17115974114961222,0.9052899769747547,0.06792221796526898,0.7260044813188808,0.9456390235767447,0.007452305297157073,0.00557295758807786,0.02642559109874826,0.012519561815336464
CHEST-XRAY,MobileNetV3,4,ABL_no_descriptors,True,0.9254985978981576,0.9287596592034872,0.9873941871740441,0.024699875728134618,0.011689729362263278,0.03258779026750566,0.09189982506061087,0.8162003498787787,0.15166997861402234,0.9376869775050815,0.17051647153262203,0.9061111722495632,0.3127244132892814,0.7336024851773998,0.95247967896239,0.006934551841867422,0.004555182970082608,0.025034770514603615,0.009389671361502348
CHEST-XRAY,MobileNetV3,5,BASE,True,0.9436853002070393,0.9378250452872086,0.9848828420256991,0.02188301213403092,0.006505815370556771,0.041040913930120784,0.09221743923275837,0.8155651215344837,0.16385464364660587,0.9234932065010071,0.1967713087797165,0.8964749574661255,0.18635601997375484,0.7245886921882629,0.9362229704856873,0.010554818933498336,0.008670709868783924,0.023676880222841225,0.01567398119122257
CHEST-XRAY,MobileNetV3,5,MC_DROPOUT,True,0.9410628019323672,0.9352344221741755,0.9846988070590555,0.028213641398532677,0.012839548587228928,0.046759796393031516,0.09362133562891028,0.8127573287421798,0.16623445287397925,0.9191864132881165,0.20652715861797333,0.8925682306289673,0.15836486362275626,0.71241295337677,0.9330081939697266,0.010558827491659768,0.008514326953183951,0.026462395543175487,0.014106583072100314
CHEST-XRAY,MobileNetV3,5,TEMP_SCALE,True,0.9436853002070393,0.9378250452872086,0.9848828420256991,0.018129831193981285,0.0032840075910282977,0.037231684713169275,0.09196922472870217,0.816061550542596,0.1630818748815061,0.925841212272644,0.1907789558172226,0.8984029293060303,0.18600411415100093,0.728081226348877,0.9384979009628296,0.010554818933498336,0.008670709868783924,0.023676880222841225,0.01567398119122257
CHEST-XRAY,MobileNetV3,5,VEC_SCALE,True,0.9418219461697723,0.9410904903220092,0.9847316704459562,0.027634757498511214,0.01133952396794186,0.029675731512145958,0.08465672945531526,0.8306865410893698,0.15274046821670578,0.9288816946598288,0.1808222253052079,0.9046676525517544,0.20867012728917522,0.7146978400249264,0.9416815266101217,0.009108113615413768,0.007452065980255559,0.027855153203342618,0.014106583072100314
CHEST-XRAY,MobileNetV3,5,ISOTONIC,True,0.9434782608695652,0.9412777606075323,0.983473002727661,0.016933691083339232,0.006927666020329781,0.01978076490944712,0.08137449473945815,0.837251010521084,0.1638342953418522,0.9379258751869202,0.15994656085968018,0.9130274057388306,0.20000004768371582,0.7207661867141724,0.9509034752845764,0.011343259071635603,0.009687211436477394,0.02425436510632506,0.017668851524650864
CHEST-XRAY,MobileNetV3,5,DIRICHLET,True,0.9422360248447206,0.9434578784757981,0.9848828420256991,0.023500928827993237,0.008686138230924751,0.02570324186889226,0.08360002207298065,0.8327999558540391,0.15306967011258216,0.9297791123390198,0.18431343138217926,0.905009388923645,0.2642800211906433,0.7298397421836853,0.9411664605140686,0.009979529199735522,0.008467197884317957,0.027855153203342618,0.014106583072100314
CHEST-XRAY,MobileNetV3,5,APEX,True,0.9492753623188406,0.9465527521624425,0.983811495612738,0.008302244407691286,0.002251120830390509,0.018714211459733367,0.08235607357081022,0.8352878528583799,0.15298871521826451,0.9466043186514437,0.15125778303123974,0.9172247337772967,0.2993990704419377,0.7859135210923083,0.9553075190476454,0.010743877578794492,0.009368623462951885,0.02924791086350975,0.017241379310344827
CHEST-XRAY,MobileNetV3,5,ABL_no_gate,True,0.9498274672187716,0.9466071781180491,0.9842715830293469,0.013892114582636065,0.002851910215889222,0.02071873429128376,0.08178247645639547,0.8364350470872094,0.15153365838455288,0.9440191832763505,0.15696059334500612,0.9155154384286958,0.19015727210379885,0.7773901022979081,0.9530440080056981,0.010511552547470885,0.009136298431628278,0.02924791086350975,0.01567398119122257
CHEST-XRAY,MobileNetV3,5,ABL_no_rbf,True,0.9503795721187025,0.9466607976915364,0.985474382989911,0.023755739914295623,0.010340738691257075,0.024711930119798907,0.08131601102057996,0.8373679779588404,0.15028429561310477,0.9326527738680932,0.18547198037396834,0.9069992089813519,0.3883746248966391,0.7496529851173112,0.9425642551610681,0.009252245475555466,0.007876991359712858,0.026462395543175487,0.01567398119122257
CHEST-XRAY,MobileNetV3,5,ABL_no_poly,True,0.9492753623188406,0.9465527521624425,0.9837326234841763,0.0104543436213644,0.0022451092923140023,0.018802678131859735,0.08251340999638479,0.8349731800072308,0.15345751732392973,0.9466531179928183,0.15116287216769794,0.9171744609512824,0.29859953587776233,0.7868776624286071,0.9553067424025049,0.010819686084122457,0.00944443196827985,0.027855153203342618,0.018808777429467086
CHEST-XRAY,MobileNetV3,5,ABL_no_knn,True,0.947688060731539,0.9452209728033473,0.9838837950639194,0.011025581145804283,0.0024168886727311675,0.018294339785960692,0.08229321298437087,0.8354135740312586,0.15274066350439294,0.9468573872038984,0.15077164171473575,0.9174231992175482,0.3016674099927452,0.7796247858703266,0.9561480872779856,0.01071051829121918,0.009267554367144703,0.02924791086350975,0.017241379310344827
CHEST-XRAY,MobileNetV3,5,ABL_focal,True,0.9556245686680469,0.9518646223069963,0.9848499786387985,0.017922029951979168,0.0031978984760218107,0.026702398888254902,0.08054512629107059,0.8389097474178592,0.15040687696500038,0.9402206641874776,0.1713892507839817,0.912341996167073,0.23645133813555064,0.8006375281119321,0.9470072292791928,0.010205133671178316,0.009084186664102538,0.02924791086350975,0.014106583072100314
CHEST-XRAY,MobileNetV3,5,TAU_0.60,True,0.9498274672187716,0.9466071781180491,0.9842387196424465,0.013204138037579378,0.001084494671543327,0.020715264695026932,0.08167838710777182,0.8366432257844567,0.1514681394382448,0.944906232650981,0.15562364972694956,0.9161081524599644,0.1765042213336051,0.7802544877125772,0.9538239625617795,0.010531531343240185,0.009156277227397577,0.027855153203342618,0.01567398119122257
CHEST-XRAY,MobileNetV3,5,TAU_0.70,True,0.9498274672187716,0.9466071781180491,0.9839758125472411,0.011805118237124806,0.001857202486262963,0.021837872043564487,0.08178733965684801,0.8364253206863044,0.152152772095115,0.945723394764165,0.15398279352926633,0.9166572483971298,0.21013709564405614,0.7828632292791967,0.9545440906490841,0.010672894504398628,0.00929764038855602,0.026462395543175487,0.017241379310344827
CHEST-XRAY,MobileNetV3,5,TAU_0.80,True,0.9508626639061422,0.9478829914379201,0.9837457688389366,0.009521347079043134,0.002251120830390509,0.018769051620779357,0.08227845942526629,0.8354430811494677,0.1528672369998966,0.9464421688003317,0.15230733215538045,0.9169751449979571,0.2993990704419377,0.7939335624286877,0.9544901163661176,0.010753193607357568,0.009443993906309473,0.02924791086350975,0.017241379310344827
CHEST-XRAY,MobileNetV3,5,TAU_0.85,True,0.9492753623188406,0.9465527521624425,0.983811495612738,0.008302244407691286,0.002251120830390509,0.018714211459733367,0.08235607357081022,0.8352878528583799,0.15298871521826451,0.9466043186514437,0.15125778303123974,0.9172247337772967,0.2993990704419377,0.7859135210923083,0.9553075190476454,0.010743877578794492,0.009368623462951885,0.02924791086350975,0.017241379310344827
CHEST-XRAY,MobileNetV3,5,TAU_0.90,True,0.9503105590062111,0.9478294979079498,0.9839626671924808,0.007341902695502733,0.0018937613952948675,0.018825921263887126,0.08243480627882066,0.835130387442359,0.15274531898853924,0.9467549051224398,0.15048314858600131,0.9173856081177505,0.3022443186890609,0.792958737621776,0.9548707978665382,0.010639680543121272,0.009330480842073177,0.02924791086350975,0.017241379310344827
CHEST-XRAY,MobileNetV3,5,TAU_0.95,True,0.9487232574189095,0.9464975152201961,0.9838312136448781,0.008963558534785813,0.0018937613952948675,0.01816899395205527,0.08287904645364927,0.8342419070927019,0.15337285802303333,0.9467213028892182,0.14992218950693978,0.9172174599047273,0.3022443186890609,0.7871227646539484,0.9553653452507058,0.010724364808338669,0.009349110692496061,0.02924791086350975,0.017241379310344827
CHEST-XRAY,MobileNetV3,5,FAIR_rbf_svm,True,0.9445134575569358,0.9425527319847383,0.9834565710342108,0.016542148314185764,0.00511445284045652,0.01982438628731673,0.08365835072219954,0.8326832985556012,0.15529851013670298,0.9488145898395461,0.14345803329991322,0.9184873491288285,0.29912269774460454,0.7750129328085528,0.9589568616026279,0.010916755990126746,0.009333397504780556,0.02924791086350975,0.0219435736677116
CHEST-XRAY,MobileNetV3,5,FAIR_poly_svm,True,0.9434782608695652,0.9412777606075323,0.9832396726806665,0.015064559773085108,0.0030403389396924593,0.02178515680573602,0.08681522169215067,0.826369556615699,0.15795193657534698,0.933082003609186,0.17571315988849365,0.9060135591063625,0.12195741310495634,0.7400068745917007,0.94462035793294,0.010378082755108759,0.008722035119950549,0.026462395543175487,0.018808777429467086
CHEST-XRAY,MobileNetV3,5,FAIR_knn,True,0.9399585921325051,0.9351114002276792,0.9715304479279634,0.03994166012680513,0.024343782728520204,0.039941660126805056,0.10981748497496646,0.7803650300500675,0.6469183764545069,0.9284875748356453,0.15166875594910642,0.8945309617654537,0.17604398177001512,0.7709737723001296,0.939016572331335,0.025240151547662622,0.023195651009186805,0.04178272980501398,0.025078369905956167
CHEST-XRAY,MobileNetV3,5,FAIR_equal_blend,True,0.9518978605935128,0.9491599349837868,0.9831542278747247,0.018695818638007903,0.009119526930478477,0.024472593292817344,0.08622328303019308,0.8275534339396142,0.15903000268505837,0.934115619878325,0.17553137849006817,0.906343956666882,0.48308130739437394,0.78412547747092,0.9418226232431325,0.010594603010244058,0.009349804514449472,0.03064066852367688,0.01567398119122257
CHEST-XRAY,MobileNetV3,5,ABL_no_descriptors,True,0.9514147688060732,0.9479356960175375,0.9838246409674981,0.014655459387874183,0.005458202503109455,0.02404329368835567,0.08187239738518415,0.836255205229632,0.15265184339558677,0.9449738401457005,0.15426954714128613,0.9162928656816716,0.29584336476037665,0.7860927202786884,0.9533580681070204,0.010707976789299868,0.009398777088251773,0.027855153203342618,0.017241379310344827
CHEST-XRAY,ViT,1,BASE,True,0.9274936446785649,0.9223487793500234,0.9829389102916897,0.012387328138936338,0.0013025940695481184,0.030105528687459127,0.10314309957171576,0.793713800856569,0.17238009087474315,0.933679461479187,0.16568568348884583,0.8996071815490723,0.1828264395395915,0.7268649339675903,0.9504709839820862,0.010709875922580653,0.007770006970028661,0.03477051460361613,0.017214397496087636
CHEST-XRAY,ViT,1,MC_DROPOUT,True,0.9285288413659355,0.9236069585227319,0.982683387058731,0.019697256321005878,0.0033714202097750116,0.03819080655963086,0.10312493487365257,0.7937501302526953,0.17295176088366515,0.9254308342933655,0.18400879204273224,0.8937575817108154,0.15247305956753815,0.7144659757614136,0.9422510862350464,0.010771938551769427,0.007929706944794723,0.03616133518776078,0.02034428794992175
CHEST-XRAY,ViT,1,TEMP_SCALE,True,0.9274936446785649,0.9223487793500234,0.9829389102916897,0.012211811930426041,0.001331907096735461,0.030113939536812354,0.10316563650172647,0.7936687269965474,0.1724246685207772,0.9341390132904053,0.16450132429599762,0.8999446630477905,0.18292514483133954,0.7276777625083923,0.9509018063545227,0.010709875922580653,0.007770006970028661,0.03477051460361613,0.017214397496087636
CHEST-XRAY,ViT,1,VEC_SCALE,True,0.9329808423094059,0.9332177384594962,0.9831485703802709,0.010548431195913128,0.0005677842955498402,0.029734822487971078,0.097317606190929,0.8053647876181425,0.1621470721206877,0.9394880568972586,0.15223083512119426,0.906402033535391,0.1462081904125504,0.7591738496679629,0.9517822073901651,0.009186686019749724,0.007064857212568568,0.03477051460361613,0.012519561815336464
CHEST-XRAY,ViT,1,ISOTONIC,True,0.9292692035537384,0.9304437950977059,0.9800102209293184,0.029866911442915353,0.012483518628482794,0.03087550595004064,0.10585688270047872,0.788286234599043,0.24745875491803582,0.9504620432853699,0.1251455545425415,0.9095116853713989,0.5298200845718384,0.808673083782196,0.9605356454849243,0.017115052862566635,0.014823207630686473,0.0374386193976895,0.020767246119358745
CHEST-XRAY,ViT,1,DIRICHLET,True,0.9292102366538251,0.9315600126508882,0.9829389102916897,0.020484132372840642,0.006751655701522694,0.028083608612227005,0.10074151901279332,0.7985169619744138,0.17210476958130608,0.9447079300880432,0.14867450296878815,0.907337486743927,0.1972498723438808,0.7871057987213135,0.9556788206100464,0.011890738099961903,0.009684738807643808,0.03894297635605007,0.01564945226917058
CHEST-XRAY,ViT,1,APEX,True,0.9535504625625704,0.950580751852286,0.988789737138664,0.008936308367832792,0.0025507872890472207,0.019234981826503652,0.076608289715919,0.8467834205681624,0.13372007152566973,0.9486861045987579,0.13732906491979088,0.9226631625693587,0.5009154383673122,0.7735832984406585,0.9574297401230782,0.006321018659734784,0.005141950873804734,0.02364394993045897,0.010954616588419406
CHEST-XRAY,ViT,1,ABL_no_gate,True,0.9545856592499411,0.9518568881144505,0.9886521477055323,0.014060835823033519,0.004210632271754388,0.023728338076537202,0.07761637760842785,0.8447672447831446,0.13521195346156623,0.9448099275918053,0.1437431901400467,0.9197624516040281,0.19834019563263605,0.7704450447869456,0.9532764638959782,0.006452266772169153,0.005334145611108629,0.02364394993045897,0.010954616588419406
CHEST-XRAY,ViT,1,ABL_no_rbf,True,0.950385905600545,0.9479268499328719,0.986221401053542,0.02052113884955467,0.006115161299586582,0.025002788305410285,0.08443325877772495,0.8311334824445504,0.14799922299997115,0.9391204332746205,0.15801987343385207,0.911826840068558,0.32834954593591614,0.7725947621455493,0.9478964897241102,0.008384355959998953,0.007078458866298255,0.030598052851182198,0.014084507042253521
CHEST-XRAY,ViT,1,ABL_no_poly,True,0.9545856592499411,0.9518568881144505,0.9887569777498231,0.013488949967197518,0.004907980473363724,0.023084285286762457,0.0766132949974835,0.8467734100050333,0.13371848203618047,0.9496650694253093,0.13451190532385143,0.9234549414930388,0.4812649353052494,0.7829985434849188,0.9577578009998425,0.006332910690391158,0.005214789529330634,0.02364394993045897,0.012519561815336464
CHEST-XRAY,ViT,1,ABL_no_knn,True,0.9535504625625704,0.950580751852286,0.9887242183609822,0.016415141167455405,0.005743099216370601,0.020799354261997412,0.07664457448711719,0.8467108510257659,0.13396422477401626,0.9495160223957257,0.13594723701533387,0.9231319580387092,0.4711327351064931,0.7773798344902139,0.958111521923202,0.006411346150879001,0.005232278364948951,0.02364394993045897,0.010954616588419406
CHEST-XRAY,ViT,1,ABL_focal,True,0.9498977907068166,0.9467060364251609,0.987820059228975,0.017886107954917796,0.004400947392297631,0.02102196310507424,0.0812382250471439,0.8375235499057125,0.14105700108463254,0.940420617931147,0.1582316145898418,0.9138783585615365,0.14244830317636348,0.7586251858087629,0.9502538800908009,0.006985804309799945,0.005614020199518684,0.027816411682892908,0.012519561815336464
CHEST-XRAY,ViT,1,TAU_0.60,True,0.9545856592499411,0.9518568881144505,0.9887962890164321,0.015148912491735247,0.003287459490981441,0.021954159229838347,0.07687216672673355,0.8462556665465332,0.13400953835601287,0.9461790274437094,0.14190572538010088,0.9208851664525207,0.18236874936858155,0.7731053369183759,0.9545828680597689,0.006359158122065918,0.005241036961005394,0.022253129346314324,0.010954616588419406
CHEST-XRAY,ViT,1,TAU_0.70,True,0.9535504625625704,0.950580751852286,0.9887045627276778,0.011805246890611529,0.0017471621037970571,0.020756915634555954,0.07742028867331999,0.8451594226533603,0.13452190876644876,0.9474059894405915,0.14019144820717996,0.9212891936179677,0.15171692823760496,0.7745699981878473,0.9560364331562344,0.006378688401146711,0.005199620615216661,0.02364394993045897,0.010954616588419406
CHEST-XRAY,ViT,1,TAU_0.80,True,0.9535504625625704,0.950580751852286,0.9888945671829545,0.01384992605079045,0.001961658903454689,0.02050350043444857,0.07681143250981633,0.8463771349803677,0.13346481801622218,0.9481612711733592,0.13862334569651646,0.922153945198086,0.5009154383673122,0.7734191243979391,0.9568868974249573,0.0062769285917024485,0.0050978608057723985,0.02364394993045897,0.009389671361502348
CHEST-XRAY,ViT,1,TAU_0.85,True,0.9535504625625704,0.950580751852286,0.988789737138664,0.008936308367832792,0.0025507872890472207,0.019234981826503652,0.076608289715919,0.8467834205681624,0.13372007152566973,0.9486861045987579,0.13732906491979088,0.9226631625693587,0.5009154383673122,0.7735832984406585,0.9574297401230782,0.006321018659734784,0.005141950873804734,0.02364394993045897,0.010954616588419406
CHEST-XRAY,ViT,1,TAU_0.90,True,0.9535504625625704,0.950580751852286,0.989104227271536,0.006469791071277472,0.0,0.01649432651117667,0.07583025352123042,0.8483394929575394,0.1324086599156284,0.9489248625401928,0.13633929156539684,0.9232941884771226,0.5009154383673122,0.7694593233735924,0.9578863480701939,0.006153500289501072,0.004974432503571022,0.02364394993045897,0.010954616588419406
CHEST-XRAY,ViT,1,TAU_0.95,True,0.9535504625625704,0.950580751852286,0.9885866289278508,0.009697975596506717,0.0,0.015988731697593617,0.07593767640368768,0.8481246471926249,0.1332689615457516,0.9489291014369593,0.13513716981862178,0.9234153176169084,0.5009154383673122,0.7682304377923777,0.9579521621708543,0.0064868203360882335,0.0053077525501581835,0.02364394993045897,0.010954616588419406
CHEST-XRAY,ViT,1,FAIR_rbf_svm,True,0.9530033807689284,0.9505305074362282,0.9881935162617606,0.013543512179940485,0.00022579938156743926,0.01949203861834924,0.07629499212565954,0.8474100157486812,0.13427692490927848,0.9543350766629448,0.11980237727716675,0.9273710937087077,0.24088746165662261,0.7834766102688854,0.9628667740650133,0.006640511104049232,0.005461443318119182,0.02364394993045897,0.010954616588419406
CHEST-XRAY,ViT,1,FAIR_poly_svm,True,0.9482565453258904,0.9465421890630075,0.9857038027098566,0.016775729550497123,0.003934329287950349,0.02680161393212731,0.08540858859044181,0.8291828228191167,0.14977156459266047,0.9403023640997588,0.14815744768000982,0.9131702928464883,0.2336072392760098,0.7643722552605261,0.9498183726253637,0.008226920865886087,0.006855136755604826,0.02920723226703755,0.01564945226917058
CHEST-XRAY,ViT,1,FAIR_knn,True,0.9452688890636056,0.9404110299744484,0.9756204628246455,0.03187823744578831,0.015149535661591811,0.037083355889045974,0.0969395200739796,0.8061209598520411,0.5842111254130806,0.9380842156205428,0.12633555598147278,0.9089942150119673,0.13082642130228717,0.7526403313723031,0.9494127928787355,0.02085200415635413,0.019125974146576352,0.03198887343532669,0.01721439749608747
CHEST-XRAY,ViT,1,FAIR_equal_blend,True,0.9514800691878292,0.948031844316674,0.9884686951280236,0.012481390831330236,0.0004747203165021891,0.019033716652746595,0.07805135306304432,0.8438972938739117,0.1358803986302045,0.9403104678946482,0.1499179109549673,0.9165118671890549,0.17637800468510406,0.7376885245471156,0.9509888311804208,0.006449307203119145,0.005143410109418446,0.022253129346314324,0.010954616588419406
CHEST-XRAY,ViT,1,ABL_no_descriptors,True,0.9535504625625704,0.950580751852286,0.9875972953848573,0.023049373966274087,0.007247151330314547,0.02936122538311218,0.07863299859308151,0.8427340028138373,0.13821986137750042,0.9471392785506156,0.14278822788291984,0.9200027686638855,0.21769578205518503,0.7852904131512801,0.9552210878609635,0.007197090656903116,0.006018022870973066,0.022253129346314324,0.012519561815336464
CHEST-XRAY,ViT,2,BASE,True,0.9376097439526168,0.9395270626020114,0.9840723851455826,0.015944800403747704,0.005025954570779192,0.02094790599750673,0.08706933035266283,0.8258613392946748,0.15743009100719743,0.9279882311820984,0.18303751945495605,0.9026519656181335,0.09363056553734672,0.7200390100479126,0.9406915903091431,0.011023888258168515,0.009297858248390736,0.025034770514603615,0.012519561815336464
CHEST-XRAY,ViT,2,MC_DROPOUT,True,0.9349922687842336,0.9368978044542726,0.9836858243572608,0.02812356040236053,0.010327806104089562,0.029877953269799824,0.08975539106761522,0.8204892178647699,0.16254389913246214,0.9208338260650635,0.19925770163536072,0.8960337042808533,0.24166605689308862,0.7064098715782166,0.9345387816429138,0.011225272164001494,0.009345924454922282,0.02642559109874826,0.010954616588419406
CHEST-XRAY,ViT,2,TEMP_SCALE,True,0.9376097439526168,0.9395270626020114,0.9840723851455826,0.010575372301443054,0.00024013070775528149,0.0234263918254156,0.08620423266001692,0.8275915346799665,0.15677968217853197,0.9461364150047302,0.1366160809993744,0.9169049263000488,0.07992424414708066,0.7538691759109497,0.9578818678855896,0.011023888258168515,0.009297858248390736,0.025034770514603615,0.012519561815336464
CHEST-XRAY,ViT,2,VEC_SCALE,True,0.9402861860209136,0.9410091205756841,0.9850355111775033,0.016223416796229215,0.002612132146890454,0.018344771853120567,0.08406311269561158,0.8318737746087772,0.15079747156743625,0.949544919554929,0.12813868640004408,0.9206204157686282,0.3141469674380677,0.7567853169472716,0.9610491398697095,0.010204543904708185,0.00855267848317266,0.025034770514603615,0.009389671361502348
CHEST-XRAY,ViT,2,ISOTONIC,True,0.939250989333543,0.939731732913551,0.9832108132190687,0.018704293218810834,0.0052446046122020945,0.02224072953627814,0.08738165669310906,0.8252366866137822,0.19122176686331963,0.9485154151916504,0.1204017773270607,0.9186397790908813,0.35430437326431274,0.7594640851020813,0.9600643515586853,0.011200825010241654,0.009474795000463875,0.027816411682892832,0.015325670498084237
CHEST-XRAY,ViT,2,DIRICHLET,True,0.9371216290588883,0.9383180824451354,0.9840723851455826,0.007510142645638901,0.0,0.01024541112003342,0.08532062561477524,0.8293587487704499,0.15224188042978473,0.9449838995933533,0.14031873643398285,0.9164632558822632,0.17594943443934125,0.742424488067627,0.9576438069343567,0.010254596135683601,0.008452739433472904,0.02642559109874826,0.012519561815336464
CHEST-XRAY,ViT,2,APEX,True,0.954896873443929,0.9566421377183967,0.9902442540031973,0.018085576311548984,0.0048641044808357264,0.019764396125384675,0.061463590720177,0.8770728185596463,0.1179550626583339,0.9521072704759409,0.1317662104418374,0.9328075875812787,0.26011684749249486,0.7336431308005323,0.9615189109580408,0.007664642913038824,0.006773905019428658,0.016689847009735744,0.00782472613458529
CHEST-XRAY,ViT,2,ABL_no_gate,True,0.954896873443929,0.9566421377183967,0.9902639096365019,0.01305761527249278,0.003228949806478496,0.018773574477162012,0.06174546149085824,0.8765090770182837,0.11866020191773602,0.9497138325801345,0.13713928857707572,0.9307981385131919,0.22242117703164566,0.7289945387801094,0.95922262722165,0.007692528411651362,0.006801790518041195,0.013908205841446454,0.00782472613458529
CHEST-XRAY,ViT,2,ABL_no_rbf,True,0.9507560866944467,0.9514963880288958,0.98590691092067,0.017052296646385138,0.004265731722416346,0.02162630394577554,0.07400180475874023,0.8519963904825198,0.1425040719695698,0.9389246870515136,0.16134973098121771,0.9167696854424588,0.134601488459534,0.7392141389950645,0.948621918387588,0.010079762893103809,0.008961641732043285,0.022253129346314324,0.012519561815336464
CHEST-XRAY,ViT,2,ABL_no_poly,True,0.9533145949629164,0.9553026114884431,0.9902114946143565,0.02050602788230458,0.006983912098132144,0.02245537495918238,0.06159103530296464,0.876817929394071,0.11805593198124718,0.9524275190225368,0.13061623044214674,0.93303243599258,0.2837431618869905,0.7278922256019906,0.9624068653967831,0.007543980081551164,0.006598852561836883,0.01808066759388039,0.006259780907668232
CHEST-XRAY,ViT,2,ABL_no_knn,True,0.9517323164819037,0.9539613944108326,0.9902835652698063,0.020341658252739037,0.008407820437560097,0.02227872771035599,0.061377836438117624,0.877244327123765,0.11765881338219987,0.9528368044922546,0.13016844402086378,0.9333733022860872,0.36691352791132026,0.7221619751818246,0.963404368662235,0.0076841667726432195,0.00668301359485676,0.016689847009735744,0.006259780907668232
CHEST-XRAY,ViT,2,ABL_focal,True,0.9559910370312132,0.9567400217555017,0.9877479885735251,0.025418227945395236,0.01150398727173426,0.027394777082642548,0.07099323021213876,0.8580135395757228,0.13530775126636593,0.9372439623335445,0.1684350515182095,0.9162402483179927,0.34070499150349653,0.7542722348246367,0.9451265563384976,0.00922767431583204,0.008336936422221873,0.016689847009735744,0.009389671361502348
CHEST-XRAY,ViT,2,TAU_0.60,True,0.954896873443929,0.9566421377183967,0.9901394239589066,0.012455046856315103,0.0038317359006587604,0.018356360649833543,0.061863300958022706,0.8762733980839549,0.11893896175617252,0.9506709046147068,0.1353251869435721,0.9314127299229453,0.22769486378149606,0.7331406299805672,0.9600423133130442,0.0077225407776452025,0.006831802884035036,0.015299026425591099,0.00782472613458529
CHEST-XRAY,ViT,2,TAU_0.70,True,0.954896873443929,0.9566421377183967,0.990073905181225,0.015380013339732865,0.0039752998867338026,0.01963211433058874,0.06185852058797252,0.8762829588240553,0.11899128486952154,0.9511844059528074,0.13441596403036568,0.9317694637402093,0.24302508630431408,0.7350384670888781,0.9604961761649612,0.007749289615633307,0.00685855172202314,0.016689847009735744,0.00782472613458529
CHEST-XRAY,ViT,2,TAU_0.80,True,0.954896873443929,0.9566421377183967,0.9901983908588201,0.017588999744196494,0.0053034375153270105,0.020727918035276408,0.06159935241702508,0.8768012951659501,0.11837123492048927,0.951813503813303,0.1326998566942874,0.9324600471343671,0.2599376982735564,0.7342941194919673,0.9611844433467286,0.007693523575834062,0.006802785682223895,0.016689847009735744,0.006259780907668232
CHEST-XRAY,ViT,2,TAU_0.85,True,0.954896873443929,0.9566421377183967,0.9902442540031973,0.018085576311548984,0.0048641044808357264,0.019764396125384675,0.061463590720177,0.8770728185596463,0.1179550626583339,0.9521072704759409,0.1317662104418374,0.9328075875812787,0.26011684749249486,0.7336431308005323,0.9615189109580408,0.007664642913038824,0.006773905019428658,0.016689847009735744,0.00782472613458529
CHEST-XRAY,ViT,2,TAU_0.90,True,0.9569672668186702,0.9592229493353088,0.9902901171475744,0.01747181292119998,0.004645306952154704,0.019253327437285313,0.061273730979670524,0.8774525380406593,0.11772776726231521,0.9522699349437248,0.13103599148117695,0.9330732315238441,0.2690341375429216,0.7473897747174927,0.9605398372445232,0.0076442500306635785,0.006857391831036059,0.016689847009735744,0.006259780907668232
CHEST-XRAY,ViT,2,TAU_0.95,True,0.9569672668186702,0.9592229493353088,0.9904014990696333,0.018698983709561384,0.005513759750942208,0.020701474218269473,0.061302313741415725,0.8773953725171688,0.11752116924922393,0.9523455076177845,0.13016381640122301,0.9331809137702105,0.2690341375429216,0.7469759755518001,0.9606351632089897,0.007574756440968811,0.006787898241341292,0.016689847009735744,0.006259780907668232
CHEST-XRAY,ViT,2,FAIR_rbf_svm,True,0.9574553817123987,0.9604690283000198,0.9903556359252562,0.013668679568171027,0.004329234313899781,0.020272015692186725,0.06122927991845314,0.877541440163094,0.12232286825822454,0.9565364354562226,0.11660647317967483,0.9366911391640673,0.22835111746622405,0.7642731956238652,0.9640369519646369,0.007676231508024695,0.006938867631213616,0.01808066759388039,0.006259780907668232
CHEST-XRAY,ViT,2,FAIR_poly_svm,True,0.9475325628325078,0.9499861630910338,0.9859658778205833,0.012483889451085896,0.0023205172086852173,0.020374376901036696,0.07542341172209009,0.8491531765558201,0.15531953925504668,0.9453089522394174,0.1416951111737645,0.9213919650437827,0.16397187131812097,0.7514430627541074,0.9549895091388153,0.009560419515700516,0.008381351729770465,0.02364394993045897,0.012519561815336464
CHEST-XRAY,ViT,2,FAIR_knn,True,0.929446104253479,0.9270975899060206,0.9759218492019812,0.029671814685216055,0.01324523187649825,0.031073309677631594,0.09996544300555386,0.8000691139888927,0.46963533972140137,0.9331497671830568,0.13987821362981812,0.9032630730000352,0.12455815782771162,0.7132095415378062,0.9497266886314204,0.01829219453013899,0.015732736263676415,0.03059805285118219,0.021909233176838804
CHEST-XRAY,ViT,2,FAIR_equal_blend,True,0.9554439552375711,0.9566914195891376,0.9881148937285426,0.020316359781513582,0.007795360445607598,0.023122194774377606,0.06891134075147236,0.8621773184970556,0.13556821831864957,0.9401248941268218,0.15450812270429437,0.9204487257359621,0.18709332512762566,0.738200887034801,0.9488239701503682,0.00822320465669179,0.007332466763081624,0.016689847009735744,0.009389671361502348
CHEST-XRAY,ViT,2,ABL_no_descriptors,True,0.954349791650287,0.9565921718730708,0.9902835652698063,0.010284381066692739,0.001942866276979809,0.020159929864482704,0.06331646333565759,0.8733670733286851,0.1198000447800077,0.9503613459216225,0.13709218159259584,0.9300896727654879,0.15018959369135731,0.7454101038144157,0.959190838075066,0.007549138633950124,0.006658400740339957,0.013908205841446454,0.004694835680751174
CHEST-XRAY,ViT,3,BASE,True,0.9513031684880887,0.9515501239804187,0.9894645805487853,0.03340005546397948,0.020057772621171414,0.03270014042433385,0.07963473933848496,0.8407305213230304,0.136867184953304,0.9347870349884033,0.17441067099571228,0.9099305868148804,0.48054951429367065,0.7683820724487305,0.9428671002388,0.005830212723515859,0.004712091562455335,0.02642559109874826,0.006259780907668232
CHEST-XRAY,ViT,3,MC_DROPOUT,True,0.9492327751133475,0.9489870589101982,0.9895038918153942,0.03827649063998379,0.022157826716604472,0.04145806066188331,0.08047032708982486,0.8390593458203506,0.14114171317491628,0.9250953197479248,0.19695551693439484,0.9023138284683228,0.18803219568161733,0.7333643436431885,0.9349341988563538,0.005861220566096329,0.004619561523949092,0.02642559109874826,0.006259780907668232
CHEST-XRAY,ViT,3,TEMP_SCALE,True,0.9513031684880887,0.9515501239804187,0.9894645805487853,0.02477516966856769,0.010617806653823671,0.027179719139769375,0.07964918466979799,0.8407016306604043,0.13382435773623752,0.9565481543540955,0.11690184473991394,0.9268195629119873,0.4765651226043701,0.8209889531135559,0.9631304144859314,0.005830212723515859,0.004712091562455335,0.02642559109874826,0.006259780907668232
CHEST-XRAY,ViT,3,VEC_SCALE,True,0.9503269387006317,0.9490963919386693,0.9893531986267264,0.020923401703638753,0.007889278101884131,0.02440541927865092,0.08044307427017221,0.8391138514596559,0.13394523924642351,0.9585768159733151,0.11193757943482267,0.9280585276633868,0.31692727110799324,0.8126168251234971,0.9660668681353454,0.005691842236500873,0.0044501831943536355,0.025034770514603615,0.00782472613458529
CHEST-XRAY,ViT,3,ISOTONIC,True,0.9461861519511492,0.9439926186389149,0.98497654427759,0.022380462725260963,0.007698317328282463,0.026313610337627746,0.08628061329994566,0.827438773400109,0.18374257688046608,0.9630475044250488,0.09618283063173294,0.9279584884643555,0.4691354036331177,0.8260011076927185,0.9708424806594849,0.009963535373541468,0.0084550216276079,0.026425591098748258,0.007640614931418512
CHEST-XRAY,ViT,3,DIRICHLET,True,0.9461861519511492,0.9439926186389149,0.9894645805487853,0.021648009667856086,0.00992324849376985,0.028473356992206773,0.08204435776372168,0.8359112844725569,0.1349537204722614,0.9564993977546692,0.11783155053853989,0.9256119728088379,0.3206169207890829,0.7869665622711182,0.9661421775817871,0.005721504183055922,0.004212990437122355,0.027816411682892908,0.006259780907668232
CHEST-XRAY,ViT,3,APEX,True,0.9461861519511492,0.9439926186389149,0.990191838981052,0.01535413208651083,0.0026409708563071865,0.017790946502551405,0.07348439646619281,0.8530312070676147,0.12596191625307498,0.9525638616367096,0.13267751699406488,0.9264345131605534,0.3160953332832492,0.7427598771214967,0.9644971570522574,0.005481108099703714,0.003972594353770147,0.01808066759388039,0.006259780907668232
CHEST-XRAY,ViT,3,ABL_no_gate,True,0.9456390701575071,0.94393449096852,0.9905259847472285,0.016961927796385015,0.004213634587763301,0.022696924520342353,0.07286742101449033,0.8542651579710197,0.12419965250394575,0.9511939758563944,0.13572985997691883,0.925769409016606,0.28848170365864156,0.7362119640115234,0.963421788699423,0.0051480563196142195,0.0036395425736806524,0.016689847009735744,0.004694835680751174
CHEST-XRAY,ViT,3,ABL_no_rbf,True,0.9539796105563854,0.9529870944965284,0.9893138873601175,0.015929090810891607,0.004783072301662236,0.023541486386834006,0.07258904395301258,0.8548219120939751,0.13037847980016626,0.9406056202136294,0.16264731455369588,0.9176719091059753,0.16718952642677753,0.754500488541885,0.9493864652204221,0.006120608559851638,0.005061791550621835,0.019471488178025034,0.00782472613458529
CHEST-XRAY,ViT,3,ABL_no_poly,True,0.9461861519511492,0.9439926186389149,0.9901001126922976,0.013339398120464412,0.0019368065473262014,0.018367098983905327,0.0736663659750303,0.8526672680499396,0.12635435286348481,0.9527288658867884,0.13237256602576858,0.926433019804983,0.32257626981939996,0.7443067560390981,0.9645835626109295,0.005538642343290116,0.004030128597356549,0.01808066759388039,0.00782472613458529
CHEST-XRAY,ViT,3,ABL_no_knn,True,0.9450919883638651,0.9438755090605842,0.9905194328694604,0.019866297094362162,0.007007119344451656,0.026901806864736456,0.07385462374630418,0.852290752507392,0.12567699650199282,0.955072632288794,0.13014635849962636,0.9276820648759196,0.409904631002448,0.7544774809637982,0.9664821448641574,0.0051616115476285215,0.0036530978016949545,0.01808066759388039,0.004694835680751174
CHEST-XRAY,ViT,3,ABL_focal,True,0.9508740204942736,0.9491498871574948,0.9899035563592525,0.02305674053148097,0.007559594059674294,0.02137698040221227,0.07273867478307687,0.8545226504338466,0.129024853070435,0.9396989696396658,0.16430319155562276,0.9170014811844149,0.27073588193766374,0.7325037599454534,0.9503313554002899,0.005620622163952684,0.004378963121805447,0.01808066759388039,0.00782472613458529
CHEST-XRAY,ViT,3,TAU_0.60,True,0.9456390701575071,0.94393449096852,0.9903949471918652,0.01249711149048868,0.0012582061948788591,0.01634677736962186,0.07307000942752126,0.8538599811449578,0.1249356484895806,0.9514921245024004,0.13521246518065447,0.9258649768753033,0.2818817943107266,0.7380940808610521,0.9636298439158633,0.005250736329869013,0.003742222583935446,0.016689847009735744,0.006259780907668232
CHEST-XRAY,ViT,3,TAU_0.70,True,0.9456390701575071,0.94393449096852,0.9904342584584742,0.013577440507939798,0.0017883064879686663,0.015491826895454848,0.07311486873885616,0.853770262522288,0.12483109058951312,0.9519243247165318,0.13430179330282244,0.926153034735004,0.28325796903223543,0.7394332638981476,0.9640104564826568,0.005236507652718043,0.0037279939067844763,0.016689847009735744,0.006259780907668232
CHEST-XRAY,ViT,3,TAU_0.80,True,0.9446038734701365,0.942660490605428,0.9902180464921246,0.01576588504129532,0.0038705255045777686,0.01690626191206208,0.07336667106960261,0.853266657860795,0.12580348217418813,0.9523279871987045,0.13318377882216206,0.9263558359870907,0.3702646800434221,0.7358153274781732,0.9649459435267882,0.005479084921226609,0.00389972418812489,0.01808066759388039,0.006259780907668232
CHEST-XRAY,ViT,3,TAU_0.85,True,0.9461861519511492,0.9439926186389149,0.990191838981052,0.01535413208651083,0.0026409708563071865,0.017790946502551405,0.07348439646619281,0.8530312070676147,0.12596191625307498,0.9525638616367096,0.13267751699406488,0.9264345131605534,0.3160953332832492,0.7427598771214967,0.9644971570522574,0.005481108099703714,0.003972594353770147,0.01808066759388039,0.006259780907668232
CHEST-XRAY,ViT,3,TAU_0.90,True,0.9461861519511492,0.9439926186389149,0.9902245983698928,0.015191687192529963,0.0025529869682870913,0.018253790516990727,0.07333436504641815,0.853331269907164,0.1256826415512839,0.9525576127628856,0.1320585424346099,0.9266312184910895,0.31163073870642805,0.7408742909670362,0.9645978017010095,0.00544868374880174,0.003940170002868173,0.01808066759388039,0.006259780907668232
CHEST-XRAY,ViT,3,TAU_0.95,True,0.9461861519511492,0.9439926186389149,0.9902966690253426,0.01479725782188705,0.002630019222883107,0.018463218679828836,0.07328837425508392,0.8534232514898324,0.12536951084635586,0.952722788667098,0.13119682892763895,0.9268251709401222,0.31163073870642805,0.7406069367889971,0.9647875791839742,0.005389734932827047,0.0038812211868934797,0.01808066759388039,0.006259780907668232
CHEST-XRAY,ViT,3,FAIR_rbf_svm,True,0.9440567916764945,0.9426005747126437,0.9892745760935084,0.021127248883428738,0.006940395621497835,0.02027109333424163,0.07522903788033414,0.8495419242393321,0.12892323817581752,0.9583759153737791,0.1163866385358543,0.9301656180478981,0.4903024335806007,0.7561366768565777,0.9701620431814041,0.0058612238026638465,0.004281863069562127,0.02086230876216968,0.004694835680751174
CHEST-XRAY,ViT,3,FAIR_poly_svm,True,0.9550148072437561,0.9542685668964277,0.9857627696097702,0.01542259070705915,0.004163531737476833,0.01843856993270487,0.0755380805764275,0.8489238388471453,0.14455158454814146,0.9481370426125624,0.14122585946599772,0.9218292171786268,0.4784148768131251,0.8002850360244931,0.9549103675217017,0.00905612557222971,0.00805497239444325,0.022253129346314324,0.012519561815336464
CHEST-XRAY,ViT,3,FAIR_knn,True,0.9426514138952224,0.9378202051907287,0.9808390334669917,0.02948404251519037,0.018201038332160642,0.03835327460074476,0.0916938204592334,0.8166123590815335,0.49793327136961074,0.9404751975567376,0.12672030405156529,0.9119690145695758,0.13630529130617858,0.7372545854868983,0.9534639983281787,0.01769144585600247,0.01581209814692326,0.02503477051460354,0.017214397496087552
CHEST-XRAY,ViT,3,FAIR_equal_blend,True,0.9545856592499411,0.9518568881144505,0.9889469822051,0.016903003538581117,0.004001119019434601,0.020236056979809295,0.07255844017334556,0.8548831196533091,0.12993692097754572,0.9442846293596494,0.14803164018471643,0.9213212832653673,0.11217064951714073,0.7479420747206948,0.9538183229576038,0.006763050486565377,0.005644929325504853,0.01808066759388039,0.00782472613458529
CHEST-XRAY,ViT,3,ABL_no_descriptors,True,0.9477684304321619,0.9453231924295156,0.9893073354823492,0.01741741939294618,0.0034855132165480304,0.021676432339241745,0.07498804888119176,0.8500239022376168,0.12891885905696662,0.9537450113248175,0.1296176229147676,0.9265168480771496,0.14158552534227642,0.7589916956534116,0.9645503472009059,0.00590789653789512,0.004468574270590592,0.019471488178025034,0.004694835680751174
CHEST-XRAY,ViT,4,BASE,True,0.9388808082396415,0.9362429058812992,0.986457268653196,0.014173415784394228,0.0017663630808977746,0.030852766983789182,0.08950884180929355,0.8209823163814133,0.149674589996555,0.9310213327407837,0.17098207771778107,0.9049941301345825,0.13717960683923014,0.7122011780738831,0.9453175663948059,0.007434256871195468,0.00547575162468107,0.030598052851182198,0.012519561815336464
CHEST-XRAY,ViT,4,MC_DROPOUT,True,0.938821841339728,0.9373824451410658,0.9860248447204969,0.026139081419633236,0.010389806480784027,0.031602395378468165,0.0908782071818024,0.8182435856363955,0.15347532210436474,0.9217237234115601,0.19137465953826904,0.8977872729301453,0.1698413968086243,0.6992217898368835,0.9359449148178101,0.007607001880919142,0.005727654171839929,0.031988873435326845,0.014084507042253521
CHEST-XRAY,ViT,4,TEMP_SCALE,True,0.9388808082396415,0.9362429058812992,0.986457268653196,0.007757048583000853,0.0,0.02977264447555003,0.0893761182321587,0.821247763535683,0.1486321890326311,0.9361630082130432,0.1573931723833084,0.9090102314949036,0.06486589908599849,0.7213777899742126,0.9501956105232239,0.007434256871195468,0.00547575162468107,0.030598052851182198,0.012519561815336464
CHEST-XRAY,ViT,4,VEC_SCALE,True,0.9385270068401603,0.9430991793708234,0.9866865843750818,0.022207099117289547,0.006520147162150736,0.032026937274857774,0.08620260610704111,0.8275947877859181,0.14959587865245566,0.9410416169573522,0.1479180194547403,0.9131820140631371,0.18437675312869245,0.7588351478195104,0.9514052124241872,0.008055681896884518,0.006547168150950951,0.027816411682892908,0.017214397496087636
CHEST-XRAY,ViT,4,ISOTONIC,True,0.9380388919464319,0.9418824556299098,0.9849274051943286,0.03340269336115582,0.019056598925282366,0.03323999079450186,0.09416422911530359,0.8116715417693932,0.17347351791512652,0.9373796582221985,0.13500140607357025,0.9096299409866333,0.27289289236068726,0.7519543170928955,0.948185920715332,0.009497051020575756,0.007917690287474036,0.031100293617678923,0.019932460258627827
CHEST-XRAY,ViT,4,DIRICHLET,True,0.9369447283591477,0.9417399143565472,0.986457268653196,0.02131276688677196,0.009218497336572705,0.03205486812229001,0.08833446277933549,0.8233310744413294,0.15125222964123045,0.9399696588516235,0.15188273787498474,0.9111900925636292,0.1539715482638433,0.761305570602417,0.950381875038147,0.007929005979718618,0.006349645246616899,0.027816411682892908,0.018779342723004695
CHEST-XRAY,ViT,4,APEX,True,0.9502679718007181,0.9502679718007181,0.989418717404408,0.011544851754609231,0.00016541233937266103,0.018048834169926028,0.0763181819858537,0.8473636360282929,0.13083410348395808,0.9478436313169858,0.1382774132050532,0.9226093658914494,0.15168618634535136,0.7652918167763635,0.9569592278380683,0.005856192815754588,0.004677125029824538,0.02086230876216968,0.00782472613458529
CHEST-XRAY,ViT,4,ABL_no_gate,True,0.9486856933197054,0.9489312117631441,0.989064916004927,0.010637630094537776,0.00011110955052208995,0.013745483116575571,0.07663295835028702,0.8467340832994262,0.13170930639053832,0.946028669680291,0.14204495253515256,0.9211082865175918,0.14890728433520828,0.7552741813717522,0.9558173868434924,0.006038423338480972,0.004796764296333735,0.02086230876216968,0.009389671361502348
CHEST-XRAY,ViT,4,ABL_no_rbf,True,0.9419274314018398,0.9412024431525499,0.9885866289278507,0.01821341541966058,0.006527464196078118,0.02446100728662186,0.08270814753995996,0.8345837049200804,0.1398257569659607,0.9369136755795576,0.1675759261565301,0.9105233555015128,0.11324201765391484,0.7342873971373096,0.949006755857941,0.006240927978452252,0.004589062556916726,0.022253129346314324,0.00782472613458529
CHEST-XRAY,ViT,4,ABL_no_poly,True,0.9513031684880887,0.9515501239804187,0.989451476793249,0.011657009374888479,0.0011880626778439964,0.016545524751530778,0.0758663652011901,0.8482672695976201,0.1300491908783205,0.9481078261504924,0.13734500756182838,0.9230680357153607,0.236751920817178,0.7703620615901364,0.9567385260044726,0.005793422111465743,0.004675300950405219,0.02086230876216968,0.00782472613458529
CHEST-XRAY,ViT,4,ABL_no_knn,True,0.9486856933197054,0.9489312117631441,0.9893007836045811,0.010535609092138038,0.000666206603800046,0.018785270404086698,0.07666351221751669,0.8466729755649669,0.13152774053138852,0.9482423504549022,0.1375371850146646,0.9227067974465865,0.10918506136039985,0.7615757288928741,0.9578212955087431,0.005939930489135846,0.004698271446988609,0.02086230876216968,0.009389671361502348
CHEST-XRAY,ViT,4,ABL_focal,True,0.9471623817386063,0.946428892650101,0.9901132164478339,0.015828287179295984,0.006781537155743193,0.02568794590671639,0.07509916444865579,0.8498016711026888,0.1297792454357009,0.9405263793653649,0.1603597353710367,0.916865214971783,0.29243894683656,0.7305520774447809,0.9518838284138398,0.005452577411382376,0.004080793301101115,0.02086230876216968,0.004694835680751174
CHEST-XRAY,ViT,4,TAU_0.60,True,0.9492327751133475,0.9489870589101982,0.989064916004927,0.014369526990130999,0.0009597549394040563,0.019549801625835497,0.07709779512175655,0.8458044097564872,0.1322281974864759,0.9469612695717469,0.14047151346719297,0.9214764292751649,0.15138730826278946,0.7610562486790909,0.9565011324859752,0.006042813561611828,0.004801154519464591,0.022253129346314324,0.009389671361502348
CHEST-XRAY,ViT,4,TAU_0.70,True,0.9492327751133475,0.9489870589101982,0.9892483685824356,0.01297875236744601,0.0007803723617033532,0.0210054687211557,0.07673384133071555,0.8465323173385693,0.13157667366832607,0.9474620402859717,0.13940438435461366,0.9220375741401773,0.09433546348373911,0.760437800647304,0.9570593367937454,0.005962839354993273,0.004721180312846036,0.02086230876216968,0.00782472613458529
CHEST-XRAY,ViT,4,TAU_0.80,True,0.9492327751133475,0.9489870589101982,0.9894121655266399,0.011183531137421984,0.0,0.01813790491364275,0.07636938603335616,0.847261227933288,0.13097920335027502,0.9477136794710833,0.138564753403889,0.92250377563832,0.14112447615831558,0.758239912338178,0.9574366754160613,0.005874008057708133,0.004632349015560896,0.02086230876216968,0.00782472613458529
CHEST-XRAY,ViT,4,TAU_0.85,True,0.9502679718007181,0.9502679718007181,0.989418717404408,0.011544851754609231,0.00016541233937266103,0.018048834169926028,0.0763181819858537,0.8473636360282929,0.13083410348395808,0.9478436313169858,0.1382774132050532,0.9226093658914494,0.15168618634535136,0.7652918167763635,0.9569592278380683,0.005856192815754588,0.004677125029824538,0.02086230876216968,0.00782472613458529
CHEST-XRAY,ViT,4,TAU_0.90,True,0.9486856933197054,0.9489312117631441,0.9894711324265535,0.010846214307890806,0.00018313600727939443,0.018119835905231897,0.07642209747915478,0.8471558050416907,0.13062148543442886,0.9478428243497682,0.13775996913856567,0.9226408252316629,0.11726271943591415,0.7581589396841809,0.957576602641818,0.005826380825341782,0.004584721783194545,0.02086230876216968,0.00782472613458529
CHEST-XRAY,ViT,4,TAU_0.95,True,0.9486856933197054,0.9489312117631441,0.9891500904159132,0.014637732452727738,0.000569158877372132,0.020534909620797827,0.0764663380576945,0.8470673238846114,0.13109371430702257,0.9476533624564056,0.1375490171730819,0.9225942283014262,0.09955265242905975,0.7566954896131877,0.9574525164575708,0.006063992666242608,0.004822333624095371,0.02086230876216968,0.006259780907668232
CHEST-XRAY,ViT,4,FAIR_rbf_svm,True,0.9465563330450507,0.9475343095410074,0.9884424876169511,0.008653807703577888,0.00022230269174171904,0.016826058346818364,0.0776114358539826,0.8447771282920351,0.13347353537650952,0.9498169951535966,0.12933556033267177,0.9240765560844092,0.11967198041745941,0.7570826352035102,0.9599742736753403,0.00648215643644545,0.005176259342744752,0.02364394993045897,0.009389671361502348
CHEST-XRAY,ViT,4,FAIR_poly_svm,True,0.9371805959588018,0.9371805959588018,0.981707157271274,0.013740880105236468,0.0020135133435323577,0.018438443116599052,0.09627007881655818,0.8074598423668841,0.16618318573159108,0.940253489096663,0.15043479065125873,0.9076322855989215,0.18994013741672466,0.7715035582780759,0.9510391038493821,0.010118056505416258,0.008238708796337046,0.03337969401947149,0.018779342723004695
CHEST-XRAY,ViT,4,FAIR_knn,True,0.934192939696517,0.9311078031837445,0.9783100086484787,0.027468699949739002,0.016017884170264153,0.031193955080808505,0.09733358501638036,0.8053328299672396,0.46514149238843433,0.9320037777962357,0.13732369825328422,0.9049582931899341,0.13666245593524418,0.7038617188720273,0.9482122618753016,0.01706762851462191,0.014775783282741747,0.027816411682892856,0.014084507042253466
CHEST-XRAY,ViT,4,FAIR_equal_blend,True,0.9450330214639515,0.9450330214639515,0.9883180019393557,0.019314688732711704,0.004797747544208462,0.022696231185979836,0.0794502070745065,0.8410995858509873,0.13663672361544632,0.9354367711805713,0.1621675353735511,0.9122223782910887,0.13175081060659188,0.7208130942701992,0.9473445577462722,0.006621097200113123,0.005181774932808595,0.019471488178025034,0.00782472613458529
CHEST-XRAY,ViT,4,ABL_no_descriptors,True,0.9517912833818172,0.9527808785869065,0.9885997326833871,0.017890055404262632,0.00356748211206689,0.022502900899554163,0.07841837842483272,0.8431632431503349,0.13540010427373161,0.9468763469791931,0.140249293604713,0.9207062304677246,0.3399318458531494,0.7904155985092134,0.954258505491538,0.006506220298796102,0.005447403289566299,0.02364394993045897,0.009389671361502348
CHEST-XRAY,ViT,5,BASE,True,0.9508626639061422,0.9478829914379201,0.9858555982779584,0.024628292797203334,0.0055078541395386415,0.02851037950579423,0.08617059293885826,0.8276588141222838,0.15196884513028314,0.9252462983131409,0.19338490068912506,0.9001539945602417,0.14872924486796057,0.7502962350845337,0.9344785213470459,0.00793507369087682,0.006625873989828724,0.02924791086350975,0.014106583072100314
CHEST-XRAY,ViT,5,MC_DROPOUT,True,0.9461007591442374,0.9438876379138643,0.9856321272470342,0.03386394593649934,0.015880613702959533,0.0379762870275922,0.08896774255464052,0.8220645148907193,0.1573192829939756,0.9163027405738831,0.2116791009902954,0.8926364183425903,0.2309291788509914,0.7196019291877747,0.9275054931640625,0.008005876223879264,0.006493544908461699,0.03064066852367688,0.017241379310344827
CHEST-XRAY,ViT,5,TEMP_SCALE,True,0.9508626639061422,0.9478829914379201,0.9858555982779584,0.014211414302500832,0.0028352745501689595,0.02177300008088537,0.0842576632079831,0.8314846735840341,0.14736576720836744,0.941888689994812,0.1515669822692871,0.9136698246002197,0.14470974604288733,0.7814828157424927,0.9503533244132996,0.00793507369087682,0.006625873989828724,0.02924791086350975,0.014106583072100314
CHEST-XRAY,ViT,5,VEC_SCALE,True,0.9497584541062802,0.9477752108952167,0.985881888987479,0.017110477188824278,0.003525205540152887,0.020105070886937526,0.08337823389214684,0.8332435322157067,0.1463075277759027,0.9416378998810729,0.15196459296637102,0.9139657152085117,0.2852814142744876,0.7760300421087976,0.9503771008189239,0.007774893374589853,0.006465693673541757,0.027855153203342618,0.014106583072100314
CHEST-XRAY,ViT,5,ISOTONIC,True,0.9502415458937198,0.9489999754193057,0.9838344999835683,0.008762968736782395,0.0008988449046556296,0.013514111528084391,0.08140181189142429,0.8371963762171517,0.20332994497064819,0.9580264687538147,0.12246738374233246,0.9249536991119385,0.25363337993621826,0.8383610248565674,0.9641753435134888,0.015516464324287091,0.014271665828492505,0.025365071326074136,0.014733542319749255
CHEST-XRAY,ViT,5,DIRICHLET,True,0.9481021394064872,0.9476075424129419,0.9858555982779584,0.008351456850094922,0.0009001513913371949,0.018916374527590176,0.08179864051526677,0.8364027189694668,0.15131066125281228,0.9461377859115601,0.14782248437404633,0.9174893498420715,0.13029440244038903,0.7857682108879089,0.9546005725860596,0.010595396777864268,0.009286197076816173,0.025069637883008356,0.017241379310344827
CHEST-XRAY,ViT,5,APEX,True,0.9530020703933748,0.9492627099992663,0.9899175128988793,0.01865161255589473,0.0031950903339832745,0.02405572478402553,0.0702757844239164,0.8594484311521675,0.12597109917435487,0.9523157340314908,0.13545436168146452,0.9276058171711075,0.3130917150267903,0.7528014571100758,0.9625674557705358,0.006557416054926781,0.005312617559132194,0.016713091922005572,0.009404388714733543
CHEST-XRAY,ViT,5,ABL_no_gate,True,0.9530020703933748,0.9492627099992663,0.9899175128988793,0.01865161255589473,0.0031950903339832745,0.024055724784025526,0.07027578442391638,0.8594484311521675,0.12597109917435487,0.9523157340314908,0.13545436168146452,0.9276058171711075,0.3130917150267903,0.7528014571100758,0.9625674557705358,0.006557416054926781,0.005312617559132194,0.016713091922005572,0.009404388714733543
CHEST-XRAY,ViT,5,ABL_no_rbf,True,0.9550034506556246,0.952997689805695,0.9878011107824771,0.02505748618026585,0.008016437236482809,0.024435342790881286,0.07655644789472144,0.8468871042105575,0.13822608324741786,0.9362472037460452,0.1717799098652536,0.9127340759355591,0.3730133277256552,0.7606038332328865,0.9445453157387927,0.007135654066926976,0.006074161682426614,0.022284122562674095,0.0109717868338558
CHEST-XRAY,ViT,5,ABL_no_poly,True,0.9530020703933748,0.9492627099992663,0.990200138026225,0.014797991848766925,0.002659464736109734,0.021398793432206936,0.0712384222205383,0.8575231555589237,0.1254633755548597,0.9526669264098157,0.1349631649477011,0.9273740508652223,0.3107353983791559,0.7587655728793018,0.9626302370655337,0.005957456894389418,0.004712658398594831,0.016713091922005572,0.007836990595611285
CHEST-XRAY,ViT,5,ABL_no_knn,True,0.9530020703933748,0.9492627099992663,0.9899175128988793,0.01865181862884795,0.0031950813394549657,0.024055824919101434,0.07027573449628345,0.8594485310074333,0.12597113775534424,0.9523154549126348,0.13545511784028988,0.9276056215666457,0.31309036300962684,0.7528006026935827,0.9625672062124282,0.006557416054926781,0.005312617559132194,0.016713091922005572,0.009404388714733543
CHEST-XRAY,ViT,5,ABL_focal,True,0.94824016563147,0.945277141009816,0.9894377074501298,0.024738472172751484,0.01118441235284021,0.031693829448009865,0.0727150881800462,0.8545698236399079,0.1306293130012036,0.9389409799538849,0.16878828142556315,0.9161581794919887,0.437216668171942,0.7164366043880134,0.9513023341519888,0.006051389679013324,0.004608425754938846,0.019498607242339833,0.007836990595611285
CHEST-XRAY,ViT,5,TAU_0.60,True,0.9530020703933748,0.9492627099992663,0.9899175128988793,0.01865161255589473,0.0031950903339832745,0.02405572478402553,0.0702757844239164,0.8594484311521675,0.12597109917435487,0.9523157340314908,0.13545436168146452,0.9276058171711075,0.3130917150267903,0.7528014571100758,0.9625674557705358,0.006557416054926781,0.005312617559132194,0.016713091922005572,0.009404388714733543
CHEST-XRAY,ViT,5,TAU_0.70,True,0.9530020703933748,0.9492627099992663,0.9899175128988793,0.01865161255589473,0.0031950903339832745,0.02405572478402553,0.0702757844239164,0.8594484311521675,0.12597109917435487,0.9523157340314908,0.13545436168146452,0.9276058171711075,0.3130917150267903,0.7528014571100758,0.9625674557705358,0.006557416054926781,0.005312617559132194,0.016713091922005572,0.009404388714733543
CHEST-XRAY,ViT,5,TAU_0.80,True,0.9530020703933748,0.9492627099992663,0.9899175128988793,0.01865161255589473,0.0031950903339832745,0.02405572478402553,0.0702757844239164,0.8594484311521675,0.12597109917435487,0.9523157340314908,0.13545436168146452,0.9276058171711075,0.3130917150267903,0.7528014571100758,0.9625674557705358,0.006557416054926781,0.005312617559132194,0.016713091922005572,0.009404388714733543
CHEST-XRAY,ViT,5,TAU_0.85,True,0.9530020703933748,0.9492627099992663,0.9899175128988793,0.01865161255589473,0.0031950903339832745,0.02405572478402553,0.0702757844239164,0.8594484311521675,0.12597109917435487,0.9523157340314908,0.13545436168146452,0.9276058171711075,0.3130917150267903,0.7528014571100758,0.9625674557705358,0.006557416054926781,0.005312617559132194,0.016713091922005572,0.009404388714733543
CHEST-XRAY,ViT,5,TAU_0.90,True,0.9530020703933748,0.9492627099992663,0.9899175128988793,0.01865161255589473,0.0031950903339832745,0.024055724784025533,0.0702757844239164,0.8594484311521675,0.12597109917435487,0.9523157340314908,0.13545436168146452,0.9276058171711075,0.3130917150267903,0.7528014571100758,0.9625674557705358,0.006557416054926781,0.005312617559132194,0.016713091922005572,0.009404388714733543
CHEST-XRAY,ViT,5,TAU_0.95,True,0.9530020703933748,0.9492627099992663,0.9899175128988793,0.01865161255589473,0.0031950903339832745,0.024055724784025533,0.0702757844239164,0.8594484311521675,0.12597109917435487,0.9523157340314908,0.13545436168146452,0.9276058171711075,0.3130917150267903,0.7528014571100758,0.9625674557705358,0.006557416054926781,0.005312617559132194,0.016713091922005572,0.009404388714733543
CHEST-XRAY,ViT,5,FAIR_rbf_svm,True,0.9540372670807453,0.9505389112166607,0.9900325347530317,0.00531694232369957,0.0,0.021103646132198402,0.07134564298104061,0.8573087140379191,0.1265144950269749,0.9558630344580588,0.12401406167707214,0.930065606383733,0.10856646340721432,0.7708729947804202,0.9651125364419408,0.006369734019045644,0.005187685697105251,0.018105849582172703,0.007836990595611285
CHEST-XRAY,ViT,5,FAIR_poly_svm,True,0.9518978605935128,0.9491599349837868,0.9858983206809294,0.011944897148069547,0.0013144020818068182,0.023096936217474207,0.07820791493551248,0.8435841701289754,0.14756781299546967,0.9393276534041212,0.15575257359346578,0.9152923474611953,0.10903079364178181,0.7458996684930135,0.9492666407710952,0.009239759267306505,0.00799496077151192,0.022284122562674095,0.01567398119122257
CHEST-XRAY,ViT,5,FAIR_knn,True,0.9394064872325742,0.9350484450695421,0.9791120312859445,0.03095012938340127,0.01657842007505033,0.034720989914137246,0.09566229143152907,0.8086754171369422,0.5037536908884579,0.9383242410399663,0.13033864835458872,0.9086936858347971,0.12468245996414307,0.7364518305372498,0.9518183861270462,0.01830724142659464,0.016262740888118823,0.02785515320334259,0.017241379310344793
CHEST-XRAY,ViT,5,FAIR_equal_blend,True,0.9503795721187025,0.9466607976915364,0.9888790298728186,0.020011575098151328,0.0034645989614547935,0.02667668133611382,0.07343679597448295,0.8531264080510343,0.1326813709708396,0.9404915606198893,0.15664217116427792,0.9180172132265753,0.1761916508203436,0.7187137709739558,0.9525033035201312,0.006900691485486428,0.005525437369643821,0.019498607242339833,0.014106583072100314
CHEST-XRAY,ViT,5,ABL_no_descriptors,True,0.9524499654934437,0.9492117060147296,0.9899306582536396,0.012095067941176426,0.0009717094960108885,0.023866624773920275,0.06958021564855361,0.860839568702893,0.12420996633636586,0.9516497710938656,0.13609160224992034,0.9275611488970615,0.26239849205466115,0.746445134782688,0.9621938828410804,0.006012536964922043,0.004767738469127456,0.018105849582172703,0.007836990595611285
ENDOSCOPIC,ConvNeXt,1,BASE,True,0.9498304020100503,0.9499421769395127,0.996012172702643,0.020287445389238542,0.007620919541664861,0.018394413332537718,0.07461314593572609,0.900515805419032,0.13916143555276708,0.9356430768966675,0.1786518543958664,0.9143987894058228,0.638733834028244,0.6826850771903992,0.9489918351173401,0.004875956230170307,0.0035667565291222112,0.019498607242339833,0.004702194357366771
ENDOSCOPIC,ConvNeXt,1,MC_DROPOUT,True,0.9498304020100503,0.9499421769395127,0.9959388162560587,0.025081507656209704,0.007477521788131384,0.021258045352626598,0.07566544813181195,0.8991127358242509,0.14282691834302833,0.9301584959030151,0.1935291588306427,0.9097102880477905,0.6215852797031403,0.6723496317863464,0.9437631964683533,0.005040230839531764,0.003731031138483668,0.019498607242339833,0.004702194357366771
ENDOSCOPIC,ConvNeXt,1,TEMP_SCALE,True,0.9498304020100503,0.9499421769395127,0.9960248404517493,0.01247680975231606,0.00016968699345538282,0.015026780261782424,0.07377038599097607,0.9016394853453653,0.13643093644537185,0.9568777680397034,0.11619382351636887,0.9308399558067322,0.6114421784877777,0.7406675815582275,0.9682871699333191,0.004823385988887026,0.0035141862878389305,0.019498607242339833,0.004702194357366771
ENDOSCOPIC,ConvNeXt,1,VEC_SCALE,True,0.9498366834170854,0.9498750579451196,0.9945775431458357,0.016926437351114085,0.0031709959803961486,0.012159368819983772,0.07242107330223826,0.9034385689303491,0.18506576007125214,0.958611986208642,0.10828636164285847,0.9332479008613475,0.641144389533401,0.7342962892311101,0.9704492261546858,0.006022296559051499,0.004713096858003403,0.013927576601671309,0.006269592476489028
ENDOSCOPIC,ConvNeXt,1,ISOTONIC,True,0.9498492462311557,0.9499726746472962,0.9947209028087209,0.024110047440779797,0.00829126537200313,0.013800396417265577,0.07591976232435443,0.8987736502341942,0.1635725051450105,0.9687783122062683,0.0852801501750946,0.9385403394699097,0.6177605986595154,0.7941339015960693,0.9779943823814392,0.00716862521978092,0.005859425518732824,0.01532033426183842,0.006269592476489013
ENDOSCOPIC,ConvNeXt,1,DIRICHLET,True,0.9498429648241206,0.9499340042607731,0.9962762293223618,0.011938095167465967,0.003425869048249579,0.012301845820499572,0.06942035766484728,0.907439523113537,0.12487078247641893,0.9530940055847168,0.12383237481117249,0.9307954907417297,0.2747255984474631,0.7001396417617798,0.9664425849914551,0.004309944890068358,0.003000745189020262,0.013927576601671309,0.003134796238244514
ENDOSCOPIC,ConvNeXt,1,APEX,True,0.9623806532663317,0.9623910243426965,0.9967080487788831,0.018006748680992047,0.006840477646989024,0.013238823004185591,0.06071534511027041,0.9190462065196395,0.11795615684272982,0.9443992663566019,0.16264831207648708,0.9272137039117557,0.6019472832796327,0.6977853528009023,0.9540326223548714,0.0035949028095478277,0.002855678243909063,0.012534818941504178,0.004702194357366771
ENDOSCOPIC,ConvNeXt,1,ABL_no_gate,True,0.9535929648241206,0.9536257938036731,0.9965966121197609,0.020686577105021815,0.0077643959235810505,0.01773764680791203,0.06756374391133166,0.9099150081182246,0.12766017679095687,0.9365541928302314,0.17672122282855596,0.918753262922845,0.12039937027384662,0.6616570761239838,0.9499197556661462,0.003966624000847074,0.0028456769937712967,0.013927576601671309,0.003134796238244514
ENDOSCOPIC,ConvNeXt,1,ABL_no_rbf,True,0.9548492462311557,0.9548970110359292,0.996247209997649,0.02082426210730233,0.006814691031113828,0.015288879963142078,0.06615247419997587,0.911796701066699,0.12812453236831586,0.9416135649974665,0.16679443835310803,0.9228424728935533,0.3850333056005706,0.6681633559982725,0.9545324725092393,0.004089684084486087,0.003028191699985725,0.011142061281337047,0.006269592476489028
ENDOSCOPIC,ConvNeXt,1,ABL_no_poly,True,0.9623806532663317,0.9624157834759859,0.9967164169797345,0.01859522722545792,0.005820897723013748,0.015593253534818503,0.06099161588000437,0.9186778454933276,0.11837555474991952,0.9439866278661683,0.16146194466332392,0.9270068683960652,0.6117504890647689,0.694341204729019,0.953738402207463,0.0035693450491827137,0.002830120483543949,0.012534818941504178,0.006269592476489028
ENDOSCOPIC,ConvNeXt,1,ABL_no_knn,True,0.963643216080402,0.9636350276237129,0.9967960303356527,0.018929894295892608,0.005091653798379083,0.012233967815765755,0.059817406779505145,0.9202434576273266,0.11604865061707685,0.9468620198378627,0.15831549056346922,0.9293031694598411,0.6186991814687409,0.7185171409620194,0.9554732051270686,0.0036237401085421348,0.0029325035121699943,0.013927576601671309,0.004702194357366771
ENDOSCOPIC,ConvNeXt,1,ABL_focal,True,0.9598680904522612,0.9598998651499736,0.9962865758748067,0.029153370013666573,0.01570727251485019,0.01979947210054399,0.06470383725277569,0.9137282169962992,0.13016646410241237,0.9334674353778898,0.19520165122821126,0.9161146724621001,0.6157817318727157,0.6808244276224934,0.9440217124642769,0.004049191426353234,0.0032090937446981826,0.011142061281337047,0.006269592476489028
ENDOSCOPIC,ConvNeXt,1,TAU_0.60,True,0.9573618090452262,0.9574066014790671,0.9964394757089281,0.01913995574368304,0.00627072991019689,0.0150019167988104,0.06648593053678235,0.9113520926176236,0.1267429644017594,0.9417296461778892,0.17031735552429877,0.9216006718213255,0.6019472832796327,0.7100748056684743,0.9520388930068423,0.004007669046635734,0.003060154468808102,0.013927576601671309,0.004702194357366771
ENDOSCOPIC,ConvNeXt,1,TAU_0.70,True,0.9623806532663317,0.9624017997270249,0.9966616633370369,0.024715598444585013,0.010480292610243643,0.015172142225426226,0.062600933093173,0.9165320892091028,0.1217513033066258,0.9446431352144155,0.16638698061930815,0.9251341663472389,0.6019472832796327,0.7294487773358924,0.9530491648190452,0.0036519806440817445,0.00291275607844298,0.012534818941504178,0.004702194357366771
ENDOSCOPIC,ConvNeXt,1,TAU_0.80,True,0.9598806532663318,0.9599216856695656,0.9966074344571979,0.0176558128846833,0.007084453320071175,0.013545315762099212,0.061659868865653174,0.9177868415124626,0.11919827482628434,0.9456466632828575,0.16286869295047954,0.9268612273896788,0.6019472832796327,0.7056322433682586,0.9556733753419532,0.0037009057060012783,0.002860808024346227,0.013927576601671309,0.006269592476489028
ENDOSCOPIC,ConvNeXt,1,TAU_0.85,True,0.9623806532663317,0.9623910243426965,0.9967080487788831,0.018006748680992047,0.006840477646989024,0.013238823004185591,0.06071534511027041,0.9190462065196395,0.11795615684272982,0.9443992663566019,0.16264831207648708,0.9272137039117557,0.6019472832796327,0.6977853528009023,0.9540326223548714,0.0035949028095478277,0.002855678243909063,0.012534818941504178,0.004702194357366771
ENDOSCOPIC,ConvNeXt,1,TAU_0.90,True,0.9611243718592966,0.9611334057331322,0.9967707648058215,0.017671993837735822,0.006766659506955545,0.013899547129664179,0.06199520464645902,0.9173397271380548,0.11907195121476014,0.9434808883677779,0.1622246512478188,0.9264517731247,0.6019472832796327,0.6892799958973043,0.9537549791977449,0.0036367032312677352,0.0028478590129872423,0.011142061281337047,0.006269592476489028
ENDOSCOPIC,ConvNeXt,1,TAU_0.95,True,0.9611243718592966,0.9611334057331322,0.996638670026,0.020340782732949217,0.007743607641337621,0.015103742083225482,0.06357758896627251,0.9152298813783034,0.1214522084626272,0.9408120994725645,0.16630616544200305,0.9240578665290279,0.6019472832796327,0.6857497383609241,0.9511210084614313,0.0037372503591903868,0.0029484061409098938,0.012534818941504178,0.006269592476489028
ENDOSCOPIC,ConvNeXt,1,FAIR_rbf_svm,True,0.9636369346733669,0.9635999061351443,0.9968356830831732,0.013605197382331844,0.0039832338140632535,0.0141188435755694,0.06198921575494534,0.9173477123267396,0.11551322166613093,0.9531035775023405,0.1324240343283226,0.9341032031676562,0.6368667828716708,0.7428729566472456,0.961031650330426,0.0037615995420942645,0.003070362945722124,0.012534818941504178,0.004702194357366771
ENDOSCOPIC,ConvNeXt,1,FAIR_poly_svm,True,0.9473304020100504,0.9473405579812623,0.9942907459692811,0.013011808132369183,0.0034764282629842916,0.013843807687769147,0.07521437273613225,0.8997141696851572,0.15684002249752313,0.9411485308626035,0.17099532118719066,0.9180713974205188,0.605798594974679,0.6860853833109294,0.9553187057265853,0.007425447425049396,0.005982483500974918,0.018105849582172703,0.0109717868338558
ENDOSCOPIC,ConvNeXt,1,FAIR_knn,True,0.9096608040201005,0.9096877830052276,0.9848029711166455,0.03538652808405059,0.015746960432963822,0.030547515997947215,0.13822738967258905,0.8156968137698815,0.8211518655932453,0.900452265181099,0.2109144337258207,0.862425806437859,0.20492275412959393,0.6654732040495729,0.9237559737230684,0.02827680954754382,0.024021719299822657,0.044568245125348065,0.028213166144200486
ENDOSCOPIC,ConvNeXt,1,FAIR_equal_blend,True,0.9548304020100503,0.9548136776888414,0.9951127957642383,0.03243290071992794,0.023428477504625553,0.022842646792559963,0.0747247223946694,0.9003670368071076,0.1495620175579741,0.9232390952921682,0.2098461957206765,0.9048668023420121,0.20421613614242629,0.6667761901463236,0.935355453015594,0.005731248471491888,0.004669756086991526,0.016713091922005572,0.009404388714733543
ENDOSCOPIC,ConvNeXt,1,ABL_no_descriptors,True,0.9573743718592965,0.9574159666528195,0.9965320156969628,0.024569715705777102,0.008988706053107138,0.017001736508589185,0.06548849090079524,0.9126820121322732,0.12544696468958375,0.9409084918011947,0.16965054008466446,0.922733417350402,0.662537672302562,0.6750716257600807,0.9527389282480504,0.0038047272819818926,0.002857212704154261,0.012534818941504178,0.004702194357366771
ENDOSCOPIC,ConvNeXt,2,BASE,True,0.953574120603015,0.9534860147987566,0.9957706266121311,0.018410976033162964,0.00615071052668811,0.01593154137367663,0.07023450534531507,0.9063539928729134,0.12969435211913205,0.9500155448913574,0.1394885778427124,0.927713930606842,0.5531979501247406,0.7213194370269775,0.9611349701881409,0.00494451304104507,0.0038235660339692927,0.016713091922005572,0.003134796238244514
ENDOSCOPIC,ConvNeXt,2,MC_DROPOUT,True,0.9510615577889447,0.9509759878858177,0.9957266253384892,0.01516481632726236,0.0033450703754961267,0.017332076634669024,0.07069647616169332,0.905738031784409,0.13110348631155166,0.944378137588501,0.15533116459846497,0.9231971502304077,0.217043528954188,0.6956153512001038,0.9571604132652283,0.005141780403289159,0.0038969819074945724,0.016713091922005572,0.003134796238244514
ENDOSCOPIC,ConvNeXt,2,TEMP_SCALE,True,0.953574120603015,0.9534860147987566,0.9957664390132862,0.013726205081868042,0.0034733358072347328,0.01602181531480872,0.07088310541310232,0.9054891927825304,0.13283651133879512,0.9631497859954834,0.09792919456958771,0.9375832676887512,0.17022160689036048,0.7638004422187805,0.9728422164916992,0.004888889362836191,0.0037679423557604136,0.016713091922005572,0.003134796238244514
ENDOSCOPIC,ConvNeXt,2,VEC_SCALE,True,0.9523241206030151,0.9524031037909226,0.9959868721886214,0.016475231985741277,0.0035608197225452795,0.012086716407375629,0.0714466105374207,0.9047378526167725,0.1328123870868977,0.9622776324853919,0.0967760299646917,0.9369610109328278,0.5560405280686842,0.7525261170135453,0.9727652082589843,0.004265078420821899,0.0030830300988815068,0.01532033426183844,0.004702194357366771
ENDOSCOPIC,ConvNeXt,2,ISOTONIC,True,0.9560929648241207,0.9559586928598509,0.9954706290587448,0.022744345933871132,0.007159495031749174,0.014325208287178037,0.07238944625137152,0.9034807383315048,0.17199562845691732,0.972000002861023,0.07855961471796036,0.9418771862983704,0.29229407651083805,0.8354038000106812,0.9782658815383911,0.006809976371327779,0.005806294078127138,0.018384401114206084,0.004702194357366723
ENDOSCOPIC,ConvNeXt,2,DIRICHLET,True,0.9523304020100503,0.9523590065033117,0.9958046941467771,0.014903193727173046,0.002378338269998761,0.012224374513534529,0.07157346927289451,0.9045687076361408,0.13638563753345284,0.963943362236023,0.09273923188447952,0.9380303621292114,0.1192837639858848,0.7591557502746582,0.9741827845573425,0.004667285610897705,0.0034852372889573125,0.01532033426183844,0.007836990595611285
ENDOSCOPIC,ConvNeXt,2,APEX,True,0.9598618090452262,0.9598946512781231,0.9963657274394092,0.02110239862743312,0.008064601572795201,0.011686533709324405,0.0634077122872939,0.9154563836169416,0.11993523780467537,0.9503292514647685,0.14339749442445868,0.9308401505273465,0.5551883240811619,0.7132402144079906,0.9602337543183155,0.004045439749489218,0.0032053420678341666,0.013927576601671309,0.003134796238244514
ENDOSCOPIC,ConvNeXt,2,ABL_no_gate,True,0.9573429648241205,0.9573447725897817,0.9963217961341484,0.015584322594981291,0.005933309074556262,0.015061457339672978,0.06512606294911956,0.913165249401174,0.1205243703868983,0.9479932363711321,0.14642720854879127,0.9286038856896086,0.45605719613610185,0.7045472839131893,0.9588272185485797,0.00427351368996188,0.003325999112134248,0.01532033426183844,0.003134796238244514
ENDOSCOPIC,ConvNeXt,2,ABL_no_rbf,True,0.9535929648241206,0.9537138029519745,0.9958648440877202,0.013972660653439332,0.003528725849660355,0.01230654143366983,0.06907407534119316,0.9079012328784093,0.13144829129262645,0.9493599851401235,0.13985163459813132,0.9284263564351677,0.16451684236563768,0.6863536164763907,0.9621474169936822,0.004708977311169096,0.0035880303040933185,0.01532033426183844,0.003134796238244514
ENDOSCOPIC,ConvNeXt,2,ABL_no_poly,True,0.9560992462311557,0.9561559847794433,0.9963719983424193,0.013826926889567076,0.00458241340295864,0.012714204449752763,0.06406164831205378,0.9145844689172618,0.12048207594118046,0.9501853214377957,0.14234166235048562,0.9305703072495851,0.3848574747851094,0.693899373332167,0.96194155758943,0.004099405167462941,0.0030957228742622992,0.012534818941504178,0.003134796238244514
ENDOSCOPIC,ConvNeXt,2,ABL_no_knn,True,0.9598680904522612,0.959920800678946,0.9964600358738938,0.01508929429941707,0.005100900314167867,0.011310987059431949,0.062017243574068306,0.9173103419012424,0.11769318017576859,0.9530780258561053,0.14012144644525978,0.9327936059167538,0.2513209021556483,0.726368549858641,0.9625489178037802,0.0039282751691184364,0.0030881774874633853,0.011142061281337047,0.003134796238244514
ENDOSCOPIC,ConvNeXt,2,ABL_focal,True,0.9560992462311557,0.956159055806149,0.9962588352178758,0.022692902431847895,0.008560005264725067,0.017046514946438343,0.06513449794600099,0.9131540027386654,0.12646157048228052,0.9398463600999509,0.17470262989564594,0.9212995433237536,0.37068430569210736,0.6786435419508713,0.9518281407489911,0.004392014058500606,0.0033883317652999645,0.012534818941504178,0.006269592476489028
ENDOSCOPIC,ConvNeXt,2,TAU_0.60,True,0.9573366834170853,0.9573729288948777,0.9964118749887594,0.01649354906153485,0.008241005781733802,0.014669471262693821,0.06340956464572146,0.9154539138057048,0.11848785738592693,0.9502463388672013,0.14513961369759906,0.9301637613108936,0.5577925194705475,0.7165443194107094,0.9606466905184066,0.004152321592008982,0.0032048070141813506,0.01532033426183844,0.003134796238244514
ENDOSCOPIC,ConvNeXt,2,TAU_0.70,True,0.9573492462311557,0.9573925554434887,0.996361455878507,0.018409434772263093,0.008355752674003854,0.01452065542006402,0.06350404714369513,0.91532793714174,0.11934520975233913,0.9517962423328498,0.14246103899287238,0.9310901067565686,0.5577925194705475,0.7193185081981353,0.9621421100823003,0.004092098197888951,0.003144583620061319,0.013927576601671309,0.003134796238244514
ENDOSCOPIC,ConvNeXt,2,TAU_0.80,True,0.9611118090452262,0.9611524588810305,0.9964013045374948,0.021396931861610527,0.008338323080078038,0.012768442826841052,0.062006639166175694,0.9173244811117659,0.1187794184846421,0.9509921767044168,0.14283090020304298,0.9317513597538438,0.5551883240811619,0.7166369914194449,0.96046415942128,0.0039768025064010875,0.0031879582881205945,0.012534818941504178,0.003134796238244514
ENDOSCOPIC,ConvNeXt,2,TAU_0.85,True,0.9598618090452262,0.9598946512781231,0.9963657274394092,0.02110239862743312,0.008064601572795201,0.011686533709324405,0.0634077122872939,0.9154563836169416,0.11993523780467537,0.9503292514647685,0.14339749442445868,0.9308401505273465,0.5551883240811619,0.7132402144079906,0.9602337543183155,0.004045439749489218,0.0032053420678341666,0.013927576601671309,0.003134796238244514
ENDOSCOPIC,ConvNeXt,2,TAU_0.90,True,0.958611809045226,0.9586754519470418,0.9967473376908216,0.021181493945454623,0.008465694404358572,0.013565835095447981,0.06281861213268101,0.9162418504897587,0.11571074019124775,0.9484982183563349,0.14492737208727285,0.9304006577226775,0.5551883240811619,0.6908319309558506,0.9596132346755712,0.003961389711862116,0.003068402623187494,0.011142061281337047,0.003134796238244514
ENDOSCOPIC,ConvNeXt,2,TAU_0.95,True,0.958611809045226,0.9586760526418499,0.9966301828789005,0.02129933416907887,0.008158625541289887,0.013522610962840947,0.06295612013833411,0.9160585064822213,0.11747334727112844,0.9446283192116763,0.1510000904847739,0.9279984227925256,0.5551883240811619,0.6728281260422017,0.9563530334268301,0.004044530838794654,0.0031515437501200313,0.009749303621169917,0.004702194357366771
ENDOSCOPIC,ConvNeXt,2,FAIR_rbf_svm,True,0.9561118090452261,0.9561606114016487,0.9961757759279533,0.016335554234558236,0.0026518808657771,0.010959758121479366,0.06332251982970061,0.9155699735603993,0.11926883557853112,0.9516356792722502,0.13852128343549938,0.93168244467874,0.3886008465766206,0.70033132306402,0.9631634020340958,0.004287094094440145,0.0032834118012395035,0.011142061281337047,0.006269592476489028
ENDOSCOPIC,ConvNeXt,2,FAIR_poly_svm,True,0.9473492462311558,0.9474921717082856,0.995452495043012,0.01867675862289647,0.005923623290432989,0.015473290935407225,0.07586302398250737,0.898849301356657,0.14078077706105638,0.9393624636400724,0.17338933855087446,0.9166683444689654,0.1994941257360432,0.6750318804754564,0.9540474960381065,0.005305351981911788,0.00386238805783731,0.01532033426183844,0.007836990595611285
ENDOSCOPIC,ConvNeXt,2,FAIR_knn,True,0.9109233668341707,0.9113213255312614,0.9803660020065599,0.04762363295913259,0.030800381995321858,0.0379696586183553,0.14095755048408923,0.8120565993545479,0.8657711660536781,0.8917422042935106,0.22497067460586795,0.8564173607240467,0.1383009038572034,0.6605109636912343,0.9143246225641594,0.026886586847989995,0.022749913230657337,0.051532033426183864,0.02978056426332291
ENDOSCOPIC,ConvNeXt,2,FAIR_equal_blend,True,0.9485929648241206,0.9487528544480945,0.9953474972110148,0.034169681435112176,0.022409048538548474,0.023645555628680606,0.07706781773458946,0.8972429096872142,0.15179387157214244,0.9203951924229461,0.21659737327245226,0.9015893832905849,0.3845320004160766,0.645277832967684,0.9352958684304307,0.005864194178429187,0.0044889400625865794,0.013927576601671309,0.009404388714733543
ENDOSCOPIC,ConvNeXt,2,ABL_no_descriptors,True,0.9535866834170854,0.9536489314595893,0.9961183582435267,0.018407131715247445,0.004561240350847755,0.0125330163358346,0.06634312511510436,0.9115424998465276,0.12496027966629428,0.9497960338124596,0.1439751301738984,0.929112745224178,0.3483578196774032,0.6912005690794115,0.9623690064735932,0.004445902535426798,0.0033249555283510206,0.013927576601671309,0.003134796238244514
ENDOSCOPIC,ConvNeXt,3,BASE,True,0.9623555276381909,0.9623103547000074,0.9964984309441469,0.020340430706664723,0.006035671687973392,0.014947084712992565,0.06316615049269607,0.9157784660097387,0.1209320508422719,0.9446357488632202,0.16214069724082947,0.9258396625518799,0.6085176467895508,0.7232120037078857,0.9532850384712219,0.004266912208831374,0.0035276876431926097,0.01532033426183844,0.009404388714733543
ENDOSCOPIC,ConvNeXt,3,MC_DROPOUT,True,0.9598429648241206,0.9597921836228287,0.9964921040664318,0.02495668611879038,0.01023446568262536,0.01773664269615011,0.06518967442236687,0.9130804341035109,0.12517165018357812,0.9375542998313904,0.17952561378479004,0.9198859333992004,0.5376896262168884,0.6920508146286011,0.9478102922439575,0.004287521218153788,0.003447423536498737,0.01532033426183844,0.009404388714733543
ENDOSCOPIC,ConvNeXt,3,TEMP_SCALE,True,0.9623555276381909,0.9623103547000074,0.996498388963118,0.012078633994088123,0.0021668804452427476,0.013038507914034946,0.06140731903853668,0.9181235746152845,0.11923819625367803,0.9678043127059937,0.09016544371843338,0.9447429776191711,0.44700366258621216,0.7916980385780334,0.9746834635734558,0.004190230589831113,0.0034510060241923486,0.013927576601671309,0.007836990595611285
ENDOSCOPIC,ConvNeXt,3,VEC_SCALE,True,0.9611118090452262,0.9611045190902501,0.9932741057679647,0.023931115821964586,0.012939773094171965,0.014616720610738121,0.06673261423986616,0.9110231810135119,0.3129416367939528,0.9729527345107761,0.07462174418680928,0.9460834246805818,0.551994415427713,0.8357279031846969,0.9784989793231732,0.010939412512040303,0.01015056829375981,0.020891364902506968,0.015673981191222573
ENDOSCOPIC,ConvNeXt,3,ISOTONIC,True,0.9661243718592964,0.9661408911861432,0.9930038228566549,0.019727230221406558,0.01277043422826086,0.013251857018260484,0.055469628065453504,0.9260404959127287,0.20729004051781658,0.9735994935035706,0.06660617142915726,0.9522897601127625,0.19515937566757202,0.8060155510902405,0.9794681072235107,0.01184460075454857,0.011244453528372871,0.015320334261838478,0.010670731707317126
ENDOSCOPIC,ConvNeXt,3,DIRICHLET,True,0.9648806532663317,0.9649292065266688,0.9963831285407332,0.017206057457995624,0.006892217033711047,0.01273694173734502,0.057705222354470266,0.9230597035273731,0.11843484218246665,0.9709267020225525,0.08231275528669357,0.9488597512245178,0.4652564823627472,0.8064908981323242,0.9769061803817749,0.004494250268364594,0.0038493720797089085,0.013927576601671309,0.009404388714733543
ENDOSCOPIC,ConvNeXt,3,APEX,True,0.9636180904522613,0.9636538423640837,0.996850098288215,0.017030544441534214,0.0034843278629578135,0.012820343335701357,0.058454137833189056,0.922061149555748,0.11190566008538005,0.9505879858671559,0.15429101161568043,0.9315421756725755,0.39715268150487726,0.7370507827568009,0.9586407542549327,0.003551513041143844,0.0028602764447717035,0.012534818941504178,0.006269592476489028
ENDOSCOPIC,ConvNeXt,3,ABL_no_gate,True,0.9661180904522613,0.9661035600349868,0.9970724188562481,0.02345773180260525,0.009333808577435508,0.015698534387475652,0.05723145354053455,0.9236913952792873,0.11077632261157287,0.9452857324268266,0.16378496623693722,0.9288043125142427,0.3656056821503161,0.7185516307567928,0.9532258371545708,0.0034889314336648053,0.0028887842074891063,0.013927576601671309,0.004702194357366771
ENDOSCOPIC,ConvNeXt,3,ABL_no_rbf,True,0.9610992462311558,0.9610812379035294,0.9963592186439032,0.019105290061683138,0.008315433105745132,0.01641198225576949,0.06349838826893128,0.9153354823080917,0.12238775565321107,0.944676365159191,0.17009908837904097,0.9249291556691167,0.5511655601887042,0.7255523826752742,0.9535327451552815,0.0041349639772889695,0.0033461197590084766,0.016713091922005572,0.004702194357366771
ENDOSCOPIC,ConvNeXt,3,ABL_no_poly,True,0.9636180904522613,0.9636609883050106,0.9968501332724056,0.016823495645137257,0.009187604104756343,0.013859644445329554,0.05868702003958221,0.9217506399472238,0.11217366733345562,0.9501491521536529,0.15371982683220797,0.9312904487960252,0.4442031227178026,0.7348751943513332,0.9582674158419069,0.0035976674736812363,0.002906430877309096,0.012534818941504178,0.004702194357366771
ENDOSCOPIC,ConvNeXt,3,ABL_no_knn,True,0.9636180904522613,0.9636538423640837,0.9969737758893181,0.017988420234387847,0.006791285884702063,0.013608570681715539,0.057605253257896255,0.9231929956561384,0.10970745943792112,0.9530126738717069,0.14970860660028723,0.933497265167692,0.4488236917201889,0.7454342611939342,0.9608407284460311,0.00343347240764079,0.0027422358112686495,0.012534818941504178,0.004702194357366771
ENDOSCOPIC,ConvNeXt,3,ABL_focal,True,0.963605527638191,0.9635992511392719,0.9964827772987583,0.03464899764401434,0.021166800487200252,0.021617479906231876,0.06494552467067218,0.9134059671057706,0.1294831736705552,0.9307720409608211,0.20339595370958677,0.9134680391649597,0.4236795635412073,0.705287873983611,0.9392753450470877,0.004075557853247219,0.0033843212568750785,0.01532033426183844,0.006269592476489028
ENDOSCOPIC,ConvNeXt,3,TAU_0.60,True,0.9661180904522613,0.9661035600349868,0.9971814643503277,0.024026539084227073,0.010411109982382129,0.01602880208182638,0.055143591434452195,0.9264752114207305,0.10754745556877437,0.9477203770173694,0.16028186094030605,0.9311117230039241,0.5486304437825086,0.7208515228858401,0.9556652007029094,0.0033500066902675436,0.0027498594640918447,0.012534818941504178,0.004702194357366771
ENDOSCOPIC,ConvNeXt,3,TAU_0.70,True,0.9661243718592964,0.9661547693995379,0.9971394764124698,0.018496193001180466,0.00924010954326835,0.014389658048861154,0.05573185400561676,0.9256908613258444,0.1076938459013349,0.9499674490473364,0.15719246525550445,0.9319772305586596,0.44009494667404503,0.7420383200500835,0.957249013876034,0.0033728655695790615,0.0027727183434033626,0.012534818941504178,0.004702194357366771
ENDOSCOPIC,ConvNeXt,3,TAU_0.80,True,0.9648743718592965,0.9649204484854054,0.9968563901817393,0.0182121201595973,0.003944843225533849,0.01264625189726051,0.057695996305112435,0.9230720049265169,0.11121930262563871,0.9509090492663538,0.15464001552553305,0.9318871304768552,0.39715268150487726,0.7464461438871007,0.9583440640074175,0.0035437091546124955,0.0028988309659568096,0.012534818941504178,0.006269592476489028
ENDOSCOPIC,ConvNeXt,3,TAU_0.85,True,0.9636180904522613,0.9636538423640837,0.996850098288215,0.017030544441534214,0.0034843278629578135,0.012820343335701357,0.058454137833189056,0.922061149555748,0.11190566008538005,0.9505879858671559,0.15429101161568043,0.9315421756725755,0.39715268150487726,0.7370507827568009,0.9586407542549327,0.003551513041143844,0.0028602764447717035,0.012534818941504178,0.006269592476489028
ENDOSCOPIC,ConvNeXt,3,TAU_0.90,True,0.9611118090452262,0.9611667314272538,0.9968605427963935,0.01542378902532135,0.004527147852325133,0.012227979110062657,0.06080195658342766,0.9189307245554299,0.11418445129013921,0.9492809405249079,0.15526233958674904,0.9299117973787819,0.3696570946202069,0.720488415558865,0.95852809603201,0.0035692495187436206,0.0027804053004631276,0.011142061281337047,0.004702194357366771
ENDOSCOPIC,ConvNeXt,3,TAU_0.95,True,0.959855527638191,0.9599099246774359,0.996692898905839,0.017039375628928436,0.0048892665674484005,0.011754326107538658,0.06250403460920319,0.9166612871877292,0.11743898312675245,0.9461697498113725,0.15896572771499412,0.9274380084768576,0.3696570946202069,0.7055208391211856,0.9562229680125292,0.003725833213285625,0.0028857355316305737,0.013927576601671309,0.006269592476489028
ENDOSCOPIC,ConvNeXt,3,FAIR_rbf_svm,True,0.9585992462311559,0.9586508370467945,0.9965359234222828,0.015104243128212458,0.0044452069222403676,0.010807138749304026,0.06314811960368354,0.9158025071950887,0.11641623301801192,0.95332803126247,0.1359050552415083,0.932910256773936,0.45555575254961905,0.7230369145789975,0.9632621578645023,0.004052736136859706,0.003159749048185084,0.012534818941504178,0.004702194357366771
ENDOSCOPIC,ConvNeXt,3,FAIR_poly_svm,True,0.9523115577889447,0.9522675405558986,0.9949341406216178,0.021503477024958764,0.006535546642945363,0.016111063340947026,0.07549152754999326,0.8993446299333424,0.1433368343839304,0.9411640896018205,0.17410922470566065,0.9171795714617272,0.6107970556152684,0.7305195901904511,0.951696314572389,0.006213087320753485,0.005031038998813093,0.019498607242339833,0.007836990595611285
ENDOSCOPIC,ConvNeXt,3,FAIR_knn,True,0.9134108040201003,0.9137890616641122,0.9846894415436656,0.044368085696066886,0.02274147263915192,0.03120715460572268,0.13425747400187632,0.8209900346641652,0.6925114519488084,0.8984196382847138,0.2102667441371441,0.8641577989804695,0.4986462570490803,0.6623202666748912,0.9207664923877014,0.026334049089364243,0.022429039988434544,0.04596100278551536,0.029780564263322935
ENDOSCOPIC,ConvNeXt,3,FAIR_equal_blend,True,0.9573304020100502,0.9573381338568454,0.9959837323619005,0.03585796277255278,0.01899047221919465,0.020272769189271473,0.07411756583532751,0.9011765788862302,0.14373207565385968,0.9233361496620304,0.21180330702426534,0.9047492090720451,0.35922543069935436,0.6845721787795402,0.9339617714028743,0.005056726312781343,0.004109211734953711,0.016713091922005572,0.006269592476489028
ENDOSCOPIC,ConvNeXt,3,ABL_no_descriptors,True,0.9648743718592965,0.9648885166344918,0.9966049733237743,0.01742530470823156,0.003588398543732203,0.014249165458039673,0.06117626265942594,0.9184316497874322,0.1168923548295495,0.9474869759935228,0.1590168387837088,0.9285638287158472,0.28986187611409886,0.7435685037003799,0.954902193167819,0.0038460397095815384,0.0032011615209258525,0.01532033426183844,0.006269592476489028
ENDOSCOPIC,ConvNeXt,4,BASE,True,0.9574371859296482,0.9575352247322115,0.9958230643189482,0.013147090125203436,0.0026231614478816412,0.016883361998118022,0.066689604938024,0.9110805267493014,0.13139098607688782,0.9473342895507812,0.15393035113811493,0.926334023475647,0.41870373487472534,0.7195074558258057,0.9574732780456543,0.006185522955217529,0.005238008377389898,0.016713091922005572,0.007836990595611285
ENDOSCOPIC,ConvNeXt,4,MC_DROPOUT,True,0.9574371859296482,0.9575352247322115,0.9957823104462211,0.0189086726509539,0.0064631426694035255,0.018014777223153606,0.06678346149392834,0.9109553846747623,0.13312177721678334,0.9412774443626404,0.16951386630535126,0.9220324754714966,0.396477609872818,0.6969600319862366,0.952150285243988,0.006191517418463391,0.00524400284063576,0.019498607242339833,0.007836990595611285
ENDOSCOPIC,ConvNeXt,4,TEMP_SCALE,True,0.9574371859296482,0.9575352247322115,0.9958230223379196,0.011411918808045506,0.004861986253050296,0.016001177365422767,0.06573020200440192,0.9123597306607976,0.13159063187263967,0.9617512822151184,0.10850580036640167,0.9380123615264893,0.4809773564338684,0.7579838037490845,0.9708194136619568,0.006065138388572517,0.005117623810744886,0.016713091922005572,0.007836990595611285
ENDOSCOPIC,ConvNeXt,4,VEC_SCALE,True,0.9649309045226131,0.9649885555057968,0.9962899990822393,0.014775799136822724,0.001774935925563461,0.012538471565997364,0.05759193805988027,0.9232107492534931,0.1170855860710931,0.9645651184673384,0.09561372381991749,0.9448057435327246,0.4074266657729193,0.76566374938161,0.9717978955250012,0.004689469288376038,0.004044591099720353,0.011142061281337047,0.006269592476489028
ENDOSCOPIC,ConvNeXt,4,ISOTONIC,True,0.9624246231155779,0.9625027210249713,0.994543797474511,0.014711173629402254,0.003026056221558271,0.011424126135091708,0.05916533745343172,0.9211128833954245,0.16735361621403222,0.9731582999229431,0.0810675248503685,0.9489481449127197,0.2938154101371765,0.8114262819290161,0.9794759750366211,0.008135895847449425,0.007396671281810661,0.0174630383544032,0.007053291536050109
ENDOSCOPIC,ConvNeXt,4,DIRICHLET,True,0.9649120603015076,0.9649955254703131,0.9962541141232766,0.015308840307675483,0.004463878671478978,0.011159811428399991,0.05890471304417384,0.9214603826077683,0.11825786685195123,0.9604606628417969,0.1047830581665039,0.9417262673377991,0.6485514342784882,0.7524570226669312,0.9680243730545044,0.004912342460742554,0.004267464272086868,0.011142061281337047,0.006269592476489028
ENDOSCOPIC,ConvNeXt,4,APEX,True,0.9661871859296483,0.9662225162546723,0.9961576454194075,0.021822134773105982,0.008432438421604113,0.014758908306832972,0.06089800472279419,0.9188026603696079,0.12019009686680461,0.9501187695769245,0.15045730529995266,0.9312088776864741,0.6176107737049236,0.7565745373999185,0.9568965831551076,0.004822187662768655,0.004222040436592956,0.016713091922005572,0.006269592476489028
ENDOSCOPIC,ConvNeXt,4,ABL_no_gate,True,0.9674371859296482,0.967481281534454,0.9962264504315651,0.021373120627917658,0.009114820645896726,0.01588998918465294,0.06006843281481266,0.9199087562469166,0.11977429140676377,0.946045425737997,0.15721770195005821,0.929218840622176,0.3322284779809214,0.7345841800684815,0.9531671775351568,0.0047574032052219075,0.00420036160711364,0.01532033426183844,0.006269592476489028
ENDOSCOPIC,ConvNeXt,4,ABL_no_rbf,True,0.9536683417085428,0.9536866155287208,0.9953713773844347,0.011925751113618337,0.0024035870348408828,0.01488877922911339,0.06655509845474425,0.9112598687270078,0.13426384896494897,0.9465756684126405,0.15606687262926042,0.9265852970055688,0.37282582841979944,0.6780044449766376,0.9596336648214868,0.00640848511310333,0.005287538106027553,0.01532033426183844,0.009404388714733543
ENDOSCOPIC,ConvNeXt,4,ABL_no_poly,True,0.9674371859296482,0.967481281534454,0.9961869796018356,0.023286695360308345,0.01197678334053455,0.015072526840312689,0.06126561357630425,0.9183125152315944,0.1205138537300221,0.9498029028365426,0.15018358007624064,0.9309423305832836,0.6394684668848479,0.7683687223019411,0.9559133804193142,0.00481138098688006,0.004254339388771793,0.01532033426183844,0.006269592476489028
ENDOSCOPIC,ConvNeXt,4,ABL_no_knn,True,0.9649309045226131,0.9649771950545307,0.9961450196513301,0.021335161897764843,0.005729069441179755,0.014660740987976447,0.0600570932169828,0.9199238757106897,0.11882900370187605,0.9519586808856424,0.1474003760903796,0.9327244322944955,0.5640140780416195,0.7527500767126487,0.9592026301282965,0.004815996149360078,0.004171117960704392,0.018105849582172703,0.006269592476489028
ENDOSCOPIC,ConvNeXt,4,ABL_focal,True,0.9586746231155779,0.9586881073573542,0.9954070524382539,0.026911066532688897,0.010278151836203056,0.020202859516524303,0.06784173045841585,0.909544359388779,0.13848463380916665,0.9341591891163429,0.19011372944888594,0.9154884662656961,0.3736660867326725,0.6912244719500451,0.9446387259352811,0.005998734519051055,0.005105747430376433,0.01532033426183844,0.0109717868338558
ENDOSCOPIC,ConvNeXt,4,TAU_0.60,True,0.9686934673366834,0.9687263312051086,0.9962202285064218,0.020565831266541136,0.007339013903635601,0.016214638643974565,0.059096473653361,0.9212047017955187,0.11875038955064177,0.9481058479314537,0.15548387872979935,0.9304269063448727,0.28797863462166284,0.7590560660934484,0.9542200064643777,0.004758029259831032,0.004242470060733097,0.01532033426183844,0.006269592476489028
ENDOSCOPIC,ConvNeXt,4,TAU_0.70,True,0.9661934673366833,0.9662055582077551,0.9961805687620631,0.018497196770348667,0.005880149246267869,0.015418112233254353,0.060064665186730024,0.9199137797510267,0.11930358532654131,0.9495443470493891,0.15283130216142096,0.9309233036865222,0.28583699929059236,0.7504416225751209,0.9565168159998498,0.004799988188784945,0.004199840962609246,0.01532033426183844,0.006269592476489028
ENDOSCOPIC,ConvNeXt,4,TAU_0.80,True,0.9661871859296483,0.9662225162546723,0.9961052199702092,0.019677734997741468,0.0055257967704192435,0.014821214040892091,0.060994491992927134,0.9186740106760972,0.1207541742672577,0.9500748410088093,0.15173417540277856,0.9308780095146364,0.6176107737049236,0.7600800013908174,0.9567283567930972,0.004870065141823591,0.0042699179156478915,0.016713091922005572,0.006269592476489028
ENDOSCOPIC,ConvNeXt,4,TAU_0.85,True,0.9661871859296483,0.9662225162546723,0.9961576454194075,0.021822134773105982,0.008432438421604113,0.014758908306832972,0.06089800472279419,0.9188026603696079,0.12019009686680461,0.9501187695769245,0.15045730529995266,0.9312088776864741,0.6176107737049236,0.7565745373999185,0.9568965831551076,0.004822187662768655,0.004222040436592956,0.016713091922005572,0.006269592476489028
ENDOSCOPIC,ConvNeXt,4,TAU_0.90,True,0.9649371859296482,0.9649635122471547,0.9960907627841387,0.017788238587487588,0.006301541614728571,0.014591025427145124,0.06228388774630505,0.91695481633826,0.12163041776944622,0.949879810013435,0.15010621486970907,0.9305033991536329,0.6176107737049236,0.7534216620880475,0.957023742665267,0.004909810307818743,0.004264932119163058,0.016713091922005572,0.006269592476489028
ENDOSCOPIC,ConvNeXt,4,TAU_0.95,True,0.9649371859296482,0.9649635122471547,0.9960595272153365,0.022564121326187042,0.0076862940558747525,0.016248683520036066,0.06353148638804873,0.9152913514826018,0.12303196730161428,0.9479346782864883,0.15197730820242572,0.9288483954146054,0.6176107737049236,0.7492961099536516,0.9551578989531367,0.004950698860570009,0.004305820671914324,0.016713091922005572,0.006269592476489028
ENDOSCOPIC,ConvNeXt,4,FAIR_rbf_svm,True,0.9586683417085426,0.9587492614360791,0.9959587589632127,0.018015519151697027,0.005766402942861574,0.014810020103767352,0.06371170604766868,0.9150510586031085,0.12277677348457164,0.9531679644921288,0.13791428702676106,0.932439782852839,0.4255866713849013,0.7268106427860002,0.9629323979774912,0.004921517538378047,0.004028530449703425,0.018105849582172703,0.006269592476489028
ENDOSCOPIC,ConvNeXt,4,FAIR_poly_svm,True,0.9549183417085427,0.9549761835391304,0.9932833048652624,0.021110120296542967,0.003484899193759,0.015986721308425395,0.07818845669370018,0.8957487244083999,0.1656091584636025,0.9396607370456853,0.17324666492580104,0.915728006132462,0.584165208073819,0.7361994286605812,0.9492730823237218,0.00789438294901769,0.006832890564517327,0.020891364902506964,0.014106583072100314
ENDOSCOPIC,ConvNeXt,4,FAIR_knn,True,0.9122801507537688,0.9124486368270444,0.9792734314428688,0.03748597410145992,0.018639352429376338,0.03048225890997397,0.1439598207501058,0.8080535723331925,0.8643253101900666,0.9021972910570351,0.20333513826928507,0.8617365063832012,0.23055432946572102,0.6966730761830736,0.9219592347949158,0.025807144344269086,0.021787163653291808,0.05710306406685232,0.03605015673981186
ENDOSCOPIC,ConvNeXt,4,FAIR_equal_blend,True,0.9549120603015075,0.9549144939258779,0.9942394470285554,0.03596092599459688,0.018933748559120264,0.021597861599643293,0.07897441155773974,0.8947007845896805,0.15723597976050435,0.9237769235071382,0.2086396155289743,0.9033014317895015,0.36467147653395404,0.6949364118092123,0.9345882862645206,0.007505765812509318,0.006444273428008956,0.023676880222841225,0.012539184952978056
ENDOSCOPIC,ConvNeXt,4,ABL_no_descriptors,True,0.9686871859296482,0.9687450523042126,0.9961011023397455,0.021312905396575876,0.008226144716203084,0.015935270883003085,0.061422377667727596,0.91810349644303,0.1232233659888328,0.9473587738014192,0.1559380908647955,0.9293445229338962,0.6199304482231367,0.7616688811376194,0.953364268389511,0.004959727870481684,0.004444168671383749,0.01532033426183844,0.007836990595611285
ENDOSCOPIC,ConvNeXt,5,BASE,True,0.9523932160804021,0.9522488486982887,0.9956499821491195,0.014972792308133387,0.006842349256787981,0.018339712438401178,0.07028606912646587,0.9062852411647123,0.13446142717733917,0.947084903717041,0.15226581692695618,0.9249128103256226,0.6217961609363556,0.7017817497253418,0.959350049495697,0.00527423074598826,0.004092182424047868,0.01532033426183844,0.009404388714733543
ENDOSCOPIC,ConvNeXt,5,MC_DROPOUT,True,0.9511557788944723,0.951013274685574,0.9956792603568425,0.0191762866008849,0.007260242493982562,0.018477491849308664,0.07098440279423927,0.9053541296076811,0.13624729219522327,0.9412336945533752,0.16708238422870636,0.9204981327056885,0.39831677079200745,0.6804354190826416,0.9546343684196472,0.005351123735768409,0.004106325239973822,0.01532033426183844,0.009404388714733543
ENDOSCOPIC,ConvNeXt,5,TEMP_SCALE,True,0.9523932160804021,0.9522488486982887,0.9956521004374752,0.010655052567783176,0.00017751516983265594,0.016695843239033,0.06997493125354154,0.9067000916619448,0.1340797291293034,0.9566521644592285,0.1220274269580841,0.9324977397918701,0.608293205499649,0.7280707359313965,0.9680813550949097,0.005293560028719084,0.004111511706778691,0.01532033426183844,0.009404388714733543
ENDOSCOPIC,ConvNeXt,5,VEC_SCALE,True,0.9549434673366834,0.9548720503203625,0.993848405056898,0.018772667813202946,0.005637978284851547,0.014462319026374442,0.06792966558948466,0.9094271125473539,0.18662295542080654,0.964681846211696,0.09264631181023625,0.9400391441364446,0.42018209124538514,0.756736642951863,0.9745060290428693,0.00947561510025147,0.008414122715751109,0.012534818941504178,0.009404388714733545
ENDOSCOPIC,ConvNeXt,5,ISOTONIC,True,0.9499057788944724,0.9497143248482647,0.9921059756217114,0.02104948688867997,0.00960353451079378,0.014912446225552028,0.07535152214846373,0.8995313038020485,0.22029908451307353,0.9638288021087646,0.08227219432592392,0.9367992281913757,0.458453893661499,0.7569469213485718,0.97474604845047,0.012025135354006844,0.010715935652958749,0.020891364902506992,0.009259259259259292
ENDOSCOPIC,ConvNeXt,5,DIRICHLET,True,0.9599434673366833,0.9598738996795569,0.9956771140811344,0.016525817395451666,0.003294650148073569,0.012191992752772047,0.06547903329848509,0.9126946222686867,0.13286331541140223,0.9606959819793701,0.10317283123731613,0.9385983347892761,0.6140429973602295,0.7570716142654419,0.9692025780677795,0.005767526868574798,0.004927429186919747,0.012534818941504178,0.007836990595611285
ENDOSCOPIC,ConvNeXt,5,APEX,True,0.9524120603015075,0.9523607197367192,0.9952413519151022,0.016369697119706945,0.00202798806748914,0.013749649450161912,0.07243741068470898,0.9034167857537215,0.1353414129884658,0.9469318644453033,0.15765018775077108,0.9228164979458984,0.6222413959779671,0.7344566861920857,0.9575556233579643,0.005805717253082988,0.004623668931142595,0.018105849582172703,0.006269592476489028
ENDOSCOPIC,ConvNeXt,5,ABL_no_gate,True,0.9599246231155778,0.9599192019635401,0.9957080907669261,0.019913047035358098,0.0058188629461384984,0.015070898821556183,0.0676298615689029,0.9098268512414629,0.13043562850792983,0.9416694076934352,0.16628783566436678,0.9224591443355017,0.5700679076999973,0.7197332752534812,0.9509408910329634,0.005249592795867741,0.004409495114212689,0.01532033426183844,0.006269592476489028
ENDOSCOPIC,ConvNeXt,5,ABL_no_rbf,True,0.9524183417085428,0.9523780554190389,0.9950803777473303,0.01613493316720359,0.003587801242312984,0.013852931102630335,0.07628192967730142,0.8982907604302649,0.14103289929137214,0.9446792510666813,0.1629406309856268,0.9194161869227273,0.23587231156505628,0.738081597832175,0.9550091337284067,0.005949644218559689,0.0047675958966192965,0.020891364902506964,0.006269592476489028
ENDOSCOPIC,ConvNeXt,5,ABL_no_poly,True,0.9511683417085428,0.951120765304601,0.9951495046140413,0.016299237523354423,0.0041821990538803335,0.014753480000171867,0.07036363070635371,0.9061818257248618,0.13339089671191998,0.9488188509672729,0.1467298004525727,0.9260786385593385,0.1331338287101183,0.7162278722115707,0.9607701660812022,0.005787483505491184,0.004542685009696597,0.01532033426183844,0.009404388714733543
ENDOSCOPIC,ConvNeXt,5,ABL_no_knn,True,0.9536620603015075,0.9536398025379544,0.9951576279255587,0.018647278675058155,0.005094755800578929,0.01348005050271122,0.07259850051401188,0.903201999314651,0.1359381333554847,0.9493807738554191,0.15342387419556944,0.9242065736313534,0.5961679546449329,0.7529962299728191,0.95892903683,0.005854696040257336,0.004733749033181559,0.016713091922005572,0.009404388714733543
ENDOSCOPIC,ConvNeXt,5,ABL_focal,True,0.9511683417085428,0.9510987524960968,0.9950319299918333,0.02252683436752837,0.008787722725482207,0.01831671992009573,0.07754100099344508,0.8966119986754068,0.14654372436293903,0.9344670613478304,0.19043646273766923,0.9106407837569926,0.25187823078471294,0.7191121251142764,0.9455327300080526,0.006369018943795414,0.005124220448000827,0.022284122562674095,0.0109717868338558
ENDOSCOPIC,ConvNeXt,5,TAU_0.60,True,0.9586683417085426,0.9586616726877866,0.9957374109556778,0.016059980028434524,0.0014290396065511637,0.013785131540835457,0.06597683881618217,0.9120308815784239,0.127345303397947,0.9451358738063012,0.16162909961039823,0.9249344849364131,0.16559762595955907,0.7272510555483913,0.9545348267507598,0.005208757412966586,0.004315770324291964,0.01532033426183844,0.006269592476489028
ENDOSCOPIC,ConvNeXt,5,TAU_0.70,True,0.9536557788944724,0.9536431053536316,0.9955679076597779,0.018253292295567148,0.0027421349456719685,0.013167826245901246,0.06860646135357648,0.9085247181952315,0.13048914296324857,0.9464059630724727,0.1602638366498482,0.9241356777803489,0.6222413959779671,0.7212355948211627,0.9573537996365971,0.005363775949804031,0.004242828942728254,0.016713091922005572,0.006269592476489028
ENDOSCOPIC,ConvNeXt,5,TAU_0.80,True,0.9511557788944723,0.9511021687665587,0.9951932609983491,0.017199995057113712,0.003575548231546397,0.01392017714882088,0.07328031305533145,0.9022929159262248,0.1366580943811584,0.9472196486438803,0.15831660172191955,0.922341701371366,0.6222413959779671,0.7350274002029098,0.9581228076546812,0.005849528092788732,0.004604729596994145,0.018105849582172703,0.006269592476489028
ENDOSCOPIC,ConvNeXt,5,TAU_0.85,True,0.9524120603015075,0.9523607197367192,0.9952413519151022,0.016369697119706945,0.00202798806748914,0.013749649450161912,0.07243741068470898,0.9034167857537215,0.1353414129884658,0.9469318644453033,0.15765018775077108,0.9228164979458984,0.6222413959779671,0.7344566861920857,0.9575556233579643,0.005805717253082988,0.004623668931142595,0.018105849582172703,0.006269592476489028
ENDOSCOPIC,ConvNeXt,5,TAU_0.90,True,0.9524120603015075,0.9523607197367192,0.9949984991694559,0.014542933374174682,0.0024774777335613758,0.013235173723329262,0.07472257096716858,0.9003699053771087,0.1389176398753908,0.9451451254860916,0.15910308269752846,0.9209018921360805,0.6222413959779671,0.7357916772516956,0.9556127978978117,0.00611718792410879,0.0049351396021683975,0.018105849582172703,0.007836990595611285
ENDOSCOPIC,ConvNeXt,5,TAU_0.95,True,0.9536620603015076,0.9536285289408238,0.9948813723448876,0.017324000583162125,0.004700235813107208,0.013282050733863873,0.0755135083516718,0.8993153221977711,0.14081476469798473,0.9428802369462667,0.1622511576658064,0.9191345016369923,0.6222413959779671,0.7368598689838397,0.952896995966779,0.006237112139216434,0.005116165132140657,0.019498607242339833,0.007836990595611285
ENDOSCOPIC,ConvNeXt,5,FAIR_rbf_svm,True,0.9511683417085428,0.9511553578574922,0.9937641230738984,0.01791692538591965,0.006450374856327828,0.014754835528417297,0.07513928691255684,0.899814284116591,0.15446765335695903,0.9529911237125581,0.12977984198441117,0.9274985360905776,0.5656802068718542,0.7477428301867771,0.9635374787158593,0.010458176969819894,0.009213378474025308,0.019498607242339833,0.009404388714733543
ENDOSCOPIC,ConvNeXt,5,FAIR_poly_svm,True,0.9411494974874371,0.9411143438664125,0.9930454845822796,0.01565617038632816,0.003902304718310132,0.014756233889543419,0.09112962147426727,0.8784938380343105,0.16977559576991647,0.9423866544303994,0.16051340843432677,0.9117995207456355,0.41662241098325353,0.7239389115141162,0.9560578181015915,0.008572082426109275,0.006765661717228377,0.02924791086350975,0.014106583072100314
ENDOSCOPIC,ConvNeXt,5,FAIR_knn,True,0.9022801507537688,0.902323138116006,0.981718391806605,0.039719909063216596,0.018789586725193035,0.03252097840340297,0.1472017602748333,0.8037309863002225,0.8305878210335856,0.8965352437418438,0.21704826862290763,0.8560417459966672,0.6013045637037859,0.6756104049861595,0.920468767940376,0.032130414415372247,0.027128493182738144,0.054317548746518174,0.03291536050156747
ENDOSCOPIC,ConvNeXt,5,FAIR_equal_blend,True,0.9499057788944724,0.9498891426946949,0.9935794279239256,0.03141573883014516,0.016846160490947237,0.020679791901449612,0.08734264785764467,0.8835431361898073,0.1657760028126731,0.9219634784465006,0.20670083498082603,0.8984466009442943,0.6200199027344644,0.7107847137604153,0.9331074765829694,0.008362258208469428,0.0070530585074213325,0.027855153203342618,0.012539184952978056
ENDOSCOPIC,ConvNeXt,5,ABL_no_descriptors,True,0.9511683417085428,0.9511207823512373,0.9951451281005672,0.014816626928055982,0.003506962128858018,0.01428934582697154,0.07398669554508702,0.9013510726065508,0.13965845069027522,0.9443374964649441,0.16201451615703813,0.920814471080429,0.22987884171997214,0.7096637845807915,0.9563958294866595,0.0058216282356871015,0.004576829739892515,0.018105849582172703,0.009404388714733543
ENDOSCOPIC,MobileNetV3,1,BASE,True,0.9271984924623116,0.9266774863687028,0.991270533878599,0.04861422181876381,0.02504929970482561,0.03330819160744015,0.11921453330219527,0.8410472889304066,0.22909954547910916,0.8805685043334961,0.33284473419189453,0.8529906868934631,0.6882966160774231,0.6236040592193604,0.9007089138031006,0.011393337404413863,0.008640078317829666,0.037604456824512536,0.018808777429467086
ENDOSCOPIC,MobileNetV3,1,MC_DROPOUT,True,0.9284547738693467,0.9279589354191453,0.991176260428305,0.05302946340470087,0.031558958763058975,0.03358623956768939,0.12035798182410297,0.8395226909011962,0.23289775126393236,0.8755419254302979,0.34614551067352295,0.8488348722457886,0.6981920003890991,0.617849588394165,0.8953644037246704,0.011433676732665505,0.008774915544965182,0.036211699164345405,0.018808777429467086
ENDOSCOPIC,MobileNetV3,1,TEMP_SCALE,True,0.9271984924623116,0.9266774863687028,0.991430047460798,0.018461596435472773,0.004291192566270928,0.022411694528883967,0.11380994715975508,0.8482534037869934,0.2127254551307551,0.9264122247695923,0.1940413862466812,0.8898207545280457,0.6711914539337158,0.7050362229347229,0.9437633752822876,0.011235855030077345,0.008482595943493147,0.03899721448467967,0.018808777429467086
ENDOSCOPIC,MobileNetV3,1,VEC_SCALE,True,0.925961055276382,0.9255381266984231,0.9912184862586588,0.02173743703106952,0.005709860363114947,0.022917731063515866,0.110965514696742,0.8520459804043442,0.20942326884662843,0.9332505030615257,0.17710376429552577,0.8957988916162669,0.6321794634448263,0.7168086726490746,0.9505307033244954,0.011423228295070581,0.008573777886856454,0.036211699164345405,0.01567398119122257
ENDOSCOPIC,MobileNetV3,1,ISOTONIC,True,0.9259484924623116,0.9254267172785113,0.9880746114373464,0.018889298041661562,0.006617065719950584,0.02209445351947337,0.11383687169955577,0.8482175044005925,0.33816745649261293,0.9339397549629211,0.15965819358825684,0.894837498664856,0.6232483983039856,0.7196850180625916,0.9510454535484314,0.01765580936269434,0.014806358954480214,0.040389972144846714,0.01567398119122249
ENDOSCOPIC,MobileNetV3,1,DIRICHLET,True,0.9284673366834171,0.9280563238569256,0.9911111532363241,0.01570732260407659,7.797756196854424e-05,0.019621437047707403,0.10895982088862047,0.8547202388151729,0.20830084431633636,0.9296945333480835,0.18864868581295013,0.8936375975608826,0.6033917963504791,0.7065499424934387,0.9468595385551453,0.010828584430244897,0.008169823242544574,0.036211699164345405,0.0109717868338558
ENDOSCOPIC,MobileNetV3,1,APEX,True,0.9359924623115577,0.935806361267992,0.993158492005255,0.02291992959891671,0.005789060926658179,0.019886518625458673,0.09610912426602011,0.87185450097864,0.1784744834736592,0.9194319309711071,0.23527794459215975,0.8909396070338425,0.6007893091514134,0.6908514360569408,0.9350378282142431,0.009059137311129032,0.006931929187228598,0.027855153203342618,0.01567398119122257
ENDOSCOPIC,MobileNetV3,1,ABL_no_gate,True,0.9435238693467336,0.9433377094667417,0.993091791287777,0.0339247738640083,0.012489857270981121,0.02281379075800844,0.09717996270817487,0.8704267163891004,0.18575221657344396,0.9096842486923826,0.2578319421013677,0.8840769617597407,0.6377104986953281,0.6850498419920745,0.923108615626664,0.009114689291038326,0.007458641655880117,0.027855153203342618,0.01567398119122257
ENDOSCOPIC,MobileNetV3,1,ABL_no_rbf,True,0.9284736180904523,0.9282713279369914,0.991429207840224,0.03165766686153681,0.014540975073362675,0.02443951444303721,0.11087008220626805,0.8521732237249762,0.20856776799364476,0.8969612628461769,0.2948272246517443,0.8675455101749621,0.6814243657787786,0.6667701638603369,0.9146682704604723,0.011148822078476162,0.00849006089077584,0.037604456824512536,0.017241379310344827
ENDOSCOPIC,MobileNetV3,1,ABL_no_poly,True,0.9359924623115577,0.9357955828650635,0.9931164201053396,0.022841896156614958,0.006380535271668114,0.018839141726410918,0.09651665681373234,0.8713111242483571,0.1789953049432646,0.9184679631724681,0.236206190995593,0.8901623591642864,0.6047478759002995,0.6891338042147004,0.9341253153904684,0.009153820432981198,0.007026612309080763,0.026462395543175487,0.01567398119122257
ENDOSCOPIC,MobileNetV3,1,ABL_no_knn,True,0.9397613065326633,0.9395810070372569,0.9933472907920151,0.023713260016552128,0.009307520211824235,0.019654347893277243,0.0950665208088952,0.8732446389214732,0.17672640645213877,0.9242578549984163,0.2252076913221287,0.894633648895284,0.5612252131646714,0.7147711063774708,0.9376650069101569,0.008683391165516268,0.006799282100801856,0.02924791086350975,0.01567398119122257
ENDOSCOPIC,MobileNetV3,1,ABL_focal,True,0.9334798994974874,0.9332035323931961,0.9925062813544274,0.03726754503218995,0.020881726652172368,0.02647647226235719,0.10355149059731744,0.8619313458702436,0.1986845838090975,0.8963164148675594,0.3001237817190593,0.8695885959668771,0.20252726619037098,0.6613501786354226,0.9130321336867584,0.010123628724121583,0.007825970518663794,0.03064066852367688,0.01567398119122257
ENDOSCOPIC,MobileNetV3,1,TAU_0.60,True,0.9422613065326633,0.9420615518293374,0.9931482014275149,0.026268421812685634,0.008763306943523978,0.01940356683877873,0.09484547999629189,0.8735393600049444,0.18017048794638904,0.9161488637115217,0.24668446803747593,0.8886981144784807,0.6007893091514134,0.7030871361708408,0.9291818949174676,0.009156170849697744,0.007425769877699521,0.02924791086350975,0.01567398119122257
ENDOSCOPIC,MobileNetV3,1,TAU_0.70,True,0.939748743718593,0.9395122781433589,0.9931210135207952,0.023207074383963636,0.007274930949026716,0.019320259076806283,0.09533111807951913,0.8728918425606413,0.17930639844770394,0.918397185608916,0.24146709836061664,0.889946285169685,0.6007893091514134,0.703618037439448,0.9321430510917618,0.009237791680401576,0.007353682615687164,0.03064066852367688,0.01567398119122257
ENDOSCOPIC,MobileNetV3,1,TAU_0.80,True,0.9372424623115578,0.9370166346282979,0.9931292417848844,0.02271574097927289,0.005840066147338111,0.019963892409619252,0.09578564695436124,0.8722858040608519,0.17862628788883966,0.9192698325843461,0.23700275582182262,0.890762788610064,0.6007893091514134,0.6960569856279052,0.9341904774343756,0.009168922278748071,0.007124421740272255,0.02924791086350975,0.01567398119122257
ENDOSCOPIC,MobileNetV3,1,TAU_0.85,True,0.9359924623115577,0.935806361267992,0.993158492005255,0.02291992959891671,0.005789060926658179,0.019886518625458673,0.09610912426602011,0.87185450097864,0.1784744834736592,0.9194319309711071,0.23527794459215975,0.8909396070338425,0.6007893091514134,0.6908514360569408,0.9350378282142431,0.009059137311129032,0.006931929187228598,0.027855153203342618,0.01567398119122257
ENDOSCOPIC,MobileNetV3,1,TAU_0.90,True,0.9347361809045226,0.9345332435589021,0.9925548620498487,0.02135920738159594,0.00752852493162201,0.020174820888056808,0.09804926216048841,0.8692676504526823,0.18235651055808205,0.9194753999634208,0.2327977107751799,0.8903612243547433,0.6007893091514134,0.6920052282427828,0.935331229627594,0.010124346245401412,0.007912752982084284,0.027855153203342618,0.01567398119122257
ENDOSCOPIC,MobileNetV3,1,TAU_0.95,True,0.9347361809045226,0.9345332435589021,0.992565229592808,0.0209693831035902,0.0066315912395662575,0.01927136102239314,0.09809460584794398,0.8692071922027416,0.18229991047054234,0.9190781238259613,0.232185279577443,0.8901081066830755,0.6007893091514134,0.691007919597166,0.9349757788124188,0.01005800892740556,0.007846415664088432,0.027855153203342618,0.01567398119122257
ENDOSCOPIC,MobileNetV3,1,FAIR_rbf_svm,True,0.9385050251256282,0.9383038515324048,0.9921314667688839,0.0182940788904307,0.0029146652033074337,0.015637273837121865,0.0966109398957729,0.8711854134723029,0.18769283572793083,0.938623256460277,0.1680007425548191,0.9061966611226382,0.16696946404787488,0.7369019239499313,0.9518199791478695,0.012229123981240072,0.010265655716916039,0.03064066852367688,0.012539184952978056
ENDOSCOPIC,MobileNetV3,1,FAIR_poly_svm,True,0.9196984924623115,0.9194692598904302,0.9903942901879933,0.013765489685328047,0.003359230849222504,0.01765161622832875,0.11421821926872239,0.847709040975037,0.2105324607380123,0.9188101451930281,0.22638612810188502,0.8825966403294657,0.060026884711352646,0.6887922768605114,0.9388661991075796,0.012354848447821105,0.008998959669682116,0.04178272980501393,0.018808777429467086
ENDOSCOPIC,MobileNetV3,1,FAIR_knn,True,0.8707286432160803,0.869278637285645,0.9661492455486572,0.06045630060569223,0.03718837880105305,0.03730209365283214,0.20384236285366333,0.7282101828617826,1.2799649206813468,0.857155569553333,0.2926722711418567,0.803145676378534,0.10933934313892457,0.6640853420970105,0.8857688550612484,0.056933242417568794,0.04813905090670733,0.0905292479108635,0.06426332288401254
ENDOSCOPIC,MobileNetV3,1,FAIR_equal_blend,True,0.9272173366834171,0.9269744619832416,0.9898925182378634,0.0354849521426368,0.018615959476623496,0.026252442282254537,0.11524815525886745,0.846335792988177,0.22046788853926616,0.8942202686636467,0.2795371964712992,0.86397965927688,0.4067552308244429,0.675464796949688,0.9113659677979838,0.01378943200117478,0.011036172914590582,0.03899721448467967,0.025078369905956112
ENDOSCOPIC,MobileNetV3,1,ABL_no_descriptors,True,0.9309736180904522,0.9306234460436644,0.9921252308500644,0.025811703047714844,0.012401210964616034,0.02328946046321415,0.10691008791876801,0.8574532161083095,0.2001597948509403,0.9086762031371692,0.26419222880958765,0.877668012399631,0.620284740631202,0.6809065307027651,0.9255366768705368,0.010546088940013775,0.008071252416966525,0.03899721448467967,0.01567398119122257
ENDOSCOPIC,MobileNetV3,2,BASE,True,0.9172173366834171,0.9171400529908933,0.9899550838415505,0.06085406023458131,0.03761534978390606,0.033249921373728855,0.13070531700807794,0.8257262439892297,0.25153124601246596,0.8616467118263245,0.3928952217102051,0.8316245675086975,0.6711549162864685,0.6210713982582092,0.8833379149436951,0.013395359237030786,0.009824960468372976,0.04317548746518106,0.02821316614420063
ENDOSCOPIC,MobileNetV3,2,MC_DROPOUT,True,0.9172047738693467,0.9170997689241144,0.9899319575905895,0.06353489845468287,0.04333981355056596,0.0382634523286155,0.13185932451204754,0.8241875673172702,0.2548948330630695,0.8566071391105652,0.40449389815330505,0.8278253078460693,0.6804083585739136,0.6142321228981018,0.8784606456756592,0.01354691966327995,0.00997652089462214,0.0403899721448468,0.02664576802507837
ENDOSCOPIC,MobileNetV3,2,TEMP_SCALE,True,0.9172173366834171,0.9171400529908933,0.9899715963444337,0.020170339777654905,0.004293797691957812,0.01816484589657203,0.12360254049814964,0.835196612669134,0.22424333105874283,0.9268885850906372,0.19845283031463623,0.8841499090194702,0.45994749665260315,0.7250309586524963,0.9450888633728027,0.013369218872496837,0.009798820103839027,0.04596100278551532,0.02821316614420063
ENDOSCOPIC,MobileNetV3,2,VEC_SCALE,True,0.9209987437185929,0.9210172471480969,0.9902460694849785,0.01790512098666182,0.002380344814449271,0.01879983642941007,0.11920636503597613,0.841058179952032,0.21743667280800277,0.9305409007748743,0.19443104716676948,0.8878869522576721,0.18514005542816514,0.7362152855476034,0.947197382080069,0.01248276298302271,0.009231567137410962,0.0403899721448468,0.0219435736677116
ENDOSCOPIC,MobileNetV3,2,ISOTONIC,True,0.9184924623115578,0.9185251407934945,0.9875733170345702,0.026063076087406663,0.007699319822996384,0.02067227264426229,0.12428054481317627,0.8342926069157652,0.2971083849028016,0.9300147294998169,0.17647045850753784,0.8865867257118225,0.5695679485797882,0.7370078563690186,0.9471299052238464,0.015628729050328027,0.012166440074222998,0.04456824512534818,0.02507836990595611
ENDOSCOPIC,MobileNetV3,2,DIRICHLET,True,0.9222550251256281,0.9222361895415112,0.9897562673537368,0.02457012975574434,0.01228351190783803,0.019447576427916273,0.12082074667964289,0.8389056710938096,0.22209457193861545,0.929049015045166,0.19906651973724365,0.8858963251113892,0.6355811953544617,0.741342306137085,0.9448612332344055,0.013252299652700002,0.010104091796986812,0.0403899721448468,0.025078369905956112
ENDOSCOPIC,MobileNetV3,2,APEX,True,0.9310050251256281,0.9308628840569468,0.9927378184943174,0.02587035721682555,0.01000524117434246,0.016865469973440732,0.09750439861438849,0.8699941351808156,0.18574409955038096,0.9173583953347648,0.23433114726732637,0.8895063724602255,0.35853413860567146,0.6624299296541167,0.936229277720277,0.009259248941375104,0.006784412418327853,0.02924791086350975,0.01567398119122257
ENDOSCOPIC,MobileNetV3,2,ABL_no_gate,True,0.9360175879396985,0.9358972424799571,0.9927731716935834,0.03305589576486479,0.013858266607157905,0.018857398885176537,0.09744827186352652,0.8700689708486316,0.18744093148181207,0.9117064119855526,0.25141766497885626,0.8852226066022062,0.6915018451344996,0.665448725842343,0.9285191857383016,0.00940085427979932,0.007273646155898885,0.02924791086350975,0.01567398119122257
ENDOSCOPIC,MobileNetV3,2,ABL_no_rbf,True,0.9172236180904523,0.9171553666594934,0.9898926686786509,0.03290955920175141,0.012911713280462945,0.025353698226035504,0.12102419062495695,0.8386344125000575,0.22764963528790175,0.8870865554320854,0.3138582702726231,0.8565134061029042,0.67467647739021,0.6442854033401096,0.9089784625879191,0.013302006859877383,0.009731608091219573,0.04317548746518106,0.018808777429467086
ENDOSCOPIC,MobileNetV3,2,ABL_no_poly,True,0.9335175879396985,0.9333774387771727,0.9927336868701775,0.026400809828289684,0.009692530674051491,0.016724289919770877,0.09727076557937837,0.8703056458941624,0.1859485357352292,0.917160769906405,0.2344371458399057,0.8894444084727535,0.3589318022294976,0.6674169229000935,0.9349277818410822,0.00923787135286193,0.006940213147404142,0.027855153203342618,0.017241379310344827
ENDOSCOPIC,MobileNetV3,2,ABL_no_knn,True,0.9297550251256281,0.9296443126331801,0.9927775132228667,0.025633557547778078,0.005588104212330073,0.015877026155769084,0.09733678278805155,0.8702176229492647,0.1845527477361431,0.9199953728650613,0.22748395310815914,0.8915313693737853,0.3611261060576232,0.6636532718082607,0.9393419465297252,0.009163319083914899,0.006597364657673242,0.02924791086350975,0.01567398119122257
ENDOSCOPIC,MobileNetV3,2,ABL_focal,True,0.9322801507537689,0.9321352103688421,0.9924053276948614,0.05167217452216338,0.03300710826304222,0.029379349589081238,0.10767363654694592,0.856435151270739,0.21123703150828882,0.8840207747051254,0.3356697154253916,0.8582553585974032,0.3303138801703572,0.645864107486971,0.901306339261282,0.009955985638064635,0.007570580432973459,0.03064066852367688,0.017241379310344827
ENDOSCOPIC,MobileNetV3,2,TAU_0.60,True,0.9347675879396985,0.9346625203336673,0.9927776951406577,0.03169964527347581,0.014203110879630294,0.01751545535511571,0.0960370877273298,0.8719505496968938,0.18555455971138338,0.9152391749776072,0.24316243298500412,0.8882719536777575,0.35853413860567146,0.665205252400298,0.9326678130124866,0.009237951867480186,0.007026358604163058,0.02924791086350975,0.01567398119122257
ENDOSCOPIC,MobileNetV3,2,TAU_0.70,True,0.9335175879396984,0.9334082188576752,0.9927503672971757,0.030818124475242095,0.013512432031109326,0.017632944420720567,0.0965481643946205,0.8712691141405062,0.18561471570264493,0.916198334204755,0.24059466150940326,0.8887181047913698,0.35853413860567146,0.6655105291937907,0.9340325001988237,0.009249604891179817,0.006951946685722028,0.02924791086350975,0.01567398119122257
ENDOSCOPIC,MobileNetV3,2,TAU_0.80,True,0.9322613065326633,0.9321366097566217,0.9926980537973871,0.02695268007645609,0.011021613984972364,0.01709891644605766,0.09741316074515262,0.8701157856731301,0.18605475370596705,0.9167595482849196,0.23652293553470313,0.8890916509016226,0.35853413860567146,0.664059871076086,0.9351006538887865,0.009355068179172867,0.006969662974081691,0.02924791086350975,0.01567398119122257
ENDOSCOPIC,MobileNetV3,2,TAU_0.85,True,0.9310050251256281,0.9308628840569468,0.9927378184943174,0.02587035721682555,0.01000524117434246,0.016865469973440732,0.09750439861438849,0.8699941351808156,0.18574409955038096,0.9173583953347648,0.23433114726732637,0.8895063724602255,0.35853413860567146,0.6624299296541167,0.936229277720277,0.009259248941375104,0.006784412418327853,0.02924791086350975,0.01567398119122257
ENDOSCOPIC,MobileNetV3,2,TAU_0.90,True,0.9310050251256281,0.9308628840569468,0.9922282870682523,0.024205985649736292,0.009020364325977002,0.01770079137013947,0.09793557676485852,0.8694192309801888,0.1882056221537434,0.9171258701794919,0.23343018609871194,0.889261015087429,0.35853413860567146,0.6625588069434238,0.9359700000287299,0.010143608134580161,0.007668771611532911,0.02924791086350975,0.01567398119122257
ENDOSCOPIC,MobileNetV3,2,TAU_0.95,True,0.9310050251256281,0.9308628840569468,0.9923019163915232,0.024474440214524027,0.00893637531043027,0.017600519206546823,0.09842014128833798,0.8687731449488829,0.18918997964967785,0.9169824050834731,0.23261087194305405,0.8889161059329521,0.35853413860567146,0.6639758396676015,0.935711020289224,0.009851077669653973,0.007376241146606722,0.02924791086350975,0.01567398119122257
ENDOSCOPIC,MobileNetV3,2,FAIR_rbf_svm,True,0.9310113065326633,0.9308695637427682,0.9917375753480553,0.015995650229487526,0.003582924285363987,0.013640397230623574,0.0977307814513032,0.8696922913982625,0.1904352223732576,0.9286284135119028,0.189368845956603,0.8989474399017856,0.3655334932579619,0.6785095278870893,0.9471432704558663,0.01044846405881763,0.00797362753577038,0.02924791086350975,0.017241379310344827
ENDOSCOPIC,MobileNetV3,2,FAIR_poly_svm,True,0.9046859296482412,0.9048694694977067,0.9874047224420606,0.024490439531390924,0.004787062587134952,0.022828904219574137,0.12730157617002405,0.8302645651066348,0.25097747170332824,0.8994343317755776,0.2638327253207164,0.864362396362134,0.32869816517235556,0.6466001193333085,0.9260484594010796,0.017710130742108497,0.012964089349134775,0.04596100278551532,0.023510971786833857
ENDOSCOPIC,MobileNetV3,2,FAIR_knn,True,0.8569597989949749,0.8544779967153522,0.9703163437366928,0.02921991287883256,0.01272340715730663,0.035595803120577856,0.21099172003896938,0.7186777066147079,1.0540717155073582,0.8460190111445416,0.31788569763409774,0.7920289471651174,0.332459295356761,0.6391223274654902,0.8805017917577168,0.04390207729623762,0.03308461959357446,0.09888579387186618,0.0673981191222569
ENDOSCOPIC,MobileNetV3,2,FAIR_equal_blend,True,0.927248743718593,0.9270103184044086,0.9896355546584016,0.05054026971332089,0.03339524822062811,0.031638279515715635,0.12066434640541632,0.8391142047927784,0.23858763852560233,0.879656042515333,0.30993524086423824,0.8517795944763463,0.26366517468446893,0.6526542437589411,0.8974480753908339,0.013591197622449546,0.010837938535865349,0.03899721448467967,0.02037617554858934
ENDOSCOPIC,MobileNetV3,2,ABL_no_descriptors,True,0.9197487437185929,0.919591020591255,0.9915376271260602,0.0217194204101645,0.007105170759684946,0.01840322532159465,0.11246845559875937,0.8500420592016544,0.20932310345789878,0.907425699649951,0.2635533783210178,0.8745947572111669,0.3538552999840965,0.6595549586018793,0.929038407316268,0.010926571390116567,0.0075706826119775784,0.036211699164345405,0.017241379310344827
ENDOSCOPIC,MobileNetV3,3,BASE,True,0.937255025125628,0.9371037913506531,0.9930861570970356,0.050439437827968385,0.029198045525554925,0.02816705484285176,0.10150452666127657,0.864660631118298,0.19969958648157135,0.8904613256454468,0.31401169300079346,0.867157518863678,0.6175324618816376,0.64319908618927,0.906989574432373,0.00988915793526563,0.007844657396789814,0.03064066852367688,0.017241379310344827
ENDOSCOPIC,MobileNetV3,3,MC_DROPOUT,True,0.938498743718593,0.9382757673217634,0.9930547815914711,0.05405257392049133,0.03450657192226882,0.0333987790373455,0.10371353113069347,0.8617152918257422,0.20493639734159916,0.8845438957214355,0.32903915643692017,0.8619822263717651,0.6229248046875,0.6397033333778381,0.900561511516571,0.010059729726241935,0.008096261461917902,0.02924791086350975,0.017241379310344827
ENDOSCOPIC,MobileNetV3,3,TEMP_SCALE,True,0.937255025125628,0.9371037913506531,0.9931448044713773,0.01775314335835009,0.005166477844580356,0.01725191004658328,0.09415146822324819,0.8744647090356692,0.17808043118451705,0.9373387694358826,0.17074111104011536,0.906528115272522,0.5855066478252411,0.7229199409484863,0.9516716003417969,0.009553843921566848,0.007509343383091032,0.02924791086350975,0.012539184952978056
ENDOSCOPIC,MobileNetV3,3,VEC_SCALE,True,0.9422927135678392,0.9422651812072467,0.993660508844719,0.017197641925706178,0.001722995358276075,0.015127638255058416,0.09045753288710764,0.8793899561505233,0.16638124940170462,0.9403646622905754,0.16468838436102995,0.9100223537091668,0.37951463176325495,0.7319955905574749,0.953110642742334,0.00785658334239489,0.006126182370396667,0.026462395543175487,0.014106583072100314
ENDOSCOPIC,MobileNetV3,3,ISOTONIC,True,0.941036432160804,0.9409405743074463,0.9926783935941481,0.018098895113569772,0.003989009632683494,0.01635600679023339,0.09341164374968484,0.875451141667087,0.2126278943835568,0.9429032206535339,0.14724162220954895,0.9105403423309326,0.5472636818885803,0.7515746355056763,0.9548770785331726,0.009664055325288017,0.007857634616407119,0.030640668523676844,0.015673981191222545
ENDOSCOPIC,MobileNetV3,3,DIRICHLET,True,0.9335238693467336,0.9334908654385324,0.9928977781205626,0.010113415039870406,0.0,0.014645391933345419,0.09691784581706561,0.870776205577246,0.17960592215013982,0.9372977614402771,0.1735782027244568,0.9043653011322021,0.10136488676071165,0.7212017774581909,0.9526711106300354,0.009120351602849111,0.0068226933973913224,0.027855153203342618,0.014106583072100314
ENDOSCOPIC,MobileNetV3,3,APEX,True,0.9485489949748744,0.9483964905398131,0.9927062313300159,0.02454011352612088,0.009381865115207095,0.015443285769129315,0.09174352889333465,0.8776752948088873,0.17511006269273569,0.9285748576357282,0.21070094818292237,0.8996667309456341,0.5929184026410419,0.7615484384210667,0.9376212026658487,0.009319430743312233,0.007944176627469626,0.03064066852367688,0.01567398119122257
ENDOSCOPIC,MobileNetV3,3,ABL_no_gate,True,0.9460427135678393,0.9459206233548338,0.9933246403260461,0.029949364274076632,0.013954461297961667,0.021449987642371555,0.08879809190442388,0.881602544127435,0.17111695946420463,0.922993947251806,0.22662770229685478,0.8968603482458373,0.35117509550520676,0.7166943907051623,0.9347434584193631,0.008746541156901712,0.007234209841484146,0.026462395543175487,0.012539184952978056
ENDOSCOPIC,MobileNetV3,3,ABL_no_rbf,True,0.9334861809045226,0.9332153239093222,0.991563763753469,0.03474056642659441,0.020653742219809788,0.02365914094140906,0.10511447357364383,0.8598473685684751,0.2009846942939257,0.9020603796447709,0.28525911335844556,0.8730262445049783,0.5819099957910472,0.6880705458843939,0.9172838174827576,0.011123389858208802,0.008825731652751013,0.034818941504178275,0.018808777429467086
ENDOSCOPIC,MobileNetV3,3,ABL_no_poly,True,0.9485427135678393,0.9483451739546386,0.9925992691401014,0.02394938337991859,0.0073400851800874125,0.01716660510455315,0.09185917038388727,0.8775211061548172,0.17634018966246004,0.927736782376787,0.21194933207957584,0.8990123661097513,0.6057794408836025,0.7586545099457115,0.9368944748070038,0.009297256248045725,0.007922002132203117,0.03203342618384401,0.01567398119122257
ENDOSCOPIC,MobileNetV3,3,ABL_no_knn,True,0.9485489949748744,0.9483964905398131,0.9926958777807329,0.020198889054452406,0.005998636241183456,0.015299773304142724,0.09150776522693248,0.8779896463640902,0.17369382439893802,0.9322382278263764,0.20252183104807256,0.90234832682632,0.6103887689385872,0.7739890538173011,0.9408091870527596,0.009563827249849497,0.00818857313400689,0.02924791086350975,0.01567398119122257
ENDOSCOPIC,MobileNetV3,3,ABL_focal,True,0.9422675879396986,0.9420475118271063,0.9927857187428479,0.03291590475062754,0.015424553983115475,0.022458619936668874,0.0946447199929888,0.8738070400093484,0.1842192180759246,0.9097270505637794,0.2672616409094648,0.8835257884500101,0.3857640650312966,0.7026662617438595,0.9223930030713808,0.009458734462856815,0.007728333490858592,0.03064066852367688,0.018808777429467086
ENDOSCOPIC,MobileNetV3,3,TAU_0.60,True,0.9472989949748745,0.9471981069422721,0.9932008577723711,0.023171247045945063,0.00897020218866841,0.018577929005567217,0.0891078717532614,0.8811895043289849,0.17006004345520237,0.9259723467121507,0.22025423009900932,0.898588054976635,0.5868043033923158,0.7415461479151981,0.9362182466453149,0.008845036797020542,0.007402072872946064,0.02924791086350975,0.0109717868338558
ENDOSCOPIC,MobileNetV3,3,TAU_0.70,True,0.9472989949748745,0.9471825682647569,0.9926790434232962,0.023020220263070455,0.006102226930830891,0.015546100647181595,0.09122446519520537,0.8783673797397263,0.1752852826599477,0.9277354221097807,0.21554301947358642,0.8988953978791807,0.5929184026410419,0.7537895292391074,0.937399082824818,0.009370902212403984,0.007927938288329507,0.03064066852367688,0.01567398119122257
ENDOSCOPIC,MobileNetV3,3,TAU_0.80,True,0.9485489949748744,0.9483964905398131,0.992676897147588,0.024925939398761,0.008824696519461488,0.015309527746393062,0.09143660406635631,0.878084527911525,0.17516703605579476,0.9287134049665244,0.21179387844673447,0.8996966297725759,0.5929184026410419,0.7625639174777681,0.937712254354951,0.00935698170247513,0.007981727586632523,0.03064066852367688,0.01567398119122257
ENDOSCOPIC,MobileNetV3,3,TAU_0.85,True,0.9485489949748744,0.9483964905398131,0.9927062313300159,0.02454011352612088,0.009381865115207095,0.015443285769129315,0.09174352889333465,0.8776752948088873,0.17511006269273569,0.9285748576357282,0.21070094818292237,0.8996667309456341,0.5929184026410419,0.7615484384210667,0.9376212026658487,0.009319430743312233,0.007944176627469626,0.03064066852367688,0.01567398119122257
ENDOSCOPIC,MobileNetV3,3,TAU_0.90,True,0.9485489949748744,0.9483964905398131,0.9926895229156655,0.025985537571516795,0.008594171219577545,0.015555321530408289,0.09232753644544753,0.8768966180727368,0.17581771213671793,0.9273499276137976,0.21254356362281876,0.8985719589168125,0.5929184026410419,0.7603647820371444,0.9363940372157036,0.009401617054933415,0.008026362939090807,0.03203342618384401,0.014106583072100314
ENDOSCOPIC,MobileNetV3,3,TAU_0.95,True,0.9485489949748744,0.9483964905398131,0.9923794726770351,0.0243473447740821,0.009025477012200307,0.0162733119742417,0.09259968755756429,0.8765337499232477,0.1777220364730237,0.9264474567334227,0.21315442019774633,0.8978264089024179,0.5929184026410419,0.7582223567482832,0.9355587237075187,0.009843538741224797,0.00846828462538219,0.03203342618384401,0.014106583072100314
ENDOSCOPIC,MobileNetV3,3,FAIR_rbf_svm,True,0.9435301507537688,0.9433132405430696,0.9920692964953185,0.013751129171924233,0.0003723147721646109,0.015639588399148925,0.09311509835850833,0.8758465355219891,0.17878915024504322,0.9417466901213538,0.1617481952079897,0.9098715509417287,0.24989348734795142,0.7665077489029894,0.9522191368077103,0.00988508823434064,0.008229040599182431,0.03203342618384401,0.014106583072100314
ENDOSCOPIC,MobileNetV3,3,FAIR_poly_svm,True,0.9272236180904523,0.927049300989266,0.9887764776662751,0.02179153664960362,0.0076274514975803705,0.018178150599478096,0.1134766903058473,0.8486977462588705,0.22098266876685482,0.9199899458293288,0.22478185971837034,0.8833285904650143,0.6014232014608127,0.7330116852347828,0.9346449986867391,0.015106135299842192,0.012352876213257995,0.0403899721448468,0.0219435736677116
ENDOSCOPIC,MobileNetV3,3,FAIR_knn,True,0.8682349246231156,0.8663732771710277,0.9695717277562765,0.05494458777999227,0.03286386349857193,0.04041130867874754,0.20698674874302855,0.7240176683426289,1.1274994244623882,0.847109320197588,0.3169882986931868,0.7939565126068441,0.22810899430416115,0.6630532605407351,0.8749966019637778,0.054396078053595455,0.04525034958654702,0.09749303621169925,0.07366771159874616
ENDOSCOPIC,MobileNetV3,3,FAIR_equal_blend,True,0.9385050251256282,0.9382930567644047,0.9901346520627773,0.052370402514959634,0.03171701721092553,0.028986622733045236,0.11217830642032982,0.8504289247728938,0.21881432147176105,0.8908508981430602,0.2880625069755482,0.8623855513378632,0.5813727424570179,0.7067150056978421,0.9028971714805978,0.012671378884381614,0.010707910620057581,0.037604456824512536,0.02664576802507837
ENDOSCOPIC,MobileNetV3,3,ABL_no_descriptors,True,0.9410301507537688,0.9408973529044897,0.9927109017106908,0.029374398092932637,0.013059266741338397,0.020932722475622476,0.09702768238548275,0.8706297568193565,0.18560238727675732,0.9126014909894453,0.254551315179142,0.8853545591497356,0.19378152889858524,0.7034809216154699,0.925688930084754,0.009820186759069397,0.0080137660501885,0.03064066852367688,0.018808777429467086
ENDOSCOPIC,MobileNetV3,4,BASE,True,0.919855527638191,0.9197570524611562,0.9906982444796385,0.08857020717067526,0.06577761336681431,0.046129397640032745,0.13043435780501358,0.8260875229266488,0.26315936137544227,0.8363829255104065,0.466156929731369,0.813308835029602,0.6780865490436554,0.583888828754425,0.8583987951278687,0.011575714003088414,0.008219825224949425,0.04317548746518106,0.02037617554858934
ENDOSCOPIC,MobileNetV3,4,MC_DROPOUT,True,0.9185992462311557,0.9185440908147944,0.9906374368359124,0.08718139205809522,0.06401904006268962,0.04935397440450906,0.1322946510878327,0.8236071318828899,0.26759847186314994,0.8321516513824463,0.47704532742500305,0.8094103932380676,0.3138563930988312,0.5768687129020691,0.8547891974449158,0.011730895086320872,0.008268606110215843,0.04317548746518106,0.018808777429467086
ENDOSCOPIC,MobileNetV3,4,TEMP_SCALE,True,0.919855527638191,0.9197570524611562,0.9908972428852433,0.019735725713254226,0.006839131745597183,0.018750189346194795,0.11479110760447492,0.8469451898607003,0.20560969746708158,0.9267976880073547,0.19635820388793945,0.888870894908905,0.6441262364387512,0.7138172388076782,0.9453681111335754,0.011363719908159283,0.008007831130020295,0.04456824512534819,0.02037617554858934
ENDOSCOPIC,MobileNetV3,4,VEC_SCALE,True,0.924893216080402,0.9244212821003993,0.9910120065321218,0.023698861136997904,0.00595562051260414,0.017381856773925022,0.11400009743812559,0.8479998700824994,0.2097317270608907,0.9325472791553475,0.18036667629985242,0.893435522387498,0.6327281658549075,0.7382470060281865,0.9483440493282876,0.01111313798662049,0.008165800542524634,0.0403899721448468,0.02037617554858934
ENDOSCOPIC,MobileNetV3,4,ISOTONIC,True,0.9248743718592964,0.9245728508044705,0.9894624331642382,0.03193519064657075,0.012788831766449881,0.02452980060260779,0.11416449801601261,0.8477806693119834,0.3043833274179964,0.934168815612793,0.15428797900676727,0.8962529301643372,0.5757585763931274,0.7355586290359497,0.9503160715103149,0.013431367520218533,0.010484030076122676,0.04456824512534822,0.020219435736677126
ENDOSCOPIC,MobileNetV3,4,DIRICHLET,True,0.9248869346733668,0.9245516096213661,0.9908195379125375,0.015222178851452672,0.004296055637804189,0.020523671734492224,0.11622511495971628,0.8450331800537119,0.21596116950812758,0.926848292350769,0.19726979732513428,0.8881421685218811,0.5713753998279572,0.7327659726142883,0.9426273703575134,0.011815675747656212,0.008868338303560356,0.04596100278551532,0.018808777429467086
ENDOSCOPIC,MobileNetV3,4,APEX,True,0.9474183417085427,0.947328101664516,0.9932636472924139,0.0163740154999725,0.008111415908599911,0.017396656080977204,0.08549901875825368,0.8860013083223286,0.162748383308226,0.9397654781775447,0.17042302482811986,0.9120076815121628,0.6661768865182156,0.7416150403249554,0.9507738358360219,0.007751865123729164,0.0063089011996546865,0.026462395543175487,0.0109717868338558
ENDOSCOPIC,MobileNetV3,4,ABL_no_gate,True,0.9474183417085427,0.947328101664516,0.9932636472924139,0.016374015499972493,0.008111415908599911,0.017396656080977208,0.08549901875825368,0.8860013083223286,0.162748383308226,0.9397654781775447,0.17042302482811986,0.9120076815121628,0.6661768865182156,0.7416150403249553,0.9507738358360219,0.007751865123729164,0.0063089011996546865,0.026462395543175487,0.0109717868338558
ENDOSCOPIC,MobileNetV3,4,ABL_no_rbf,True,0.9286746231155779,0.9278735722643563,0.9898897108047932,0.026642796028609906,0.00821001885657371,0.021602889660855162,0.10664437854481285,0.857807495273583,0.20477095725246272,0.9121026071135011,0.26063021951857973,0.8800259709922694,0.2136534659843361,0.699354123818503,0.9284678750592703,0.011679691047536484,0.009020929859836161,0.033426183844011144,0.023510971786833857
ENDOSCOPIC,MobileNetV3,4,ABL_no_poly,True,0.9474183417085427,0.947328101664516,0.9932636472924139,0.016374015499972753,0.00811141590859991,0.017396656080977204,0.08549901875825368,0.8860013083223286,0.162748383308226,0.9397654781775447,0.17042302482811997,0.912007681512163,0.6661768865182155,0.7416150403249552,0.9507738358360219,0.007751865123729164,0.0063089011996546865,0.026462395543175487,0.0109717868338558
ENDOSCOPIC,MobileNetV3,4,ABL_no_knn,True,0.9474183417085427,0.947328101664516,0.9932636472924139,0.01637401549997251,0.00811141590859991,0.017396656080977208,0.08549901875825369,0.8860013083223286,0.16274838330822597,0.9397654781775447,0.17042302482811983,0.912007681512163,0.6661768865182156,0.7416150403249554,0.9507738358360219,0.007751865123729164,0.0063089011996546865,0.026462395543175487,0.0109717868338558
ENDOSCOPIC,MobileNetV3,4,ABL_focal,True,0.939924623115578,0.9395023245864638,0.9923033035365997,0.044807162298803695,0.027003852611135526,0.030495328977903944,0.09576912447492592,0.8723078340334323,0.19515386096956272,0.8950424617613467,0.32056099702726054,0.8703475740278697,0.1838336466638405,0.6775318050564428,0.9089631437904604,0.009053359895948987,0.007169250831234575,0.02924791086350975,0.01567398119122257
ENDOSCOPIC,MobileNetV3,4,TAU_0.60,True,0.9474183417085427,0.947328101664516,0.9932636472924139,0.0163740154999725,0.008111415908599911,0.017396656080977204,0.08549901875825368,0.8860013083223286,0.162748383308226,0.9397654781775447,0.17042302482811986,0.9120076815121628,0.6661768865182156,0.7416150403249554,0.9507738358360219,0.007751865123729164,0.0063089011996546865,0.026462395543175487,0.0109717868338558
ENDOSCOPIC,MobileNetV3,4,TAU_0.70,True,0.9474183417085427,0.947328101664516,0.9932636472924139,0.0163740154999725,0.008111415908599911,0.017396656080977204,0.08549901875825368,0.8860013083223286,0.162748383308226,0.9397654781775447,0.17042302482811986,0.9120076815121628,0.6661768865182156,0.7416150403249554,0.9507738358360219,0.007751865123729164,0.0063089011996546865,0.026462395543175487,0.0109717868338558
ENDOSCOPIC,MobileNetV3,4,TAU_0.80,True,0.9474183417085427,0.947328101664516,0.9932636472924139,0.0163740154999725,0.008111415908599911,0.017396656080977204,0.08549901875825368,0.8860013083223286,0.162748383308226,0.9397654781775447,0.17042302482811986,0.9120076815121628,0.6661768865182156,0.7416150403249554,0.9507738358360219,0.007751865123729164,0.0063089011996546865,0.026462395543175487,0.0109717868338558
ENDOSCOPIC,MobileNetV3,4,TAU_0.85,True,0.9474183417085427,0.947328101664516,0.9932636472924139,0.0163740154999725,0.008111415908599911,0.017396656080977204,0.08549901875825368,0.8860013083223286,0.162748383308226,0.9397654781775447,0.17042302482811986,0.9120076815121628,0.6661768865182156,0.7416150403249554,0.9507738358360219,0.007751865123729164,0.0063089011996546865,0.026462395543175487,0.0109717868338558
ENDOSCOPIC,MobileNetV3,4,TAU_0.90,True,0.9474183417085427,0.947328101664516,0.9932636472924139,0.0163740154999725,0.008111415908599911,0.017396656080977204,0.08549901875825368,0.8860013083223286,0.162748383308226,0.9397654781775447,0.17042302482811986,0.9120076815121628,0.6661768865182156,0.7416150403249554,0.9507738358360219,0.007751865123729164,0.0063089011996546865,0.026462395543175487,0.0109717868338558
ENDOSCOPIC,MobileNetV3,4,TAU_0.95,True,0.9474183417085427,0.947328101664516,0.9932636472924139,0.0163740154999725,0.008111415908599911,0.017396656080977204,0.08549901875825368,0.8860013083223286,0.162748383308226,0.9397654781775447,0.17042302482811986,0.9120076815121628,0.6661768865182156,0.7416150403249554,0.9507738358360219,0.007751865123729164,0.0063089011996546865,0.026462395543175487,0.0109717868338558
ENDOSCOPIC,MobileNetV3,4,FAIR_rbf_svm,True,0.9474183417085427,0.947328101664516,0.9932636472924139,0.016374015499972486,0.008111415908599907,0.017396656080977208,0.08549901875825368,0.8860013083223286,0.162748383308226,0.9397654781775447,0.1704230248281198,0.9120076815121628,0.6661768865182156,0.7416150403249554,0.9507738358360219,0.007751865123729164,0.0063089011996546865,0.026462395543175487,0.0109717868338558
ENDOSCOPIC,MobileNetV3,4,FAIR_poly_svm,True,0.9274120603015075,0.9267670869654137,0.9895697338240046,0.015831142396318373,0.0019678825012052203,0.019155274978869055,0.10691793736392424,0.8574427501814346,0.20886550201805085,0.9214746701622774,0.2212669610263976,0.8881752096521404,0.12882814341675164,0.706079536643815,0.9383569914380485,0.011913444638657109,0.009160185552072911,0.034818941504178275,0.0219435736677116
ENDOSCOPIC,MobileNetV3,4,FAIR_knn,True,0.8660552763819095,0.8630118177365722,0.9742975993371444,0.0368499726166184,0.017039183806391606,0.03622376487382761,0.19099519285261538,0.7453397428631798,0.9033270679456671,0.8567741925906435,0.2979809041220786,0.8083994171949436,0.1001952676464698,0.63542495967076,0.8910496888604374,0.04439469373745203,0.03489019521674619,0.09192200557103052,0.05642633228840112
ENDOSCOPIC,MobileNetV3,4,FAIR_equal_blend,True,0.929924623115578,0.9291213761927535,0.9910853349913538,0.03815070892835515,0.01638424150462009,0.02774164746399723,0.10619499949480665,0.858406667340258,0.207412965212659,0.8968548408233581,0.2782678700214179,0.8695274361197498,0.6176280946483537,0.6672881600416073,0.9141806280521695,0.011140674587070657,0.008574720160829,0.034818941504178275,0.018808777429467086
ENDOSCOPIC,MobileNetV3,4,ABL_no_descriptors,True,0.9398994974874373,0.9397170458351621,0.9926358503107606,0.02038641419269842,0.005710030555691121,0.01791447375962908,0.09294597419285053,0.8760720344095327,0.1752496655735301,0.9346108671440714,0.18042711416862797,0.9050605271021088,0.21447645359964185,0.7264858390131272,0.9479308689444518,0.008864646092648577,0.006980537027934165,0.03203342618384401,0.01567398119122257
ENDOSCOPIC,MobileNetV3,5,BASE,True,0.9273241206030151,0.927058593478275,0.9916282360043107,0.06113642495228234,0.0388925723650834,0.03623439693726589,0.1158594057471475,0.8455207923371368,0.23020752851695148,0.8680555820465088,0.3817714750766754,0.8430336117744446,0.2706920802593231,0.6134582161903381,0.888010561466217,0.01164770812709652,0.008894449040512323,0.036211699164345405,0.018808777429467086
ENDOSCOPIC,MobileNetV3,5,MC_DROPOUT,True,0.9310741206030151,0.930837171729768,0.9917161895737278,0.06878457627350225,0.044511548994541086,0.039122121118272846,0.11718435894433933,0.8437541880742144,0.23407525439521476,0.8629668951034546,0.3946441411972046,0.8388797044754028,0.30095125238100684,0.6163533329963684,0.8812223672866821,0.011544946626512937,0.009070110103465687,0.037604456824512536,0.018808777429467086
ENDOSCOPIC,MobileNetV3,5,TEMP_SCALE,True,0.9273241206030151,0.927058593478275,0.9917183428462741,0.01160279129232681,0.0,0.02014866585371769,0.10551181336913482,0.8593175821744871,0.1953434575654032,0.9273135662078857,0.20492421090602875,0.8923755884170532,0.3731544613838196,0.7046122550964355,0.944768488407135,0.011379376390078771,0.008626117303494574,0.036211699164345405,0.01567398119122257
ENDOSCOPIC,MobileNetV3,5,VEC_SCALE,True,0.9236306532663316,0.9236709277579006,0.9915571097954919,0.018752034618403704,0.0008543437403904961,0.017923518668493704,0.10866900457366925,0.8551079939017745,0.19376947018836654,0.9354018258750036,0.17438433395773914,0.8976913328665774,0.6250945572999304,0.7303598723940867,0.9523727338293266,0.011994584063343607,0.008947661571398433,0.036211699164345405,0.017241379310344827
ENDOSCOPIC,MobileNetV3,5,ISOTONIC,True,0.9286180904522613,0.9286361904616843,0.9903723796595751,0.014294825699693897,0.002067594538410918,0.015432299311959972,0.10508200218036562,0.8598906637595127,0.23884376033920826,0.9383929371833801,0.15142108500003815,0.9029222726821899,0.13545414209365847,0.7315717935562134,0.9543023109436035,0.015076294496947553,0.01241753330924723,0.0319777158774373,0.018808777429467047
ENDOSCOPIC,MobileNetV3,5,DIRICHLET,True,0.9261180904522613,0.9261717541466987,0.9915239168656107,0.01334152768429064,0.002972244949756885,0.016711458201210283,0.10838126683359414,0.8554916442218747,0.19381011947259008,0.9306226968765259,0.18653368949890137,0.8947325348854065,0.5787036120891571,0.7249895930290222,0.9470399022102356,0.012354067302434534,0.009504616894220407,0.04178272980501393,0.017241379310344827
ENDOSCOPIC,MobileNetV3,5,APEX,True,0.9386243718592965,0.9387522675181277,0.991024432881545,0.01217197823730412,0.0014289977082157894,0.013872870818793256,0.09713672811008037,0.870484362519893,0.1865615272227792,0.9301601983467015,0.19708210310800958,0.8991099566977784,0.6093364906940189,0.7296807843282344,0.9432756740301524,0.012180681228349506,0.010217212964025474,0.03203342618384401,0.017241379310344827
ENDOSCOPIC,MobileNetV3,5,ABL_no_gate,True,0.9373680904522612,0.937504564504166,0.9912000391563403,0.014117015352021327,0.0015682661104493702,0.014058501861315614,0.09635989425282057,0.8715201409962394,0.18515948160900253,0.9283462063248126,0.20438058641866905,0.8979499780962686,0.6218520290047611,0.7165290431857718,0.9425051076041601,0.012012225543328054,0.009967725004852237,0.02924791086350975,0.017241379310344827
ENDOSCOPIC,MobileNetV3,5,ABL_no_rbf,True,0.9198304020100503,0.9198759196334839,0.9899455769272154,0.023288043873445782,0.007580181981858896,0.02002533086139826,0.11769254659997334,0.8430766045333691,0.21925904022263648,0.8992730058800603,0.28566474652463536,0.8661238973675903,0.13823786497392054,0.6632805440260594,0.9198500052787745,0.01262633598081578,0.009270447202676791,0.04317548746518106,0.0219435736677116
ENDOSCOPIC,MobileNetV3,5,ABL_no_poly,True,0.9373680904522612,0.9374890560117155,0.9909680927101884,0.010931294533339823,0.0010971957923533598,0.014493827379895763,0.09709422610757029,0.8705410318565732,0.1868271123209172,0.9301184990755424,0.1970531168775306,0.8990921244141098,0.6084948440262731,0.7242385176593165,0.943880529918873,0.012297851421100422,0.010253350882624607,0.03203342618384401,0.017241379310344827
ENDOSCOPIC,MobileNetV3,5,ABL_no_knn,True,0.9373680904522612,0.937504564504166,0.9909194140590334,0.009402512496205717,0.0013605042765200972,0.0155274757356561,0.09702844750729148,0.8706287366569448,0.18726509151002374,0.9313608307180872,0.19374057036944484,0.9000948181888678,0.6105542627167805,0.7253924925838356,0.9451287677591468,0.01254537310929067,0.010500872570814855,0.03203342618384401,0.018808777429467086
ENDOSCOPIC,MobileNetV3,5,ABL_focal,True,0.9323618090452261,0.9323872003709786,0.9911794649976983,0.04221458749848223,0.022523338209800042,0.02729905597528796,0.11085230583690013,0.8521969255508,0.2125784956729871,0.8901162395691868,0.3102565598985944,0.8614704628881917,0.6408312479243417,0.6749010861458368,0.9057366942531397,0.011432811838992262,0.009047406633901085,0.037604456824512536,0.017241379310344827
ENDOSCOPIC,MobileNetV3,5,TAU_0.60,True,0.9386243718592965,0.9387522675181277,0.9911770108611129,0.012608765930273769,0.0014215122103127605,0.014532312266734135,0.09674714585315859,0.871003805529122,0.18538273293028643,0.9292649333456293,0.20161079387447375,0.8983906145728312,0.6093364906940189,0.7280996042497899,0.9424252819780676,0.012038158116547052,0.010074689852223019,0.03064066852367688,0.017241379310344827
ENDOSCOPIC,MobileNetV3,5,TAU_0.70,True,0.9386243718592965,0.9387522675181277,0.9910848766896891,0.013470966189634354,0.0021173769243850752,0.014363283023538138,0.09705220322888705,0.870597062361484,0.18603680836712597,0.9296322544379134,0.20007837486763375,0.89858613617476,0.6093364906940189,0.7297198666462723,0.9427106349476471,0.01218237362416067,0.010218905359836637,0.03203342618384401,0.017241379310344827
ENDOSCOPIC,MobileNetV3,5,TAU_0.80,True,0.9386243718592965,0.9387522675181277,0.9909741397143786,0.01250028659259733,0.0017457620088093995,0.013846207044590574,0.09713274440065059,0.870489674132466,0.18675328533625216,0.9300712494554882,0.19797590009514077,0.898979641316719,0.6093364906940189,0.7300196267664505,0.9431587387902851,0.012274940985107475,0.010311472720783442,0.03203342618384401,0.017241379310344827
ENDOSCOPIC,MobileNetV3,5,TAU_0.85,True,0.9386243718592965,0.9387522675181277,0.991024432881545,0.01217197823730412,0.0014289977082157894,0.013872870818793256,0.09713672811008037,0.870484362519893,0.1865615272227792,0.9301601983467015,0.19708210310800958,0.8991099566977784,0.6093364906940189,0.7296807843282344,0.9432756740301524,0.012180681228349506,0.010217212964025474,0.03203342618384401,0.017241379310344827
ENDOSCOPIC,MobileNetV3,5,TAU_0.90,True,0.9386243718592965,0.9387522675181277,0.9910516137914267,0.012307777037466277,0.0014289977082157894,0.013803998250473643,0.09716238396905168,0.8704501547079313,0.18648910376234012,0.9302386752676237,0.19631453457066425,0.8991884336187006,0.6093364906940189,0.7296807843282344,0.9433592849552473,0.01210469245824421,0.010141224193920178,0.03203342618384401,0.017241379310344827
ENDOSCOPIC,MobileNetV3,5,TAU_0.95,True,0.9386243718592965,0.9387522675181277,0.9910184838330882,0.012420328686240906,0.0014289977082157894,0.013701742126691258,0.09716955184867311,0.8704405975351027,0.18712966114267593,0.9301605064046651,0.19593940841240887,0.8991360525653769,0.6093364906940189,0.7294760497633094,0.9432893960914828,0.01196000879116767,0.009996540526843638,0.03203342618384401,0.017241379310344827
ENDOSCOPIC,MobileNetV3,5,FAIR_rbf_svm,True,0.9386243718592965,0.9387522675181277,0.9896515931474223,0.012171667955656627,0.00012185163002346456,0.016377119220597907,0.09716426343266614,0.8704476487564453,0.2040828836046272,0.9346102953734129,0.17816562260825572,0.9029014338730638,0.605631884338818,0.7364487244477359,0.9475741364620087,0.015441496645236131,0.013478028380912098,0.03203342618384401,0.018808777429467086
ENDOSCOPIC,MobileNetV3,5,FAIR_poly_svm,True,0.9185741206030151,0.9186125838107435,0.9889910142957432,0.020711070372490408,0.0033080852420047232,0.021348234121538277,0.12062720814835654,0.8391637224688582,0.22367747396193677,0.9083010756310576,0.24672950003756228,0.8726743100520168,0.12085174931053444,0.6794503912716442,0.9285947925251392,0.013950445841453609,0.01048815686534858,0.04317548746518106,0.025078369905956112
ENDOSCOPIC,MobileNetV3,5,FAIR_knn,True,0.8735238693467335,0.8718296504833993,0.9689856441786489,0.045353422459532236,0.02644917342693147,0.03706827743924054,0.19927798141476014,0.7342960247803202,1.2352450218128228,0.86485900839448,0.2843382708773609,0.8088908385259085,0.16510723403701377,0.6698665631775345,0.8931147285765627,0.050896687705884666,0.04244682086845187,0.0863509749303619,0.06583072100313456
ENDOSCOPIC,MobileNetV3,5,FAIR_equal_blend,True,0.9273492462311558,0.9273424143767804,0.9900968272611348,0.03837120570010747,0.01729107679967752,0.025245611529928286,0.11642237064799839,0.8447701724693357,0.2206559430418518,0.8919858673508206,0.28570749159545616,0.861488860816997,0.2772290478246923,0.6712210966236472,0.909289052083491,0.012445773252267193,0.009692514165682996,0.0403899721448468,0.02037617554858934
ENDOSCOPIC,MobileNetV3,5,ABL_no_descriptors,True,0.9361180904522614,0.9361055276381909,0.9908541669302902,0.02390720308845598,0.007907476848200442,0.0175024888106008,0.10367216859328104,0.8617704418756255,0.1984213588020268,0.9222391179531149,0.22432584976733091,0.8895373160961155,0.24601800979713762,0.7235429192933828,0.9358047218776748,0.012445928247231541,0.010318720123331106,0.03064066852367688,0.01567398119122257
ENDOSCOPIC,ViT,1,BASE,True,0.9335489949748743,0.9337234439379529,0.9942860965791207,0.01803701357883322,0.008842034672078234,0.019889673463872427,0.09144909550710635,0.8780678726571917,0.1616723935897017,0.9257866740226746,0.20288410782814026,0.8992599248886108,0.4431181848049164,0.6705426573753357,0.9439449906349182,0.006931095477169457,0.004633437271711668,0.025069637883008356,0.006269592476489028
ENDOSCOPIC,ViT,1,MC_DROPOUT,True,0.9322927135678392,0.9324762188765262,0.994063797001602,0.02469691600566521,0.013596604585520873,0.02613519932645814,0.093860352282695,0.8748528636230735,0.16887169687921155,0.9158385396003723,0.22947420179843903,0.89071124792099,0.3870868384838104,0.6529442667961121,0.9349195957183838,0.007211905885908068,0.004826500680816892,0.025069637883008356,0.007836990595611285
ENDOSCOPIC,ViT,1,TEMP_SCALE,True,0.9335489949748743,0.9337234439379529,0.9942588876818866,0.01880310785800296,0.004961173039902679,0.01848284750816136,0.09230388953662114,0.8769281472845053,0.15909015097492926,0.9467489123344421,0.13900640606880188,0.9150294065475464,0.4211447834968567,0.718429446220398,0.9629917144775391,0.006964174371553231,0.004666516166095442,0.026462395543175487,0.007836990595611285
ENDOSCOPIC,ViT,1,VEC_SCALE,True,0.9385364321608041,0.9384836414842908,0.9933654248077479,0.019263243870371895,0.005085429333576945,0.01699504726698997,0.08836872077644023,0.8821750389647465,0.17286935021167357,0.9501004819682719,0.12793631927141516,0.9196214320823106,0.6127264607670069,0.7332774305759528,0.9642851675733768,0.008864248351907593,0.006900780087583561,0.022284122562674095,0.009404388714733543
ENDOSCOPIC,ViT,1,ISOTONIC,True,0.9347989949748744,0.9348092745960408,0.99271598664964,0.01841906329294796,0.004304862890630207,0.016622614405493733,0.0894836989290844,0.8806884014278876,0.24414331558250044,0.9527680277824402,0.11619081348180771,0.9209573268890381,0.3719008266925812,0.726883590221405,0.9685133099555969,0.009051746831058742,0.006840153567741614,0.025069637883008308,0.009404388714733503
ENDOSCOPIC,ViT,1,DIRICHLET,True,0.9372864321608041,0.937338075211343,0.9950470308694745,0.01879769268639408,0.004317436446170686,0.016139630715168406,0.08369551619600629,0.8884059784053251,0.146123157317666,0.9503775238990784,0.13205485045909882,0.9214598536491394,0.3458462225066291,0.7078940868377686,0.9665862917900085,0.00557833599437525,0.0035338354558994336,0.019498607242339833,0.007836990595611285
ENDOSCOPIC,ViT,1,APEX,True,0.9523115577889447,0.9522771504708043,0.9953289486282395,0.028686717242008757,0.015293844555812067,0.020589045148198763,0.06966166238888016,0.9071177834814932,0.13323096902303355,0.9375275072510525,0.18523665731180916,0.9168020796314926,0.5489740263207664,0.6829392041464614,0.9502569224062819,0.004679470332921622,0.00349742201098123,0.01532033426183844,0.004702194357366771
ENDOSCOPIC,ViT,1,ABL_no_gate,True,0.9523304020100501,0.9523266706971544,0.9955115604740472,0.029325001414795247,0.01493685285753788,0.022401957076317293,0.07125706730687428,0.9049905769241677,0.1357098820143046,0.9291191731084453,0.19737114845499393,0.9114364758522928,0.4641015870896331,0.6481295981225206,0.9431686518577413,0.0046721538331815195,0.003490105511241127,0.012534818941504178,0.004702194357366771
ENDOSCOPIC,ViT,1,ABL_no_rbf,True,0.9435364321608041,0.94351161893008,0.9946420004999005,0.02419120206365566,0.007501998532455117,0.021117774287886117,0.08000106970575711,0.8933319070589907,0.15118342163174048,0.9330480417748844,0.1987551393796024,0.9080605026986523,0.6303891070870666,0.687872111020164,0.9476999898279556,0.005453198921141111,0.0037971512859829018,0.018105849582172703,0.004702194357366771
ENDOSCOPIC,ViT,1,ABL_no_poly,True,0.9548178391959798,0.9547993439800162,0.9952325568895897,0.02696007997024965,0.012794059843268833,0.020418074582744902,0.07022663912477056,0.9063644811669727,0.13424882698375312,0.9365661811044271,0.1855070394055682,0.9160988546559596,0.5565887383013243,0.6900325121579518,0.9482134410546544,0.004743413296846774,0.003681920912346412,0.01532033426183844,0.004702194357366771
ENDOSCOPIC,ViT,1,ABL_no_knn,True,0.9523115577889447,0.9522680206834204,0.9955196348076978,0.02658809011064674,0.014341146988192457,0.020133978455253054,0.06794248490481905,0.9094100201269081,0.12974262186086025,0.9402156230259517,0.1804307266139809,0.9193848096355384,0.43314015199085487,0.6859623595026466,0.9529282862021169,0.004503035639419403,0.00332098731747901,0.013927576601671309,0.004702194357366771
ENDOSCOPIC,ViT,1,ABL_focal,True,0.9435301507537688,0.9434936244709424,0.9942479463982017,0.042766697641113564,0.03376292211511514,0.02709424507878938,0.0860114466366481,0.885318071151136,0.16984129043304938,0.9081511634845719,0.25189501226011224,0.8866738730129977,0.5350535090443735,0.6483421887328796,0.923677596238657,0.0049771845993618015,0.0033211369642035925,0.019498607242339833,0.006269592476489028
ENDOSCOPIC,ViT,1,TAU_0.60,True,0.9535804020100502,0.953574795463558,0.9953963140453386,0.02179880921442509,0.013221996433103775,0.020391106079367387,0.07135599542773226,0.9048586727630238,0.13606443419987996,0.9327117425477603,0.1933862465967143,0.9130640903123604,0.349710153111986,0.6747717326551972,0.9452528468395144,0.004796840932385321,0.0036758939253095434,0.013927576601671309,0.004702194357366771
ENDOSCOPIC,ViT,1,TAU_0.70,True,0.9523241206030151,0.9523202320232023,0.9953605340389475,0.024810136205706664,0.01623715495319842,0.02139482549210434,0.07034991029957839,0.9062001196005622,0.13466002456311055,0.9356380634934307,0.18931359066387565,0.9151532182335465,0.349710153111986,0.6814737015873507,0.9483462815887348,0.004759205874220182,0.0035771575522797897,0.01532033426183844,0.004702194357366771
ENDOSCOPIC,ViT,1,TAU_0.80,True,0.9523178391959799,0.9522952383252612,0.9954106802725136,0.026674852892935624,0.01547987298625959,0.0202338073407781,0.06913052258829785,0.9078259698822697,0.13270939651815195,0.9379402104589455,0.18555050365270326,0.9171013556269414,0.349710153111986,0.6842805028675618,0.9506231958385147,0.004605452800923721,0.0034234044789833284,0.013927576601671309,0.004702194357366771
ENDOSCOPIC,ViT,1,TAU_0.85,True,0.9523115577889447,0.9522771504708043,0.9953289486282395,0.028686717242008757,0.015293844555812067,0.020589045148198763,0.06966166238888016,0.9071177834814932,0.13323096902303355,0.9375275072510525,0.18523665731180916,0.9168020796314926,0.5489740263207664,0.6829392041464614,0.9502569224062819,0.004679470332921622,0.00349742201098123,0.01532033426183844,0.004702194357366771
ENDOSCOPIC,ViT,1,TAU_0.90,True,0.9535615577889447,0.9535131076853038,0.9953896863035845,0.024887922510332366,0.013789572620326401,0.021327556717950523,0.0689007614601804,0.9081323180530929,0.13203034805275088,0.9366271395467413,0.18544489639320064,0.9169554522722666,0.5489740263207664,0.6748266316913186,0.9493559421625765,0.004550032252932277,0.0034290852458564998,0.01532033426183844,0.004702194357366771
ENDOSCOPIC,ViT,1,TAU_0.95,True,0.9523052763819094,0.952248323571853,0.9952534319122707,0.023428847838968175,0.01246418986609355,0.021095632252073452,0.07156065974469004,0.90458578700708,0.1364195956863257,0.9337540729339078,0.19059116632169282,0.9136974739047261,0.5489740263207664,0.6741662630740595,0.9467334634269002,0.0047136834644555614,0.003531635142515169,0.016713091922005572,0.004702194357366771
ENDOSCOPIC,ViT,1,FAIR_rbf_svm,True,0.9497989949748744,0.9497064966605882,0.9952009015105006,0.02049493880875035,0.0063007230914981695,0.01671595081917413,0.06983670453545418,0.9068843939527279,0.13121992244641575,0.9432695711328277,0.16171838059069518,0.9222753126024246,0.39313592092665345,0.6784163128369822,0.9572459963727141,0.005012146636141567,0.003702946935093471,0.013927576601671309,0.004702194357366771
ENDOSCOPIC,ViT,1,FAIR_poly_svm,True,0.9422864321608041,0.9423305205981024,0.992790723218159,0.021151854502958273,0.006155520431224576,0.017784981141238655,0.08535553971973366,0.886192613707022,0.1764689117511684,0.9376434810260152,0.18139841318564207,0.9098395235986133,0.3325628425954451,0.708504203846535,0.9516599793641218,0.011143270883479205,0.009412869911480982,0.022284122562674095,0.018808777429467086
ENDOSCOPIC,ViT,1,FAIR_knn,True,0.8883040201005026,0.8883825318745384,0.9776112021335256,0.0418003793361299,0.023596619849449062,0.033891361217904856,0.17672351945946194,0.7643686407207178,0.8779983061983423,0.8687477714100711,0.26740967088893036,0.8234845980088509,0.7053864287971524,0.663167335866158,0.8945540602160066,0.029796820699591615,0.023262594665759924,0.07103064066852377,0.056426332288401354
ENDOSCOPIC,ViT,1,FAIR_equal_blend,True,0.9447738693467336,0.9446968181211879,0.9937110661381401,0.041895419347232676,0.026552026498091574,0.0271979776832212,0.08949009440502229,0.8806798741266371,0.17442130973010292,0.9071114400278851,0.24843451042842948,0.8851998114032971,0.3773841634006742,0.6572659595873742,0.9216912823878091,0.006068206823477991,0.004484848338131802,0.02924791086350975,0.007836990595611285
ENDOSCOPIC,ViT,1,ABL_no_descriptors,True,0.953574120603015,0.9535544579710657,0.9954757874644944,0.02319985734862686,0.010604012006152339,0.017372671859549393,0.0707892924223959,0.905614276770139,0.13469487571241337,0.9356030690751863,0.1885791715821815,0.9152434335720863,0.3996344171451169,0.6792525681071429,0.9480668910670622,0.00455745006233971,0.0034365030552639324,0.012534818941504178,0.004702194357366771
ENDOSCOPIC,ViT,2,BASE,True,0.9335175879396985,0.93331697332397,0.9925229285508285,0.018700089109571324,0.004083552224051596,0.014850998478594413,0.09242254699625325,0.8767699373383292,0.1744245992548518,0.9310693740844727,0.19784146547317505,0.901260256767273,0.44905126094818115,0.696445882320404,0.9477606415748596,0.008879982390535203,0.006582324185077414,0.027855153203342618,0.012539184952978056
ENDOSCOPIC,ViT,2,MC_DROPOUT,True,0.9322613065326633,0.9320363315902518,0.9923742722902568,0.020816810634500735,0.005688066235880278,0.016894745393475297,0.09447759317762691,0.8740298757631643,0.17968393351026998,0.9210593700408936,0.22476164996623993,0.8928952217102051,0.361711710691452,0.6770825386047363,0.9387673139572144,0.008983285438249916,0.00659788023315874,0.02924791086350975,0.012539184952978056
ENDOSCOPIC,ViT,2,TEMP_SCALE,True,0.9335175879396985,0.93331697332397,0.9925689291665782,0.020457960571860345,0.004426792463562561,0.016641558301874335,0.09300869190267623,0.8759884107964319,0.17741046079360487,0.9521239399909973,0.1327778697013855,0.9173652529716492,0.4148387014865875,0.7425654530525208,0.9670320749282837,0.008785403260266993,0.006487745054809204,0.025069637883008356,0.012539184952978056
ENDOSCOPIC,ViT,2,VEC_SCALE,True,0.9410615577889447,0.940938212541608,0.9928834328839018,0.01902957009550526,0.0037595688925610017,0.016136201624443694,0.09066576781358761,0.8791123095818834,0.172277745876933,0.9522593669135291,0.1317136797714415,0.9185720987897872,0.44804323715924144,0.7647745384348852,0.9639927716252419,0.007984719221295355,0.006178298512414457,0.026462395543175487,0.0109717868338558
ENDOSCOPIC,ViT,2,ISOTONIC,True,0.9410552763819096,0.9409465840588624,0.9905458755021133,0.020694730350546975,0.006202940622518897,0.01631272843626335,0.09468359833838455,0.8737552022154874,0.2748246009116176,0.9581150412559509,0.11022142320871353,0.9212139248847961,0.15645418564478553,0.7978183627128601,0.9681469798088074,0.009600970365248915,0.007794549656368017,0.02924791086350972,0.017241379310344807
ENDOSCOPIC,ViT,2,DIRICHLET,True,0.9410552763819096,0.9410028576113929,0.992606890432868,0.014067839933816027,0.0032928988801232046,0.014518991807043288,0.0907260311682317,0.8790319584423579,0.17554237227826508,0.9492833018302917,0.13665741682052612,0.9167628884315491,0.5553041696548462,0.7552812695503235,0.9614245891571045,0.00837281790994324,0.006566397201062342,0.027855153203342618,0.012539184952978056
ENDOSCOPIC,ViT,2,APEX,True,0.9485678391959799,0.9484670549641774,0.9938070468169345,0.019695694423984163,0.004228771054320329,0.013660185624671885,0.07998497371196849,0.8933533683840422,0.15441925633577358,0.9341741623492106,0.18725767590420905,0.9105092846842153,0.14682332198953058,0.7002709552751153,0.9468426319529597,0.007228846163379828,0.00585359204753722,0.019498607242339833,0.007836990595611285
ENDOSCOPIC,ViT,2,ABL_no_gate,True,0.948574120603015,0.9484740099986473,0.993805306357837,0.02965615621663274,0.010188650999899324,0.015132859325110352,0.08222365560928876,0.8903684591876151,0.15697564365398164,0.9318330685191863,0.19399559839610264,0.9072260321005906,0.6053517094326801,0.712290078477453,0.9437237720749474,0.007268323468549716,0.005893069352707108,0.018105849582172703,0.006269592476489028
ENDOSCOPIC,ViT,2,ABL_no_rbf,True,0.9397738693467337,0.9396424722228324,0.9925034441453391,0.017339226353988928,0.0032434334183611057,0.014786985675107516,0.09069192886956826,0.8790774281739091,0.17170916387578591,0.930121907241278,0.19494158728152314,0.9028438225939734,0.3838658160973919,0.6968914412524582,0.9450486570645624,0.00876039338240985,0.006876284317695438,0.023676880222841225,0.012539184952978056
ENDOSCOPIC,ViT,2,ABL_no_poly,True,0.9510678391959799,0.9509677755846824,0.9937461622079891,0.018139667166940286,0.004153294956019506,0.014762121979449221,0.08044349210507637,0.892742010526565,0.15535282105238657,0.93314445498265,0.18741034286638708,0.9098761637790247,0.17431727756026705,0.7051369883558388,0.9448602536630791,0.007231266121723202,0.005986467625928615,0.019498607242339833,0.006269592476489028
ENDOSCOPIC,ViT,2,ABL_no_knn,True,0.949824120603015,0.9497015617493237,0.9938909527242692,0.020671328820503838,0.004075540001755476,0.01187417901557598,0.07853588095439307,0.8952854920608094,0.15187230607624216,0.9380998533521646,0.18136194799783853,0.9133783840847024,0.5577938160413991,0.7189939631944028,0.9496621694554767,0.007187726066804989,0.005878526365756893,0.020891364902506964,0.007836990595611285
ENDOSCOPIC,ViT,2,ABL_focal,True,0.9473115577889447,0.947188985303737,0.9934109373984231,0.019667069631253718,0.0036386098389520802,0.015720787513778235,0.08318112913534809,0.889091827819536,0.1598301532658183,0.932434098332223,0.19190499706527225,0.9077372235741964,0.16438565879956912,0.7058399417030745,0.945022662589398,0.007637320706508234,0.0061943567824337565,0.023676880222841225,0.009404388714733543
ENDOSCOPIC,ViT,2,TAU_0.60,True,0.948574120603015,0.9484648639748973,0.9939016211312676,0.019733442982113228,0.0052899737831131975,0.013800445675611984,0.07960623603274429,0.8938583519563411,0.1534912364209731,0.9348665811017512,0.1908241683881675,0.909728233464133,0.537116308999991,0.7182843821759429,0.9465969247688031,0.007104413748196791,0.005729159632354184,0.018105849582172703,0.006269592476489028
ENDOSCOPIC,ViT,2,TAU_0.70,True,0.9485678391959799,0.9484869206622195,0.9939351639030547,0.02200467429117499,0.004849873064854876,0.013390388887426977,0.07958222513058898,0.8938903664925482,0.15320311528195082,0.9358810730446572,0.18975757097379914,0.9102348175028334,0.537116308999991,0.7244725128169468,0.9473312064255504,0.007079764774359919,0.005704510658517311,0.018105849582172703,0.006269592476489028
ENDOSCOPIC,ViT,2,TAU_0.80,True,0.9485678391959799,0.9484670549641774,0.9940797375173531,0.023386788180942072,0.007607330009620817,0.01431716558650437,0.07871154808244037,0.8950512692234129,0.15137908218279536,0.9350375807223946,0.18761165815521283,0.9111701427217195,0.23567558952216028,0.702366328366395,0.9476393262264845,0.0069408988764836045,0.005565644760640997,0.019498607242339833,0.006269592476489028
ENDOSCOPIC,ViT,2,TAU_0.85,True,0.9485678391959799,0.9484670549641774,0.9938070468169345,0.019695694423984163,0.004228771054320329,0.013660185624671885,0.07998497371196849,0.8933533683840422,0.15441925633577358,0.9341741623492106,0.18725767590420905,0.9105092846842153,0.14682332198953058,0.7002709552751153,0.9468426319529597,0.007228846163379828,0.00585359204753722,0.019498607242339833,0.007836990595611285
ENDOSCOPIC,ViT,2,TAU_0.90,True,0.9448115577889447,0.9447684506987597,0.9937212954979306,0.018098574536372487,0.003101745104008288,0.013485395660602615,0.08092480350709418,0.8921002619905413,0.15581405293839168,0.9326831332072705,0.1879182942265083,0.9095780748774978,0.14682332198953058,0.6784681551922105,0.9475179595105365,0.007432326370918926,0.005848967885572737,0.020891364902506964,0.009404388714733543
ENDOSCOPIC,ViT,2,TAU_0.95,True,0.9460678391959799,0.9460462526936055,0.993732026876472,0.02303064684511313,0.007471354563612976,0.014523591463534422,0.08110763849643611,0.891856482004752,0.1572051088017528,0.9290041937306099,0.1948188197193996,0.9069365556801378,0.14682332198953058,0.6730376276246471,0.9435824219988964,0.007364242163800895,0.005851910848383329,0.020891364902506964,0.009404388714733543
ENDOSCOPIC,ViT,2,FAIR_rbf_svm,True,0.948574120603015,0.9485218605832489,0.9937860458511674,0.017628289325952257,0.004022860152912134,0.013808144312198092,0.07790682908890258,0.8961242278814634,0.15033602786433306,0.9428758386692591,0.15542548434659212,0.9189431998448626,0.2013236741741336,0.7005571586124031,0.9560001000726025,0.007053063923487455,0.0056778098076448475,0.018105849582172703,0.0109717868338558
ENDOSCOPIC,ViT,2,FAIR_poly_svm,True,0.9360301507537688,0.9359225385721137,0.9920051828543504,0.015442508214835601,0.002583072292075254,0.016664706881202355,0.09268199604128495,0.8764240052782869,0.18457226173072575,0.9322104696079904,0.18982970012844666,0.9031117762511405,0.1982079761439849,0.690754290908608,0.9486954295995145,0.009951520398248759,0.007824312274348325,0.025069637883008356,0.0109717868338558
ENDOSCOPIC,ViT,2,FAIR_knn,True,0.8832851758793969,0.8833137681856423,0.9741091118307688,0.040767265332619096,0.020649767646713415,0.031307533287917036,0.17628972435420956,0.7649470341943876,0.8762549460840786,0.8677540379255224,0.2717661457785874,0.8231465611956128,0.5327480794874926,0.6605279190645817,0.8950902493497316,0.03434401471029304,0.027199735873811994,0.07938718662952648,0.047021943573667735
ENDOSCOPIC,ViT,2,FAIR_equal_blend,True,0.9422927135678392,0.9423078340647999,0.9923030481257045,0.04773006365805943,0.031147853234615747,0.025185799754478405,0.09505024352405737,0.8732663419679236,0.18959322771066361,0.9046291594208682,0.2504742765600385,0.8817338457638727,0.3593753502449214,0.6635813114903854,0.919374107565552,0.009524329285015488,0.007793928313017265,0.020891364902506964,0.0109717868338558
ENDOSCOPIC,ViT,2,ABL_no_descriptors,True,0.942286432160804,0.9421335471583439,0.9933794849276394,0.017088433055915998,0.004459969016660879,0.014869247097607438,0.08447263497224844,0.8873698200370023,0.16124783450074842,0.9323837954862437,0.19270788578058576,0.9068557736905166,0.387284343732665,0.6867901469675399,0.9474068112201007,0.007678988665002191,0.005948587693003967,0.023676880222841225,0.009404388714733543
ENDOSCOPIC,ViT,3,BASE,True,0.9436055276381909,0.9439833573255787,0.9935598665356812,0.021151493515884686,0.011357064611893192,0.022480033846912825,0.085650165275114,0.8857997796331815,0.1663005466176607,0.9281314015388489,0.19744418561458588,0.9038521647453308,0.38358569145202637,0.6821032762527466,0.9428343176841736,0.007951808616332004,0.006295760981173795,0.022284122562674095,0.014106583072100314
ENDOSCOPIC,ViT,3,MC_DROPOUT,True,0.9448429648241206,0.9451951813026161,0.9936436464999296,0.02774449790778917,0.013434392140186914,0.026371780389780997,0.08635645638480069,0.8848580581535992,0.16858434264193434,0.9193428158760071,0.22177648544311523,0.8968633413314819,0.6108979284763336,0.6680206656455994,0.9340088367462158,0.007858162733337306,0.0062748042479911165,0.022284122562674095,0.014106583072100314
ENDOSCOPIC,ViT,3,TEMP_SCALE,True,0.9436055276381909,0.9439833573255787,0.9935556439526458,0.013563910821326658,0.0022162009959897687,0.01789394941240465,0.08408313464362209,0.8878891538085041,0.16551726658810761,0.946360170841217,0.14232411980628967,0.9185917377471924,0.5538313388824463,0.7209141254425049,0.9598332047462463,0.007908779690877598,0.006252732055719389,0.022284122562674095,0.014106583072100314
ENDOSCOPIC,ViT,3,VEC_SCALE,True,0.9535804020100502,0.9535215067586227,0.9936543848753092,0.01924685536022485,0.006960788726587388,0.013791552787196305,0.07449831291783722,0.9006689161095505,0.16856025691751525,0.962763283472183,0.10024362768514179,0.9349689615977846,0.3072488649188994,0.7784135825142369,0.9717264095371555,0.006601820250144036,0.005480873243068259,0.020891364902506964,0.006269592476489028
ENDOSCOPIC,ViT,3,ISOTONIC,True,0.9523429648241206,0.9524650524650995,0.9919262228259993,0.020790847396492056,0.00764098590641545,0.014117954368732264,0.07387091987979466,0.9015054401602739,0.2073516909008912,0.9555283188819885,0.10340911895036697,0.9319979548454285,0.42966753244400024,0.730401873588562,0.9667845368385315,0.010297250816906401,0.009115202494966008,0.022284122562674105,0.009404388714733558
ENDOSCOPIC,ViT,3,DIRICHLET,True,0.9498115577889448,0.949806930452449,0.9927247991497119,0.01897577112330529,0.0028869621538840373,0.013349949195167722,0.07897511527698235,0.894699846297357,0.1702721365390296,0.962435245513916,0.10555999726057053,0.9316227436065674,0.460370808839798,0.7908035516738892,0.9714922904968262,0.007906341273389475,0.006597141572341379,0.022284122562674095,0.009404388714733543
ENDOSCOPIC,ViT,3,APEX,True,0.9585929648241207,0.9586371725468147,0.994649628789505,0.02194714653639933,0.008275990210478678,0.015103290490941307,0.06705147291811166,0.9105980361091845,0.1360768678514013,0.9403651254910733,0.1741118680110166,0.9207689743608558,0.3027009364332184,0.7075861533011496,0.9504065713502465,0.006192629120043643,0.005299642031369021,0.013927576601671309,0.007836990595611285
ENDOSCOPIC,ViT,3,ABL_no_gate,True,0.9585992462311559,0.9586799544149196,0.9944715194002576,0.024743733424859506,0.013354306122821484,0.016914134922342703,0.06700106935606993,0.9106652408585736,0.1379861578483678,0.9360855140281928,0.18341854956539153,0.9177478493977087,0.20769498858131485,0.6942820517830611,0.9465162516152379,0.006303752332941105,0.0054107652442664834,0.012534818941504178,0.009404388714733543
ENDOSCOPIC,ViT,3,ABL_no_rbf,True,0.9435489949748744,0.9438140425910769,0.9939031376915454,0.022869668819971257,0.005223276368799806,0.01608259288693385,0.07903596686650269,0.8946187108446633,0.15300148941128486,0.9327655256747186,0.19593523310202665,0.9092915520118393,0.37186831184854774,0.6719592798807702,0.9483515562998549,0.006737377749547284,0.005081330114389075,0.016713091922005572,0.007836990595611285
ENDOSCOPIC,ViT,3,ABL_no_poly,True,0.9585929648241207,0.9586371725468147,0.994530215752466,0.020419823217325734,0.005706385546809863,0.013724199028626583,0.0666603213949443,0.9111195714734077,0.13613757211391556,0.9408848443341158,0.17211497997700137,0.9213283680318132,0.21055616734494792,0.70720479463636,0.9509651602034307,0.006270834858229595,0.005377847769554973,0.013927576601671309,0.009404388714733543
ENDOSCOPIC,ViT,3,ABL_no_knn,True,0.9585929648241207,0.9586371725468147,0.9946370450024562,0.02809086200865372,0.0139319158275497,0.016374548227062857,0.06672905760263659,0.9110279231964846,0.1353150755715033,0.941321687079811,0.17212414002217075,0.9215910700145745,0.5493830140825764,0.7099403146689305,0.9513028443210646,0.0062075043098585,0.005314517221183878,0.013927576601671309,0.007836990595611285
ENDOSCOPIC,ViT,3,ABL_focal,True,0.9498178391959798,0.9499505014617811,0.9940126309832646,0.03836219436617281,0.02431355596587951,0.025149878219807582,0.08058609771807851,0.8925518697092288,0.16407842030720834,0.9145273296678437,0.24018984993856585,0.8936576043336713,0.4223057386611513,0.6710414565575126,0.927376188407175,0.007001943685651726,0.0056927439846036305,0.022284122562674095,0.0109717868338558
ENDOSCOPIC,ViT,3,TAU_0.60,True,0.9585992462311559,0.9586799544149196,0.9944799085916234,0.025751268965917597,0.00992979956885933,0.01744805812088406,0.0664779984828667,0.9113626686895112,0.1366250488384176,0.9387429627635618,0.17837524412030462,0.9197426669970437,0.216167654464124,0.7035114828392519,0.9488902030740225,0.006352582957829496,0.005459595869154874,0.013927576601671309,0.009404388714733543
ENDOSCOPIC,ViT,3,TAU_0.70,True,0.9585992462311559,0.9586799544149196,0.9944295664465902,0.022353659204640587,0.008402075126837187,0.014900784359074638,0.06684410391813965,0.9108745281091473,0.13722071816276044,0.939444527743562,0.17729335896758627,0.9199283909518249,0.2149418006394908,0.7093851890794028,0.9493686560780942,0.006352237024291068,0.005459249935616446,0.013927576601671309,0.009404388714733543
ENDOSCOPIC,ViT,3,TAU_0.80,True,0.9585929648241207,0.9586371725468147,0.9944567893375005,0.023824118369362858,0.010315832675405643,0.01566525924172972,0.0671434393822556,0.9104754141569926,0.13714616100966234,0.9402144556268837,0.17538197495302224,0.9204022210393411,0.22762717474169358,0.7103043042318241,0.9501321484321609,0.006292850554329832,0.00539986346565521,0.013927576601671309,0.009404388714733543
ENDOSCOPIC,ViT,3,TAU_0.85,True,0.9585929648241207,0.9586371725468147,0.994649628789505,0.02194714653639933,0.008275990210478678,0.015103290490941307,0.06705147291811166,0.9105980361091845,0.1360768678514013,0.9403651254910733,0.1741118680110166,0.9207689743608558,0.3027009364332184,0.7075861533011496,0.9504065713502465,0.006192629120043643,0.005299642031369021,0.013927576601671309,0.007836990595611285
ENDOSCOPIC,ViT,3,TAU_0.90,True,0.9573429648241207,0.9573882644927073,0.9946496147958288,0.020416257352278554,0.007557198402292901,0.014924247861569177,0.0674692837741318,0.9100409549678243,0.13633610976900046,0.9404741709740192,0.1733067594575138,0.9207283177380688,0.3027009364332184,0.7027959203864071,0.9510514753195412,0.006208177025703771,0.00526066244787614,0.013927576601671309,0.007836990595611285
ENDOSCOPIC,ViT,3,TAU_0.95,True,0.9573429648241207,0.9573882644927073,0.9944378646790605,0.019354428203183005,0.007500674161376012,0.01494433769485247,0.06787553383385792,0.9094992882215229,0.1378983789492671,0.93884263144997,0.17505647440821345,0.91967588839614,0.2967116045903623,0.6953846842015378,0.9496771474269945,0.006438440367892144,0.005490925790064513,0.01532033426183844,0.006269592476489028
ENDOSCOPIC,ViT,3,FAIR_rbf_svm,True,0.9573429648241206,0.9573726307629269,0.9940397629152793,0.013492596885008609,0.0038047811296972656,0.013699401579038015,0.06781617810966899,0.9095784291871082,0.14127957590475532,0.9439015974842051,0.15772438833427127,0.9237825191896699,0.09589802146905302,0.7088761968043281,0.9543608430641995,0.0073416020769158765,0.006394087499088245,0.013927576601671309,0.009404388714733543
ENDOSCOPIC,ViT,3,FAIR_poly_svm,True,0.9447989949748744,0.9449690633709784,0.9920373752363809,0.018254672776249876,0.006357815141200544,0.017327167420111755,0.08833115397463694,0.8822251280338176,0.1782478927479357,0.934101010967029,0.18411715447425822,0.9069702386816556,0.2997335522615454,0.7083790742664213,0.9472731133739611,0.00950721501363848,0.00792385652829229,0.027855153203342618,0.012539184952978056
ENDOSCOPIC,ViT,3,FAIR_knn,True,0.8757097989949749,0.8752788394456179,0.9736409526120393,0.04929585929886601,0.027120857292414854,0.03554310497745634,0.1754677304355601,0.7660430260859201,0.8698939560609954,0.878220358987229,0.24829540821553656,0.8307779366742305,0.20079535302544654,0.658819253281328,0.9092943353318417,0.03131931469256313,0.023206580941059318,0.07660167130919228,0.047021943573667804
ENDOSCOPIC,ViT,3,FAIR_equal_blend,True,0.9472989949748744,0.947395875931189,0.9932286194198164,0.03931073376177958,0.0233134440545329,0.025022192597637615,0.08953955336399927,0.8806139288480012,0.17866959250761474,0.9089191532059531,0.24173202727964638,0.887176898181853,0.343724900125293,0.6682108374012471,0.9222918374173257,0.008224225772915717,0.00678126184884124,0.023676880222841225,0.0109717868338558
ENDOSCOPIC,ViT,3,ABL_no_descriptors,True,0.9485552763819095,0.9486043734599721,0.9939224261855673,0.01608326265650089,0.003768720438235256,0.013870939783517798,0.07412532002925591,0.9011662399609922,0.1462055067924959,0.9425594857376632,0.17025764807776578,0.9185912830849366,0.5379871415415867,0.7009381261138348,0.9556459794557305,0.007050855538904578,0.005675601423061971,0.018105849582172703,0.009404388714733543
ENDOSCOPIC,ViT,4,BASE,True,0.9486809045226131,0.9486468011990361,0.9940312145677662,0.04253313023793069,0.02481994620895495,0.02337939757605744,0.0875722999477596,0.8832369334029874,0.1713426887407736,0.9105680584907532,0.25221914052963257,0.889257550239563,0.37252846360206604,0.6570412516593933,0.9242992997169495,0.00741605858936822,0.006040804473525612,0.026462395543175487,0.009404388714733543
ENDOSCOPIC,ViT,4,MC_DROPOUT,True,0.9474371859296482,0.9473176671265998,0.9939912609562067,0.04570836654133666,0.02895645879592088,0.025044487031260703,0.08987729951269027,0.8801636006497464,0.17782346626881548,0.901896059513092,0.2754376232624054,0.8817374110221863,0.20014089566689952,0.6403729319572449,0.9164251685142517,0.007492009561102604,0.006049045637028126,0.025069637883008356,0.006269592476489028
ENDOSCOPIC,ViT,4,TEMP_SCALE,True,0.9486809045226131,0.9486468011990361,0.9940961258482799,0.02056044377479937,0.0067593225002781894,0.015060604796706954,0.08363803363896513,0.8884826218147133,0.15875843794965683,0.937623143196106,0.17047610878944397,0.9117523431777954,0.35655805468559265,0.7123700380325317,0.9498230814933777,0.007376123693090577,0.00600086957724797,0.025069637883008356,0.006269592476489028
ENDOSCOPIC,ViT,4,VEC_SCALE,True,0.9499371859296483,0.9498576018594513,0.9941965232679835,0.014845919638785093,0.0024223504907453924,0.011957187015354935,0.08119268988017177,0.8917430801597711,0.1519931347865661,0.9397669267583749,0.16059090870341408,0.9148055760672417,0.3997403962861837,0.7210377708996543,0.9513093624237426,0.006888897483577459,0.005579697782529363,0.025069637883008356,0.0109717868338558
ENDOSCOPIC,ViT,4,ISOTONIC,True,0.9399371859296483,0.9398561423992144,0.9933409910511597,0.016036868543553198,0.0021297657490840275,0.012351658914245823,0.08494948414159477,0.8867340211445405,0.1884058071798072,0.9405734539031982,0.14026103913784027,0.9150499701499939,0.21100667119026184,0.6875360608100891,0.956767737865448,0.00855029593653468,0.006666186871820269,0.02506963788300833,0.006792058516196413
ENDOSCOPIC,ViT,4,DIRICHLET,True,0.9524434673366834,0.9523542808696656,0.9937276521341275,0.018395634522115373,0.005869979430509249,0.016437680676858413,0.0844508384838351,0.8873988820215534,0.16224385402936337,0.9403089284896851,0.162209153175354,0.9132537245750427,0.3657885789871216,0.7553492784500122,0.949556827545166,0.008037902029653368,0.006855853707712975,0.025069637883008356,0.01567398119122257
ENDOSCOPIC,ViT,4,APEX,True,0.9637060301507538,0.9636633881116055,0.9952675410275648,0.025855009485342067,0.010391182127844959,0.01691682612164255,0.06753584660696318,0.9099522045240492,0.1364084057392732,0.937804138384332,0.18343655729400202,0.9184378649029146,0.5537322581989488,0.7277963606956912,0.9457238075039296,0.006023978838525666,0.005332742242153525,0.013927576601671309,0.009404388714733543
ENDOSCOPIC,ViT,4,ABL_no_gate,True,0.9599497487437185,0.9599230990034646,0.9952069362921441,0.028522376528164677,0.01288142357171558,0.015258742558983143,0.06767610098700137,0.9097651986839983,0.13795643128815402,0.9354274693584,0.1900158524043181,0.9165218298353465,0.22713899917871067,0.6908810520305919,0.9456435076801885,0.006010150011893939,0.005170052330238887,0.016713091922005572,0.009404388714733543
ENDOSCOPIC,ViT,4,ABL_no_rbf,True,0.9549246231155779,0.9549011378121175,0.995072919135434,0.03889985872874575,0.022102055740406808,0.01966571710566813,0.0762901778492428,0.8982797628676764,0.15027689608379716,0.9220343705646071,0.22571695055714003,0.9029904013296016,0.6781374422392277,0.6751354086717413,0.9336988884493097,0.0057721748356395815,0.00471068245113922,0.018105849582172703,0.006269592476489028
ENDOSCOPIC,ViT,4,ABL_no_poly,True,0.9612060301507537,0.961147629016899,0.9951211010110828,0.024032469971926384,0.01032347230827196,0.01516903315426071,0.0683160254120314,0.9089119661172916,0.13884435350076885,0.9371204122335872,0.18389306874781286,0.9177096131678664,0.2952851611242526,0.711044889625087,0.9462577540860821,0.006373697691913165,0.005584853473632672,0.013927576601671309,0.009404388714733543
ENDOSCOPIC,ViT,4,ABL_no_knn,True,0.9637060301507538,0.9636633881116055,0.995311374377092,0.02498049454034522,0.009023300331101838,0.015677248914327077,0.0668956670623303,0.9108057772502264,0.13513386889884108,0.939762210517389,0.178875608224896,0.9201240811541671,0.5547785071509226,0.7319316459632637,0.9475997740701454,0.006020246592435222,0.005329009996063082,0.01532033426183844,0.009404388714733543
ENDOSCOPIC,ViT,4,ABL_focal,True,0.9499183417085428,0.949885434247315,0.9949116650941375,0.04701488846304962,0.029093559982850976,0.025991409623330627,0.08029467663416076,0.8929404311544524,0.16226438571264656,0.9076170493007845,0.26044878198627186,0.8894688080497146,0.6227408062179403,0.6447523557472523,0.9214885370872503,0.005722449683799401,0.004413249982751305,0.020891364902506964,0.007836990595611285
ENDOSCOPIC,ViT,4,TAU_0.60,True,0.9624497487437187,0.9624106739032112,0.9952779435547148,0.025253540725887626,0.01091803020001156,0.016631220540301674,0.06753999126536699,0.9099466783128441,0.1372679005381807,0.9371524743117063,0.1863368278350619,0.9176928119645891,0.2286384107039594,0.7178662043645404,0.9457183442315173,0.005985564830448917,0.0052463402648101525,0.013927576601671309,0.007836990595611285
ENDOSCOPIC,ViT,4,TAU_0.70,True,0.9624497487437187,0.9624106739032112,0.9952528319553221,0.024582589691988153,0.010662669399661377,0.015720257149213754,0.06751651685549033,0.9099779775260131,0.13705326655249433,0.9378234253456056,0.18499625567119535,0.9181445521592093,0.22598629631077427,0.7207009543988874,0.9463047718669619,0.005975110681002429,0.005235886115363665,0.013927576601671309,0.007836990595611285
ENDOSCOPIC,ViT,4,TAU_0.80,True,0.9637060301507538,0.9636633881116055,0.9953302500576651,0.025492909300224194,0.010787181156029859,0.01690747419490479,0.0669752946415432,0.9106996071446092,0.135593557587388,0.9381662385694499,0.18342681974213265,0.9188277462873932,0.5537322581989488,0.727176370665232,0.9461229436009485,0.005938887696685417,0.005247651100313277,0.013927576601671309,0.007836990595611285
ENDOSCOPIC,ViT,4,TAU_0.85,True,0.9637060301507538,0.9636633881116055,0.9952675410275648,0.025855009485342067,0.010391182127844959,0.01691682612164255,0.06753584660696318,0.9099522045240492,0.1364084057392732,0.937804138384332,0.18343655729400202,0.9184378649029146,0.5537322581989488,0.7277963606956912,0.9457238075039296,0.006023978838525666,0.005332742242153525,0.013927576601671309,0.009404388714733543
ENDOSCOPIC,ViT,4,TAU_0.90,True,0.9637060301507538,0.9636633881116055,0.9952110399289316,0.02586005931339164,0.009844286430354987,0.016981815166044585,0.06774047849509476,0.9096793620065404,0.1366803927693524,0.9377990885562825,0.18269176733097156,0.9184101648820947,0.5537322581989488,0.7281332831176033,0.9457058614531897,0.006080390169389658,0.005389153573017518,0.013927576601671309,0.009404388714733543
ENDOSCOPIC,ViT,4,TAU_0.95,True,0.9637060301507538,0.9636633881116055,0.9951943105240666,0.026113497468067244,0.010316483079249681,0.01698135183648977,0.06794371934105439,0.9094083742119276,0.13700449539900658,0.9375456504016069,0.1827069982350397,0.9181567267274191,0.5537322581989488,0.7281332831176033,0.9454428658128372,0.006080542993270123,0.005389306396897982,0.013927576601671309,0.009404388714733543
ENDOSCOPIC,ViT,4,FAIR_rbf_svm,True,0.9599560301507537,0.9599176059503516,0.9943808056045073,0.01654908440343315,0.009009759427948856,0.012682223037481129,0.06792895772177475,0.9094280563709671,0.14946848426894419,0.9443275407054786,0.15787962119993765,0.9238951058892213,0.17029042891981117,0.7182288093706111,0.9537729185158126,0.008111775437567,0.007271677755911948,0.01532033426183844,0.007836990595611285
ENDOSCOPIC,ViT,4,FAIR_poly_svm,True,0.9499246231155779,0.9498740857758023,0.994668861326358,0.023028720735680824,0.011649183152935632,0.01571153913406727,0.07696572845185452,0.8973790287308607,0.1484174172334679,0.9329497993713923,0.18902966259569465,0.9115807646907722,0.3685658797965635,0.6770302210821617,0.946454790310138,0.006037018893196506,0.00472781919214841,0.022284122562674095,0.007836990595611285
ENDOSCOPIC,ViT,4,FAIR_knn,True,0.8972801507537689,0.8975731513671812,0.9771889377976253,0.043732931785355283,0.026227824877829955,0.0335985384544614,0.17082815301907414,0.7722291293079014,0.7900166337803457,0.8710540356331871,0.2652542308164869,0.828749106881925,0.27010961695525887,0.6680944177862064,0.894298014213428,0.02964222023611734,0.024107634364423362,0.06963788300835652,0.05015673981191219
ENDOSCOPIC,ViT,4,FAIR_equal_blend,True,0.9536746231155779,0.9536151443866663,0.9945746718381214,0.0475660481203052,0.031061437928447032,0.026554220300605107,0.08366317450219199,0.8884491006637442,0.16420108997901237,0.9066240028925046,0.25012099263806525,0.8880749924873069,0.6362013045044854,0.6701828645501389,0.9181198269643409,0.006150614088997445,0.005029667081921667,0.019498607242339833,0.009404388714733543
ENDOSCOPIC,ViT,4,ABL_no_descriptors,True,0.9536746231155779,0.9536894539469964,0.9948237674994254,0.02040664993526778,0.006550135814111775,0.014502925334158567,0.07295528317249052,0.9027262891033461,0.1446631785559011,0.9352414703452167,0.1887206094613844,0.9146835981799426,0.3771784228998894,0.6784307684645713,0.947727667414315,0.006692191771715624,0.005571244764639846,0.018105849582172703,0.009404388714733543
ENDOSCOPIC,ViT,5,BASE,True,0.9499183417085427,0.9500382940544579,0.9943290780855271,0.024175811717683484,0.00783866647088404,0.01910795531113677,0.08228699147666739,0.8902840113644437,0.1528656048361352,0.9277862906455994,0.19404928386211395,0.9051851034164429,0.4363396465778351,0.7091507911682129,0.9393237829208374,0.008528382215806679,0.007219182514758583,0.025069637883008356,0.007836990595611285
ENDOSCOPIC,ViT,5,MC_DROPOUT,True,0.9499183417085427,0.950037868708933,0.9943333006685624,0.036286513010660784,0.017714853926627156,0.02112968232179816,0.08484748433863887,0.886870020881815,0.1597718713355239,0.916735053062439,0.22145754098892212,0.8961262702941895,0.44304928183555603,0.6848961114883423,0.9289692640304565,0.00867061735011098,0.0073614176490628845,0.026462395543175487,0.007836990595611285
ENDOSCOPIC,ViT,5,TEMP_SCALE,True,0.9499183417085427,0.9500382940544579,0.9943353629822133,0.016027374449827957,0.00519502986297071,0.017220462979224384,0.08050071101215264,0.8926657186504633,0.14886003737194434,0.9441338777542114,0.14678126573562622,0.9183944463729858,0.433080792427063,0.7448629140853882,0.9546494483947754,0.008414983479671715,0.007105783778623619,0.023676880222841225,0.007836990595611285
ENDOSCOPIC,ViT,5,VEC_SCALE,True,0.9511683417085426,0.9511213649702144,0.9945836260197811,0.016336351231638766,0.003322527071454067,0.014090259966706608,0.07887654813183079,0.8948312691575591,0.14448212336095945,0.9479544400261678,0.13560697706594088,0.9222849241716622,0.2207944349098897,0.7496433614743888,0.9581443373430576,0.007145621650995867,0.00590082315520128,0.022284122562674095,0.009404388714733543
ENDOSCOPIC,ViT,5,ISOTONIC,True,0.9486620603015077,0.948657634714196,0.992161026621261,0.022231142995949076,0.00721745992990238,0.013204241787291572,0.08105839531916538,0.8919221395744463,0.19729237659569598,0.9479642510414124,0.12271523475646973,0.9219325184822083,0.2631340026855469,0.7437392473220825,0.9590253233909607,0.010999065571534532,0.009623811455691925,0.025391043496893032,0.010282131661441957
ENDOSCOPIC,ViT,5,DIRICHLET,True,0.9524120603015075,0.9522594261887511,0.9948244164517767,0.014108487537929032,0.003670941383967713,0.011824171075892892,0.07483251083604404,0.9002233188852747,0.1379853657259986,0.9470535516738892,0.14009693264961243,0.9234082102775574,0.43504565954208374,0.7339025139808655,0.9577110409736633,0.006903975367589063,0.0057219270456486705,0.020891364902506964,0.007836990595611285
ENDOSCOPIC,ViT,5,APEX,True,0.956143216080402,0.9561011796689922,0.9948138110163213,0.023831161177080444,0.01170152723675228,0.01657730056663827,0.0725665960548147,0.9032445385935806,0.1407597188936955,0.9387882294828018,0.17359540584134883,0.9175338579782379,0.37859365690777375,0.7246378515345897,0.9486116413152886,0.007368498349335119,0.006364816056134478,0.020891364902506964,0.0109717868338558
ENDOSCOPIC,ViT,5,ABL_no_gate,True,0.9599120603015076,0.9598928324498986,0.9952409810826822,0.029071617032540666,0.015096132913983224,0.018371344052395377,0.07099027398009246,0.9053463013598768,0.13662535141673618,0.9321862979392757,0.18590131017639774,0.9139374919849286,0.6183144585877918,0.7162875412954567,0.9412055671463282,0.006699333551353001,0.005859235869697949,0.019498607242339833,0.009404388714733543
ENDOSCOPIC,ViT,5,ABL_no_rbf,True,0.9523994974874371,0.9524292714309169,0.9947222086045944,0.023176641267601578,0.011272184745336799,0.018062078683389694,0.07606988089706808,0.8985734921372427,0.1471513186285533,0.9335197024000145,0.19193831401032332,0.9109651897612541,0.43240716035771876,0.713929894854193,0.9444991927773055,0.007897239031804119,0.006715190709863726,0.020891364902506964,0.006269592476489028
ENDOSCOPIC,ViT,5,ABL_no_poly,True,0.954893216080402,0.9548574441843327,0.9948159013173247,0.02405353713477828,0.012591922454087719,0.016895100942527757,0.072831351213766,0.9028915317149788,0.1411496821464406,0.9389232556277386,0.17380088920153722,0.9172724754545712,0.39151444067808894,0.7226128765908951,0.9491426436137314,0.007403870355667711,0.006342377971167349,0.020891364902506964,0.0109717868338558
ENDOSCOPIC,ViT,5,ABL_no_knn,True,0.956143216080402,0.9560878962759773,0.994700717860159,0.02591163703329103,0.01248353425598181,0.017155141634891166,0.07252802746125019,0.9032959633849998,0.1406434556946941,0.9397859910999727,0.17036328980293391,0.9185831281165425,0.4629641585457029,0.72409643798276,0.94968000729801,0.007518662700337511,0.006514980407136869,0.020891364902506964,0.012539184952978056
ENDOSCOPIC,ViT,5,ABL_focal,True,0.9573869346733668,0.9574128939530488,0.994495966317565,0.035350199098145796,0.019054367592141724,0.020699860428846795,0.07616724510569678,0.8984436731924044,0.15203756229850635,0.9242576922181938,0.21720988998167629,0.9035056880561527,0.6441342883398373,0.7247233591810237,0.9331374923795338,0.008118425801147204,0.007170911223319573,0.020891364902506964,0.0109717868338558
ENDOSCOPIC,ViT,5,TAU_0.60,True,0.9586620603015075,0.958640106624792,0.9952284462735002,0.025262879032556387,0.012260249162445412,0.017044090987427925,0.07008481297266723,0.9065535827031105,0.1357631212611964,0.9357578182545909,0.18019087082482088,0.9164781825879517,0.37859365690777375,0.7170374351461465,0.9451928151729944,0.006715054681833869,0.005822067593159247,0.019498607242339833,0.0109717868338558
ENDOSCOPIC,ViT,5,TAU_0.70,True,0.9611683417085428,0.9611481611429156,0.9948430192556633,0.0268077020567531,0.013456041990223454,0.01869347707813101,0.07133457844488307,0.904887228740156,0.1388972733824257,0.9381913379966937,0.17686171791792427,0.9171063972842803,0.37859365690777375,0.7544735379759815,0.9456166988841019,0.00731599249001074,0.006527148271730247,0.020891364902506964,0.0109717868338558
ENDOSCOPIC,ViT,5,TAU_0.80,True,0.9586557788944724,0.9586327838366031,0.9947489067326458,0.026120956984582177,0.014547660004807741,0.016919967646600496,0.07240205564671084,0.9034639258043857,0.14047716016902298,0.9389176353189823,0.1743665185083273,0.9173663347313042,0.37859365690777375,0.7422558738676772,0.9474010838521759,0.007400008185410693,0.006507021096736071,0.020891364902506964,0.0109717868338558
ENDOSCOPIC,ViT,5,TAU_0.85,True,0.956143216080402,0.9561011796689922,0.9948138110163213,0.023831161177080444,0.01170152723675228,0.01657730056663827,0.0725665960548147,0.9032445385935806,0.1407597188936955,0.9387882294828018,0.17359540584134883,0.9175338579782379,0.37859365690777375,0.7246378515345897,0.9486116413152886,0.007368498349335119,0.006364816056134478,0.020891364902506964,0.0109717868338558
ENDOSCOPIC,ViT,5,TAU_0.90,True,0.9548869346733668,0.9548285010545313,0.994751039014678,0.02487488600511549,0.011631723670820757,0.016905907856100126,0.07449774461286697,0.9006696738495108,0.14294160553873345,0.9377261174780572,0.17422924375749146,0.9162478513942384,0.37859365690777375,0.7199117330508374,0.9480165608368235,0.00745457959658158,0.0063930872120812185,0.020891364902506964,0.0109717868338558
ENDOSCOPIC,ViT,5,TAU_0.95,True,0.9536306532663317,0.9535612401659062,0.9946757811817194,0.02382209716897894,0.012239741122447759,0.01699965955094798,0.07562955007291718,0.8991605999027772,0.144326580166493,0.9369634510811929,0.17456944633752614,0.9153288768756463,0.37859365690777375,0.7156925338037574,0.9477216954166268,0.007560053717063885,0.0064391067099881065,0.020891364902506964,0.012539184952978056
ENDOSCOPIC,ViT,5,FAIR_rbf_svm,True,0.9511243718592964,0.9510252538618298,0.993599001534717,0.02391803003707636,0.011138208785591132,0.016340242459282284,0.07737332700310597,0.8968355639958588,0.15365674083098768,0.9435348215855829,0.15473025913455987,0.9195697417473581,0.380879539687208,0.7290406023562722,0.9545562636803695,0.009119333430247085,0.007874534934452499,0.020891364902506964,0.01567398119122257
ENDOSCOPIC,ViT,5,FAIR_poly_svm,True,0.9473869346733668,0.947342461255958,0.9916099288212183,0.024713148701056953,0.007458673085850069,0.013560751286277622,0.08622862449966548,0.8850285006671128,0.19183026230404643,0.9333561301821234,0.18430396623272222,0.9075173122736839,0.3764655177011753,0.7189526167624669,0.9452674364832155,0.013523518554167701,0.012080554630093224,0.026462395543175487,0.014106583072100314
ENDOSCOPIC,ViT,5,FAIR_knn,True,0.9059610552763818,0.9054847100217549,0.9756219650469391,0.05208601304798125,0.030559813890725075,0.036260072913035235,0.16891369088500596,0.774781745486659,0.9454844344117209,0.8789916811876037,0.2551989819641055,0.8323856470136681,0.60244031888697,0.7243071202024151,0.8950377974723744,0.03394075527792281,0.02932004913958222,0.06824512534818947,0.05642633228840131
ENDOSCOPIC,ViT,5,FAIR_equal_blend,True,0.947361809045226,0.9472947462560442,0.9920488780382445,0.042104859628543406,0.025694670085450094,0.027122836516446477,0.09190340224626525,0.8774621303383132,0.18379253979427262,0.9102335890998421,0.24031270605418986,0.8864909003449042,0.43300637966825906,0.7011983027546289,0.921846660563465,0.011455283958990217,0.01001232003491574,0.025069637883008356,0.023510971786833857
ENDOSCOPIC,ViT,5,ABL_no_descriptors,True,0.954893216080402,0.954858932375665,0.9950775457814867,0.01898688432017675,0.007114028788281215,0.014488525633519002,0.07283761587164421,0.9028831788378079,0.13908610629001275,0.9371653891539665,0.18001397202938044,0.9159291023706461,0.6131657360024201,0.7205294004374556,0.9474001602744316,0.007001813969133889,0.0059403215846335275,0.022284122562674095,0.0109717868338558
RETINAL,ConvNeXt,1,BASE,True,0.8457023868697786,0.8445185946562019,0.9688680460359758,0.07813456906346325,0.047055528433608045,0.05305868410006221,0.2366226259032073,0.6845031654623908,0.4462523663110239,0.7756012082099915,0.5831053256988525,0.7242188453674316,0.3139864206314087,0.590782105922699,0.809204638004303,0.05089468236339197,0.03830502663290983,0.12342215988779803,0.08517350157728706
RETINAL,ConvNeXt,1,MC_DROPOUT,True,0.8479291616092461,0.8468076609791266,0.9688044151807175,0.08726134749709581,0.05389375113364493,0.054467504241587146,0.2413615666149883,0.6781845778466826,0.4547800465604045,0.7646145820617676,0.608744204044342,0.714706301689148,0.317196249961853,0.5840798616409302,0.7968049645423889,0.05121311354622244,0.03904261405824728,0.11921458625525946,0.0946372239747634
RETINAL,ConvNeXt,1,TEMP_SCALE,True,0.8457023868697786,0.8445185946562019,0.9687912280783695,0.047320921514253725,0.020577281972424533,0.0354593566094477,0.2236710968717868,0.7017718708376179,0.4348209104983127,0.8720171451568604,0.33141207695007324,0.7969260215759277,0.18498882566179553,0.6987967491149902,0.9035117626190186,0.04948143497839879,0.036891779247916645,0.11781206171107994,0.07413249211356467
RETINAL,ConvNeXt,1,VEC_SCALE,True,0.8549949549241663,0.8556637401126539,0.9695829831208796,0.03206865044250579,0.011559308870680424,0.02881650127501308,0.21116742183944914,0.7184434375474016,0.41554287247155697,0.883040955281731,0.3012478491423126,0.8106380667155054,0.13900658640873503,0.7123686313022799,0.9119898007944699,0.04557427159344346,0.03441892058575609,0.1093969144460028,0.0694006309148265
RETINAL,ConvNeXt,1,ISOTONIC,True,0.8559642604541413,0.8560512154285226,0.9671943746188693,0.0483619544049079,0.024611610407541947,0.030643667970093443,0.21914898548627337,0.7078013526849692,0.5181293542797633,0.8937407732009888,0.2757686376571655,0.8129510283470154,0.3670823574066162,0.7481281757354736,0.9181882739067078,0.052129806111086856,0.041171893989097166,0.1093969144460027,0.07728706624605666
RETINAL,ConvNeXt,1,DIRICHLET,True,0.8523197213549962,0.8539068668448927,0.9690524323480391,0.030276125233531126,0.011502997726249482,0.025357682117546385,0.21114990450532334,0.7184667939929026,0.412129167149307,0.8839962482452393,0.30573081970214844,0.8101987242698669,0.38328081369400024,0.7180697917938232,0.9124267101287842,0.047772634894213614,0.03641798506860448,0.10378681626928471,0.07413249211356467
RETINAL,ConvNeXt,1,APEX,True,0.8657395145643649,0.8650044883393901,0.9743291624597205,0.031038261792431087,0.00917486036181819,0.025318206159056077,0.19519768189639605,0.739736424138139,0.3664086286239839,0.8528754353059996,0.41874827546042104,0.7923173701297995,0.3126085001275069,0.6679958965481024,0.8817123312930186,0.03780759373828945,0.028179904797948515,0.08555399719495091,0.06309148264984227
RETINAL,ConvNeXt,1,ABL_no_gate,True,0.8633123300983454,0.8624241573779347,0.9748761319566763,0.035304108433712726,0.011299035583144781,0.028311257832714664,0.1940670027259409,0.7412439963654125,0.3661882002366639,0.845895099779029,0.4399161113261216,0.787302668593953,0.3244177936304811,0.6538593170331825,0.8764972932282941,0.03672036288378578,0.026721841798483588,0.08695652173913043,0.06466876971608833
RETINAL,ConvNeXt,1,ABL_no_rbf,True,0.8644727337094443,0.8667383560141108,0.9726097986672638,0.0880338513712684,0.05663107692229198,0.04700961866835548,0.22216993782015515,0.7037734162397935,0.4170527817598302,0.7795575735972057,0.5761936210879122,0.7322237240744346,0.31536910151349307,0.602882894849247,0.8065210056735658,0.04074851463961979,0.03148430486821825,0.09817671809256662,0.07886435331230283
RETINAL,ConvNeXt,1,ABL_no_poly,True,0.8657395145643649,0.8650044883393901,0.9745699935252023,0.03015652596462419,0.0069346278071364615,0.02455315578770176,0.19440270494369197,0.7407963934084111,0.36415429812980643,0.8551521771339384,0.41061137492117417,0.794417999019835,0.32449952135691884,0.6696219781785071,0.8840905609360246,0.03747571165615494,0.027848022715814002,0.08555399719495091,0.06466876971608833
RETINAL,ConvNeXt,1,ABL_no_knn,True,0.860664620628665,0.8599320648112685,0.9733940838280958,0.03154273742775735,0.00690736852599486,0.02302586449018801,0.1973711868581528,0.7368384175224633,0.3718498451355358,0.855843902303734,0.4113734370516561,0.7934309946496281,0.31020867506497923,0.6677013311376656,0.8864653471709387,0.03882129253191977,0.02844456482565869,0.08695652173913043,0.06309148264984227
RETINAL,ConvNeXt,1,ABL_focal,True,0.8755092194292764,0.8762945194989701,0.9775498257921607,0.07396496674817193,0.04377364791603124,0.04094419098633428,0.19398424751567908,0.7413543366457616,0.36951308684775364,0.8083788334351039,0.5261849619512731,0.7614842556025644,0.2610351969631995,0.6253393844142404,0.8341887125776138,0.03389589518470179,0.025846265304406847,0.08555399719495091,0.061514195583596214
RETINAL,ConvNeXt,1,TAU_0.60,True,0.8657395145643649,0.8650044883393901,0.9742461138650553,0.03703020942282459,0.014322540086693241,0.026161567547842254,0.19393317661131532,0.7414224311849132,0.36622411380022213,0.8521540814480741,0.42457136277828844,0.7916400498661196,0.32441779498969653,0.6682756486354009,0.880834828257048,0.03773506850151796,0.028107379561177027,0.08555399719495091,0.061514195583596214
RETINAL,ConvNeXt,1,TAU_0.70,True,0.8657395145643649,0.8650044883393901,0.9741117425723258,0.03306411436520204,0.01071219803384478,0.025998604299506005,0.1945334854824212,0.7406220193567721,0.3666871269713827,0.8532862243772908,0.4202676186079054,0.7924519496407125,0.3126085001275069,0.6696014741606969,0.8819367612186545,0.03819269658140461,0.028565007641063674,0.08555399719495091,0.061514195583596214
RETINAL,ConvNeXt,1,TAU_0.80,True,0.8668863035551906,0.8662593851770265,0.9745278310250576,0.0342754767573111,0.011117580013462393,0.025816756062024222,0.1942998716133349,0.7409335045155538,0.3648656211115137,0.8532821126667761,0.41798517357944653,0.792985280096888,0.3126085001275069,0.6688948254753353,0.8817319706613796,0.03750376584654317,0.028058734273821804,0.08555399719495091,0.06309148264984227
RETINAL,ConvNeXt,1,TAU_0.85,True,0.8657395145643649,0.8650044883393901,0.9743291624597205,0.031038261792431087,0.00917486036181819,0.025318206159056077,0.19519768189639605,0.739736424138139,0.3664086286239839,0.8528754353059996,0.41874827546042104,0.7923173701297995,0.3126085001275069,0.6679958965481024,0.8817123312930186,0.03780759373828945,0.028179904797948515,0.08555399719495091,0.06309148264984227
RETINAL,ConvNeXt,1,TAU_0.90,True,0.8671519439428959,0.866386444830546,0.9744380769032828,0.029320099532970215,0.007423133882663887,0.02512815034203469,0.19583259865772842,0.7388898684563625,0.36613539102878917,0.8522683835801386,0.42002234981396636,0.7915876400685892,0.3126085001275069,0.6700208360193066,0.8803880925196556,0.03764125752380426,0.028196225951082895,0.08695652173913043,0.06466876971608833
RETINAL,ConvNeXt,1,TAU_0.95,True,0.8660051549520702,0.865131486993303,0.9743101388801173,0.030871111716219323,0.010007477774720289,0.02526452733403013,0.19600969269697321,0.7386537430707028,0.36677420938138894,0.8513536060433265,0.4223526530978941,0.7908634262441285,0.3126085001275069,0.6673680095015843,0.8800510678945895,0.03778281996762097,0.028155131027280036,0.08695652173913043,0.06466876971608833
RETINAL,ConvNeXt,1,FAIR_rbf_svm,True,0.8622758871527174,0.8613538293119085,0.9716063008640624,0.03491670353888761,0.012721242669741874,0.023782465402452706,0.20116192671868954,0.7317840977084142,0.3821921695883235,0.8666864062661743,0.36993672957448753,0.8005868361165616,0.14562587752511785,0.6860409219778543,0.8957801153023606,0.041524653463726434,0.03133795222610579,0.08976157082748948,0.06466876971608833
RETINAL,ConvNeXt,1,FAIR_poly_svm,True,0.8220720530523421,0.8232595734218452,0.9519845094065922,0.07353497059652514,0.0382221634723409,0.04651837408009761,0.27723057664094625,0.6303592311454055,0.5593991850575392,0.7696837312027358,0.5893031633162276,0.7023446888363446,0.6689767382283077,0.6104488632819918,0.8041194925168844,0.07407110711436075,0.05712132734130845,0.1388499298737728,0.11829652996845426
RETINAL,ConvNeXt,1,FAIR_knn,True,0.8127050626006767,0.8156670413876054,0.9503515288982598,0.09463285111284228,0.06339426351088673,0.062485764872423105,0.2921882686099767,0.6104156418533648,1.6010157362868587,0.7784069567661585,0.45799580070353607,0.7078807704387473,0.2489369485687109,0.6284160130996597,0.8116869196135791,0.06665381969847012,0.04895228835871916,0.15848527349228608,0.11671924290220818
RETINAL,ConvNeXt,1,FAIR_equal_blend,True,0.8666849424171149,0.8677558808953623,0.9729096395256088,0.08541619629801875,0.05384478913159967,0.04677542425147954,0.2146614264198108,0.713784764773586,0.4094899917259193,0.7836766388192032,0.5715599060295254,0.7369374317972183,0.1963773504207278,0.6098850389283897,0.8102000661281209,0.039786805290918416,0.03052259551951688,0.0967741935483871,0.07097791798107256
RETINAL,ConvNeXt,1,ABL_no_descriptors,True,0.868452621781933,0.8676458711167481,0.9757433194481646,0.03832714473863577,0.012193773831241709,0.028332023206285112,0.19228810985432063,0.7436158535275728,0.3585668432961063,0.8469930137597554,0.43218227187800873,0.7897211672342562,0.3779482576064699,0.6622078106434921,0.8751942438865108,0.037770330959319476,0.02850612118791794,0.08555399719495091,0.05993690851735016
RETINAL,ConvNeXt,2,BASE,True,0.8596227955244595,0.8622500336950686,0.9729466834511272,0.09544360179167528,0.06728382418526263,0.05443902960643735,0.22100514804260157,0.7053264692765316,0.4238754551016844,0.7678266763687134,0.6109554767608643,0.7247787117958069,0.3317895233631134,0.5795800685882568,0.7981445789337158,0.04336800536779354,0.033181304130172895,0.09957924263674614,0.0694006309148265
RETINAL,ConvNeXt,2,MC_DROPOUT,True,0.8566426424248899,0.8594657275158144,0.9728057471033384,0.10385799629691268,0.07268549630200297,0.05733068722322544,0.22476582315603544,0.7003122357919531,0.4314335960248954,0.7588287591934204,0.6317890882492065,0.7169720530509949,0.2732444192681994,0.5720216631889343,0.789551854133606,0.04368745659921049,0.033118853400778296,0.10238429172510519,0.0694006309148265
RETINAL,ConvNeXt,2,TEMP_SCALE,True,0.8596227955244595,0.8622500336950686,0.9729525286464162,0.03250209274989511,0.008459785304541497,0.03026491667738263,0.20019477428576302,0.7330736342856496,0.37893084891470835,0.8592811226844788,0.37431514263153076,0.7977604269981384,0.20679722087723873,0.6768785715103149,0.8886578679084778,0.0422704314468254,0.032083730209204755,0.0967741935483871,0.06466876971608833
RETINAL,ConvNeXt,2,VEC_SCALE,True,0.8641735305110914,0.8650414736243451,0.9732421505796827,0.027334963411988978,0.0051714354863137595,0.029329381051994823,0.19930212295634417,0.7342638360582081,0.3829954391300956,0.8648068422052989,0.35413896008897255,0.8031667636362613,0.6989723187173655,0.6786031857633122,0.8941644989873931,0.04044930099706048,0.03063711644704762,0.09957924263674614,0.06624605678233439
RETINAL,ConvNeXt,2,ISOTONIC,True,0.8622966235993335,0.8637653878348687,0.9721749591308216,0.03525953815984546,0.015349189913561566,0.02994853814871211,0.19960235922922365,0.7338635210277021,0.4972969439924068,0.8698862195014954,0.32856786251068115,0.8060199618339539,0.3688838481903076,0.6871545910835266,0.8990058302879333,0.038783290343340965,0.028784769258038773,0.091164095371669,0.06940063091482648
RETINAL,ConvNeXt,2,DIRICHLET,True,0.8654742083501284,0.8662103110148711,0.974064615153932,0.026675139858022185,0.005389029927162075,0.02695447296590614,0.194876421556852,0.740164771257531,0.3711758192346718,0.8641060590744019,0.35669630765914917,0.8045779466629028,0.3134537637233734,0.6752602458000183,0.893561601638794,0.039999973436392625,0.03037228449605169,0.09537166900420757,0.06782334384858044
RETINAL,ConvNeXt,2,APEX,True,0.8978152119946164,0.8998568059261978,0.981340140753129,0.0484247457317091,0.023714833731917722,0.029771821346874366,0.16486189472365914,0.7801841403684547,0.3178479914125478,0.8519647534326427,0.42095909329773484,0.8063329951272256,0.31027954608365416,0.6807733378404774,0.8711727664023106,0.026831593353961822,0.0214990401390598,0.06872370266479663,0.05362776025236593
RETINAL,ConvNeXt,2,ABL_no_gate,True,0.8990288042276261,0.9009578066451494,0.9814220638954287,0.053877342514962845,0.02517627599129526,0.031590978272073036,0.16467049369180117,0.7804393417442654,0.3190406837133783,0.8477187807609262,0.43455109836043265,0.8031274240829087,0.2521790551363977,0.677599839954922,0.8665414646876408,0.02699529952250074,0.021796757767091904,0.06732117812061711,0.0473186119873817
RETINAL,ConvNeXt,2,ABL_no_rbf,True,0.8801010931356712,0.8829697518911157,0.9752742907899096,0.10394205149321119,0.07176298970423974,0.05522706292179595,0.21152847261526456,0.717962036512981,0.40366970498088334,0.7775207480023751,0.5889402845833115,0.7348174309820318,0.6740697131633333,0.6114200931821103,0.7998576028709088,0.036110701563968624,0.02871514177764289,0.09817671809256662,0.07413249211356467
RETINAL,ConvNeXt,2,ABL_no_poly,True,0.8976163748490952,0.8994697114070541,0.9812321680572444,0.051590825588446965,0.025120840683807093,0.03052562717774442,0.16413149410188071,0.7811580078641593,0.31749040588437005,0.8538906124373511,0.41305060004344407,0.8081958977977942,0.44841354708343295,0.6826020303151952,0.8731095276824739,0.026904728918026852,0.021572175703124828,0.06591865357643759,0.052050473186119876
RETINAL,ConvNeXt,2,ABL_no_knn,True,0.9011713515270895,0.9026820512386132,0.9800507239002363,0.04608725603054293,0.018551456546034982,0.02767864654965302,0.16624705188566835,0.7783372641524425,0.32127641875893903,0.8568280087507301,0.41122778611347327,0.8092572655815738,0.5584326907130874,0.6974914042835273,0.874210183783516,0.02898485633162073,0.02391855988157634,0.07573632538569425,0.055205047318611984
RETINAL,ConvNeXt,2,ABL_focal,True,0.8953677451647537,0.8977599431755432,0.9806994581888105,0.09592579605328432,0.06833587606059928,0.04799264174538386,0.1813609466923301,0.7581854044102269,0.35533427121010247,0.8027636182576257,0.5440780523028413,0.7636216103803128,0.6778196948450028,0.627873067609701,0.8229338364758111,0.027617062955107678,0.022011178443576935,0.0729312762973352,0.05362776025236593
RETINAL,ConvNeXt,2,TAU_0.60,True,0.8990288042276261,0.9011260318676753,0.9813799550780089,0.051226784306859605,0.024803562571364308,0.03136151436215604,0.16434083091811127,0.7808788921091853,0.31818538726874185,0.8504237489054117,0.4276933308029808,0.8050966575521491,0.41134149119735336,0.6823846771889969,0.8690163072605892,0.02690169378697861,0.02170315203156977,0.06732117812061711,0.050473186119873815
RETINAL,ConvNeXt,2,TAU_0.70,True,0.8978152119946164,0.8998568059261978,0.9813590875419951,0.04898557443244121,0.02247514401673078,0.030853119894817014,0.16464088975260538,0.7804788136631932,0.31808025255412575,0.8514039247319107,0.4240410389800907,0.8058528675164583,0.2765538948220054,0.6803910342048596,0.8705919068387327,0.02694991238333945,0.021617359168437426,0.06732117812061711,0.05362776025236593
RETINAL,ConvNeXt,2,TAU_0.80,True,0.8978152119946164,0.8998568059261978,0.9813540953045901,0.04949291617613099,0.02455384029483207,0.030459979338451845,0.16464626332514407,0.7804716488998082,0.31781724444626763,0.8519506532560976,0.4216970237073297,0.80636313193593,0.31027954608365416,0.6805027524546409,0.8711874443698655,0.026849094727401483,0.02151654151249946,0.06872370266479663,0.05362776025236593
RETINAL,ConvNeXt,2,TAU_0.85,True,0.8978152119946164,0.8998568059261978,0.981340140753129,0.0484247457317091,0.023714833731917722,0.029771821346874366,0.16486189472365914,0.7801841403684547,0.3178479914125478,0.8519647534326427,0.42095909329773484,0.8063329951272256,0.31027954608365416,0.6807733378404774,0.8711727664023106,0.026831593353961822,0.0214990401390598,0.06872370266479663,0.05362776025236593
RETINAL,ConvNeXt,2,TAU_0.90,True,0.8990288042276261,0.9010480571343208,0.9813593098617338,0.04984366286574632,0.02363885432203943,0.03014824152733104,0.16475758433498716,0.780323220886684,0.31753576224437446,0.8518068703465248,0.42052115774241977,0.8063766411241072,0.31027954608365416,0.6821257309742075,0.870581114058588,0.02662199979031137,0.02142345803490253,0.06872370266479663,0.055205047318611984
RETINAL,ConvNeXt,2,TAU_0.95,True,0.8990288042276261,0.9010480571343208,0.9813082265652848,0.05015182099177475,0.02367288114941637,0.030069254086073378,0.16506675172825278,0.7799109976956633,0.3179576653783287,0.8514987122204963,0.42072659572929144,0.8060343966494116,0.31027954608365416,0.6822527188584381,0.8702248095252619,0.026710989639976954,0.021512447884568117,0.06872370266479663,0.055205047318611984
RETINAL,ConvNeXt,2,FAIR_rbf_svm,True,0.8979923612819983,0.8993928894579976,0.9795241120041847,0.03466029196200272,0.013611971664729187,0.0256718515146807,0.16668411760839708,0.7777545098554709,0.3220258456981451,0.868567906470743,0.3639529671386727,0.819081221617025,0.3683511797795888,0.7061816697495523,0.8867879610818163,0.02909284987166779,0.023760296656765767,0.07433380084151472,0.056782334384858045
RETINAL,ConvNeXt,2,FAIR_poly_svm,True,0.8430352304699275,0.8455603722265272,0.9578283876419409,0.0786201123154169,0.042759945310705864,0.04715647025684388,0.2510126741680583,0.6653164344425895,0.5644868465650352,0.7848815419160735,0.5606219552694821,0.7238186310857441,0.33062944127827654,0.6229434660646024,0.8148969700260622,0.0685968869882561,0.055580557665351485,0.12903225806451613,0.10094637223974763
RETINAL,ConvNeXt,2,FAIR_knn,True,0.8252456139614248,0.8286605857951075,0.9576252508129338,0.08902890451512485,0.05893101274388274,0.05994349379297142,0.2695988837734951,0.6405348216353404,1.4013351843638762,0.7869617507402276,0.4394873313408252,0.7247709812263688,0.29250716640090524,0.6294432062385067,0.8195683292063374,0.06274792525482863,0.04701242201368584,0.14586255259467037,0.10567823343848579
RETINAL,ConvNeXt,2,FAIR_equal_blend,True,0.8877568932988674,0.8899819447864473,0.9788712075706925,0.09245545314057564,0.06600573377388792,0.0497953315063313,0.1919808481049441,0.7440255358600749,0.3696406662706964,0.7965735506425266,0.5454439131562413,0.7558902779763799,0.6904292001460859,0.6234587060213873,0.8181822120987821,0.030571369243223425,0.02410284408617063,0.07713884992987377,0.06466876971608833
RETINAL,ConvNeXt,2,ABL_no_descriptors,True,0.8932035571845818,0.8950184323072747,0.9807565167988836,0.04243233811278986,0.019724339484302564,0.030530936942984054,0.16546099725291766,0.7793853369961101,0.31872109306136037,0.8535011522251953,0.418452804763202,0.8064728612334974,0.6372965028298321,0.6817752605084182,0.8738466739518658,0.027534085020560095,0.02164777478036022,0.07152875175315568,0.04889589905362776
RETINAL,ConvNeXt,3,BASE,True,0.8455835455582998,0.8494254501995134,0.9678621593622445,0.08107333195314732,0.047566658159281835,0.05510845613280666,0.2439735271287064,0.6747019638283919,0.467212129036134,0.770703136920929,0.5908154845237732,0.7172588109970093,0.21178913116455078,0.6063655018806458,0.7994316816329956,0.053499933562864484,0.041741095307351664,0.12201963534361851,0.08990536277602523
RETINAL,ConvNeXt,3,MC_DROPOUT,True,0.8482189807801761,0.8521482895739453,0.9682221602894949,0.09337469431821815,0.059187334084230554,0.056313422492095776,0.24658856680531335,0.6712152442595827,0.47178799464922383,0.7603453397750854,0.615390956401825,0.7090533375740051,0.2351986573022955,0.6006060838699341,0.7877157330513,0.052904972168046606,0.041550322342437475,0.12201963534361851,0.08990536277602523
RETINAL,ConvNeXt,3,TEMP_SCALE,True,0.8455835455582998,0.8494254501995134,0.9676917598562509,0.04649739006879502,0.014066879903912078,0.04515077879512624,0.23234802371028654,0.6902026350529518,0.449261873706041,0.8196923136711121,0.4665779173374176,0.7557953596115112,0.20278068383534753,0.6579154133796692,0.8479732871055603,0.052623313467980666,0.040864475212467846,0.11640953716690042,0.08990536277602523
RETINAL,ConvNeXt,3,VEC_SCALE,True,0.8492106117678705,0.8504960500942012,0.9695628826215426,0.03351731488286705,0.007216680191993927,0.029600548045985782,0.21736915780628935,0.7101744562582812,0.4096420623345834,0.8369203934712178,0.41930034853456544,0.7754792178046788,0.3364658677820079,0.6485560594831961,0.8698492696350496,0.04038350145854727,0.028624663203034452,0.1093969144460028,0.08201892744479496
RETINAL,ConvNeXt,3,ISOTONIC,True,0.8583492373892188,0.8596904308217324,0.9674415547304545,0.04215436444757565,0.013737276894811227,0.03244669376951754,0.2138647527711379,0.7148469963051498,0.424119153466763,0.864676833152771,0.37804552912712097,0.7914605140686035,0.37686973810195923,0.7139514088630676,0.8889517784118652,0.048108315170419955,0.03792161393279931,0.10238429172510521,0.07886435331230285
RETINAL,ConvNeXt,3,DIRICHLET,True,0.8529990281458942,0.8542829031380277,0.9690023117519566,0.02676661265602931,0.008030312392421933,0.024729306704786326,0.21470872912727576,0.713721694496966,0.4067652181461255,0.8381633758544922,0.41864487528800964,0.7769241333007812,0.670815110206604,0.6532332301139832,0.8695306181907654,0.03933223839906962,0.028176887391382247,0.10799438990182328,0.07886435331230283
RETINAL,ConvNeXt,3,APEX,True,0.8650454186750409,0.8682528445271721,0.9760147298240827,0.04641376858405744,0.022138741456754516,0.03527614715012798,0.20023806535576866,0.7330159128589755,0.37662124418789605,0.8258777264166608,0.4814560669292466,0.770520410951217,0.6251070971690638,0.6545631029525973,0.8520231267999844,0.03436539255891067,0.025101182787509134,0.09256661991584852,0.07255520504731862
RETINAL,ConvNeXt,3,ABL_no_gate,True,0.8737118838335524,0.8766124413490635,0.9773925038662532,0.06083538479161568,0.033355301548778755,0.03642069016565229,0.19768930596857068,0.7364142587085728,0.3754813024389229,0.8155832785122936,0.5091442041208077,0.7643797301319284,0.6371255703304921,0.6507815566590106,0.8388215069175048,0.03274138700593291,0.024691757125637967,0.09396914446002805,0.06782334384858044
RETINAL,ConvNeXt,3,ABL_no_rbf,True,0.8271699739535788,0.8329389376831863,0.9686577953371778,0.05797728281354721,0.02854586182053167,0.047311209431006376,0.24497689894543387,0.6733641347394219,0.45196425313187577,0.7773320767498595,0.5773557128447404,0.7193586970426085,0.3564042836064904,0.5980454499910882,0.813787931052857,0.04784407983290078,0.03258083098592689,0.1276297335203366,0.10094637223974763
RETINAL,ConvNeXt,3,ABL_no_poly,True,0.8650454186750409,0.8682528445271721,0.9761316034527743,0.039239525205758595,0.019153104468313833,0.036193352382348436,0.19905011439605388,0.7345998474719285,0.37450113142156155,0.8294686298671826,0.4671840844516623,0.7739806038723144,0.13167902978022444,0.6553564813480542,0.8560409781150147,0.03375872068641667,0.024494510915015137,0.091164095371669,0.07097791798107256
RETINAL,ConvNeXt,3,ABL_no_knn,True,0.8687444467246264,0.8715197000793464,0.973906075896182,0.033425661867406364,0.012057404105636153,0.02822323385722199,0.20126582505975266,0.7316455665869968,0.3805246274109083,0.8379488652448258,0.4602277574197153,0.7781191302167685,0.17591309236122477,0.6809270904525505,0.8611271880072165,0.03727468588233654,0.02854195475815006,0.10098176718092566,0.07097791798107256
RETINAL,ConvNeXt,3,ABL_focal,True,0.8602884176130038,0.8647296645132994,0.9739702885883035,0.07661252987591054,0.04950928362372052,0.05160117583695774,0.22042179625974107,0.706104271653679,0.41457548192598376,0.7871957929488058,0.5626000692641372,0.7366196704315933,0.4030542493479574,0.6172974334898108,0.8139826875788372,0.03877416551132161,0.028961980961308746,0.09817671809256662,0.083596214511041
RETINAL,ConvNeXt,3,TAU_0.60,True,0.8689003660920392,0.8718191329914712,0.9762147438511031,0.053224179688875176,0.026391146873210376,0.03681733001613107,0.19972545395521057,0.7336993947263862,0.37794585019653093,0.8233278446729311,0.49254269785901533,0.7681969943633119,0.6362694093476838,0.6592530069474003,0.8475472852633856,0.03441942754740096,0.025686696423214483,0.09396914446002805,0.07097791798107256
RETINAL,ConvNeXt,3,TAU_0.70,True,0.8663543191986012,0.8695098177932175,0.9761333561347749,0.049642415316756505,0.022660262276186078,0.034886214179156765,0.19990417332296498,0.7334611022360471,0.37750007219499815,0.8251873029793986,0.4864916695818439,0.7697183145482216,0.6295231783423021,0.6566047595575741,0.8506337246279759,0.03432594581573703,0.02524072494732986,0.09256661991584852,0.07097791798107256
RETINAL,ConvNeXt,3,TAU_0.80,True,0.8650454186750409,0.8682528445271721,0.9761063514041938,0.04727732639561394,0.022878218407260884,0.03505851683823993,0.20029140885678054,0.7329447881909597,0.3766194915099444,0.8261616009898654,0.4820226761304241,0.7705020688075293,0.6251070971690638,0.6553740934802859,0.8522265548975775,0.034400867942670124,0.02513665817126859,0.09256661991584852,0.07097791798107256
RETINAL,ConvNeXt,3,TAU_0.85,True,0.8650454186750409,0.8682528445271721,0.9760147298240827,0.04641376858405744,0.022138741456754516,0.03527614715012798,0.20023806535576866,0.7330159128589755,0.37662124418789605,0.8258777264166608,0.4814560669292466,0.770520410951217,0.6251070971690638,0.6545631029525973,0.8520231267999844,0.03436539255891067,0.025101182787509134,0.09256661991584852,0.07255520504731862
RETINAL,ConvNeXt,3,TAU_0.90,True,0.8650454186750409,0.8682528445271721,0.9760242129005492,0.04681091629100165,0.022405516026319985,0.03568637492852976,0.2002050073287864,0.7330599902282852,0.37637401430977013,0.8254805787097165,0.48232860081337753,0.7701693962811732,0.6251070971690638,0.6541757694937715,0.8516244812790105,0.034271056035108556,0.02500684626370702,0.09256661991584852,0.07255520504731862
RETINAL,ConvNeXt,3,TAU_0.95,True,0.8650454186750409,0.8682528445271721,0.9758693097236903,0.04896515592539778,0.02182174683660018,0.03561189875275805,0.20067812289700826,0.732429169470656,0.3773548192083007,0.8247535203293616,0.4832425996391269,0.7695367662111601,0.7004913224621705,0.6537810000959138,0.850846710190571,0.03437502312418056,0.025110813352779024,0.09256661991584852,0.07413249211356467
RETINAL,ConvNeXt,3,FAIR_rbf_svm,True,0.8648957048376522,0.8673707563705828,0.9728246101758126,0.03684916877784132,0.01139089973509996,0.026782116312559924,0.20416545645853504,0.7277793913886204,0.38181882069232276,0.8593933162682117,0.3852726391009012,0.7939704572079084,0.3165209071490994,0.7040433098450353,0.8831022562019814,0.03846359769379346,0.029199387922391927,0.10518934081346423,0.07413249211356467
RETINAL,ConvNeXt,3,FAIR_poly_svm,True,0.8183716181466515,0.8229199812361047,0.9531049840461635,0.06769258048027443,0.03142091264684418,0.04475603370670932,0.27884672517278314,0.6282043664362896,0.5869687117690395,0.7671328398013696,0.5869102080904502,0.7016271601037004,0.18548893624274826,0.5953219103193796,0.8049312442874075,0.07520690199406534,0.05775789356889162,0.15007012622720897,0.1277602523659306
RETINAL,ConvNeXt,3,FAIR_knn,True,0.7804679040068007,0.786229097697065,0.9409112974368099,0.07618676476886692,0.04509449973404243,0.05476368621823828,0.3089706842477505,0.5880390876696666,1.783016376422306,0.7886938420901871,0.44442296095142725,0.7042202739122927,0.21274742493903284,0.6293317687156732,0.8321794800896531,0.07586018744593884,0.0509021157977197,0.16690042075736328,0.13091482649842273
RETINAL,ConvNeXt,3,FAIR_equal_blend,True,0.8552311954750901,0.8589846033786308,0.9709792134870268,0.07155760483663778,0.041254938529146204,0.043640015529721264,0.2255939121192712,0.6992081171743054,0.42451814912121816,0.7862488703505264,0.5648871668040778,0.7332726304079678,0.2041818890076263,0.6174320148592898,0.8143022595718642,0.04210992286913624,0.031347592439842885,0.10799438990182328,0.08517350157728706
RETINAL,ConvNeXt,3,ABL_no_descriptors,True,0.8660975828580183,0.8692597933321915,0.9751903931288692,0.0654885064638377,0.03462022997021889,0.03712882712433518,0.2038267112894887,0.7282310516140154,0.38193166915933563,0.8223473408665046,0.4872617807015652,0.7664858236283288,0.3080820514157703,0.6594935558574521,0.8469290442640975,0.035582905163607625,0.026497684295200455,0.0967741935483871,0.0804416403785489
RETINAL,ConvNeXt,4,BASE,True,0.8385889711359562,0.8417887318205617,0.9670999532807064,0.0499361858449199,0.014857364483120689,0.05649043826240519,0.24375292143101465,0.6749961047586476,0.4619425370036246,0.8038086295127869,0.5278293490409851,0.7361039519309998,0.29751086235046387,0.6577837467193604,0.8306563496589661,0.06097775962590618,0.04814243016741961,0.125,0.09794628751974724
RETINAL,ConvNeXt,4,MC_DROPOUT,True,0.8369101062385951,0.8401819121432336,0.9676102791072302,0.06081473014571448,0.028854427293706013,0.060116296025543386,0.2456715862398577,0.6724378850135235,0.46572376276899835,0.7919495105743408,0.5560297966003418,0.7271936535835266,0.30883869528770447,0.6430689692497253,0.819585919380188,0.060731063308649365,0.04768089031188601,0.12780898876404495,0.09636650868878358
RETINAL,ConvNeXt,4,TEMP_SCALE,True,0.8385889711359562,0.8417887318205617,0.9669696231932337,0.03184200966297976,0.008542354268316845,0.05081368095360255,0.23982476721163215,0.6802336437178242,0.45845575364602026,0.8425230383872986,0.42618608474731445,0.7648814916610718,0.30811119079589844,0.7028086185455322,0.8682104349136353,0.060383276950855186,0.04754794749236862,0.125,0.09794628751974724
RETINAL,ConvNeXt,4,VEC_SCALE,True,0.8680880616870161,0.869051163658808,0.9687096253754941,0.03286528817223628,0.00871332852405396,0.024139626917149132,0.20354654464702793,0.7286046071372965,0.39794428735439447,0.8696111367738456,0.34271698209169277,0.8038888047339965,0.16656888993301144,0.7179202160928795,0.8925411596674802,0.04567077080983852,0.03656204634810886,0.10252808988764045,0.06951026856240126
RETINAL,ConvNeXt,4,ISOTONIC,True,0.8674413725335823,0.870169156858047,0.9661196045661538,0.039363912109172686,0.014170088953888334,0.03259156341958472,0.20542305744557915,0.7261025900725615,0.5145188074864684,0.8753198385238647,0.3241426944732666,0.8074146509170532,0.3966251611709595,0.7326132655143738,0.8966532945632935,0.051807500314135516,0.04287639853678289,0.09971910112359549,0.07740916271721957
RETINAL,ConvNeXt,4,DIRICHLET,True,0.8622813935285915,0.8630861561737573,0.9686531314352831,0.031012408360086324,0.009874873768445598,0.025469174765278543,0.20703862819952887,0.7239484957339619,0.3974401553736005,0.8687159419059753,0.3483114540576935,0.8011772036552429,0.1727611482143402,0.7137855887413025,0.8934412598609924,0.04657956374393914,0.036555144127572915,0.11095505617977527,0.07424960505529225
RETINAL,ConvNeXt,4,APEX,True,0.8841310992968918,0.8858592508807281,0.9774333730551925,0.033219998923568306,0.007019349488821158,0.032021991760986385,0.1823457234963338,0.7568723686715553,0.3438862006230119,0.8518810111774419,0.4201359864297786,0.796760799696902,0.23111159289108563,0.6959673394611752,0.8721208744102238,0.03356967796452315,0.026627863702129995,0.08286516853932584,0.0631911532385466
RETINAL,ConvNeXt,4,ABL_no_gate,True,0.8841310992968918,0.8858592508807281,0.9774333730551925,0.0332199989235683,0.007019349488821153,0.032021991760986385,0.1823457234963338,0.7568723686715553,0.3438862006230119,0.8518810111774419,0.4201359864297786,0.796760799696902,0.23111159289108563,0.6959673394611752,0.8721208744102238,0.03356967796452315,0.026627863702129995,0.08286516853932584,0.0631911532385466
RETINAL,ConvNeXt,4,ABL_no_rbf,True,0.8558021228553175,0.8589754482629393,0.9729279884429143,0.09575463950494018,0.06464608789992743,0.05547612774667505,0.22058468686556743,0.7058870841792438,0.42445637313958356,0.775089902259599,0.5896456028713494,0.7290517265227643,0.3018707043536516,0.5768988967123251,0.8073941630756745,0.039022117829023734,0.028618498481814428,0.09550561797752809,0.06635071090047394
RETINAL,ConvNeXt,4,ABL_no_poly,True,0.8841310992968918,0.8858592508807281,0.9774081913318424,0.032324172523357245,0.007529491904759159,0.03174242282462542,0.18237593797085339,0.7568320827055292,0.34382015492939577,0.8527768375776528,0.4160648553965173,0.7974998608166992,0.23019714300456218,0.6970960286821004,0.8729864718280027,0.03364140460453526,0.02669959034214211,0.08286516853932584,0.0631911532385466
RETINAL,ConvNeXt,4,ABL_no_knn,True,0.890430307583544,0.8921455412396605,0.9770462827580598,0.03332301913615919,0.010231033279905601,0.025125392932072974,0.18322148149803494,0.7557046913359537,0.3442287368052855,0.8612052345149478,0.40019589288340085,0.8035062712123288,0.23522998141028262,0.72508580548092,0.8777863547655516,0.034360648081970535,0.028170895889750223,0.08426966292134831,0.0631911532385466
RETINAL,ConvNeXt,4,ABL_focal,True,0.8823067879909381,0.8846060745977393,0.9772877513397831,0.08885305263879503,0.06304580147647011,0.04854881291258736,0.19460641010782914,0.7405247865228948,0.3778221078188144,0.7965375047397386,0.5527911197964347,0.7535622253257995,0.2710268581697928,0.6160121151343328,0.8202636988021635,0.03270644511018209,0.02560882513894554,0.08286516853932584,0.05845181674565561
RETINAL,ConvNeXt,4,TAU_0.60,True,0.8841310992968918,0.8858592508807281,0.9774333730551925,0.033219998923568306,0.007019349488821158,0.032021991760986385,0.1823457234963338,0.7568723686715553,0.3438862006230119,0.8518810111774419,0.4201359864297786,0.796760799696902,0.23111159289108563,0.6959673394611752,0.8721208744102238,0.03356967796452315,0.026627863702129995,0.08286516853932584,0.0631911532385466
RETINAL,ConvNeXt,4,TAU_0.70,True,0.8841310992968918,0.8858592508807281,0.9774333730551925,0.033219998923568306,0.007019349488821158,0.032021991760986385,0.1823457234963338,0.7568723686715553,0.3438862006230119,0.8518810111774419,0.4201359864297786,0.796760799696902,0.23111159289108563,0.6959673394611752,0.8721208744102238,0.03356967796452315,0.026627863702129995,0.08286516853932584,0.0631911532385466
RETINAL,ConvNeXt,4,TAU_0.80,True,0.8841310992968918,0.8858592508807281,0.9774333730551925,0.033219998923568306,0.007019349488821158,0.032021991760986385,0.1823457234963338,0.7568723686715553,0.3438862006230119,0.8518810111774419,0.4201359864297786,0.796760799696902,0.23111159289108563,0.6959673394611752,0.8721208744102238,0.03356967796452315,0.026627863702129995,0.08286516853932584,0.0631911532385466
RETINAL,ConvNeXt,4,TAU_0.85,True,0.8841310992968918,0.8858592508807281,0.9774333730551925,0.033219998923568306,0.007019349488821158,0.032021991760986385,0.1823457234963338,0.7568723686715553,0.3438862006230119,0.8518810111774419,0.4201359864297786,0.796760799696902,0.23111159289108563,0.6959673394611752,0.8721208744102238,0.03356967796452315,0.026627863702129995,0.08286516853932584,0.0631911532385466
RETINAL,ConvNeXt,4,TAU_0.90,True,0.8841310992968918,0.8858592508807281,0.9774333730551925,0.033219998923568306,0.007019349488821158,0.032021991760986385,0.1823457234963338,0.7568723686715553,0.3438862006230119,0.8518810111774419,0.4201359864297786,0.796760799696902,0.23111159289108563,0.6959673394611752,0.8721208744102238,0.03356967796452315,0.026627863702129995,0.08286516853932584,0.0631911532385466
RETINAL,ConvNeXt,4,TAU_0.95,True,0.8841310992968918,0.8858592508807281,0.9774333730551925,0.033219998923568306,0.007019349488821158,0.032021991760986385,0.1823457234963338,0.7568723686715553,0.3438862006230119,0.8518810111774419,0.4201359864297786,0.796760799696902,0.23111159289108563,0.6959673394611752,0.8721208744102238,0.03356967796452315,0.026627863702129995,0.08286516853932584,0.0631911532385466
RETINAL,ConvNeXt,4,FAIR_rbf_svm,True,0.8840583760925955,0.8856403028861908,0.9759924502975619,0.03152939196246995,0.004464423957969598,0.02508112054286231,0.18513345793879457,0.7531553894149409,0.3482786982925605,0.8708751690462988,0.3622365342087381,0.8107402904519545,0.17702842701584232,0.7237364091555134,0.8899759210435333,0.03631141057279578,0.029369596310402625,0.08426966292134831,0.06477093206951026
RETINAL,ConvNeXt,4,FAIR_poly_svm,True,0.8322457617352111,0.8335018862424148,0.9565121787663757,0.08432219184955878,0.04867699615472922,0.04880435957055748,0.2567822512792517,0.6576236649609982,0.584207145038443,0.7796955850436562,0.5643304727024799,0.7193813977962286,0.29999254347552,0.6023869970482276,0.8154801710882572,0.07459013328447282,0.05952096942938556,0.1306179775280899,0.10110584518167456
RETINAL,ConvNeXt,4,FAIR_knn,True,0.7886546318764542,0.7896142928620313,0.9455462434587933,0.09395737090090692,0.06157277024325484,0.061715133505067174,0.30476774843721427,0.5936430020837149,1.785921943090786,0.7710602113775226,0.4690514327650615,0.6981413407555301,0.34257954579597366,0.601347910658598,0.8153799841767321,0.07153816919548943,0.04831322403027877,0.17134831460674166,0.12006319115323863
RETINAL,ConvNeXt,4,FAIR_equal_blend,True,0.8737867249269305,0.8754773172307155,0.9754316087870888,0.08921300279661266,0.06085247345231245,0.049095491878224574,0.20476421684528168,0.7269810442062914,0.3944960274779289,0.7857869972033873,0.5671932181741663,0.7427543430012384,0.2433233210550787,0.597198557960631,0.8127282028094954,0.03375626684045797,0.025517356830869267,0.08848314606741572,0.05529225908372828
RETINAL,ConvNeXt,4,ABL_no_descriptors,True,0.8867509946322379,0.8883269989924893,0.9783439903912798,0.04506261412813172,0.020014707410937624,0.02934388995130236,0.1804542658215235,0.7593943122379689,0.34248796860996383,0.8462144378054052,0.4284385713596499,0.7942593365971599,0.3614281414201569,0.6847772204708317,0.8666524354480469,0.03234801214294774,0.02571240832794899,0.0800561797752809,0.06003159557661927
RETINAL,ConvNeXt,5,BASE,True,0.8313264307808558,0.8329438840333369,0.9613785149935461,0.06844870433813392,0.03149818959119063,0.04484219160583574,0.25675260320551624,0.6576631957259789,0.4776471781582261,0.7744251489639282,0.5842844843864441,0.7121545076370239,0.7013854086399078,0.6250201463699341,0.804034948348999,0.06583828511010013,0.05123112359940722,0.13623595505617977,0.11058451816745656
RETINAL,ConvNeXt,5,MC_DROPOUT,True,0.8324064165294974,0.8340809076559663,0.962420725676554,0.07303311186607439,0.03606334703176746,0.047184345856276025,0.25869059163138025,0.6550792111581601,0.47998930978572,0.7628255486488342,0.6100960373878479,0.703765869140625,0.6811849772930145,0.6143360733985901,0.7919849753379822,0.06405179799706708,0.0496727709476349,0.13904494382022473,0.11216429699842022
RETINAL,ConvNeXt,5,TEMP_SCALE,True,0.8313264307808558,0.8329438840333369,0.961235069245685,0.045369853500766,0.01610280393068317,0.035137399732702024,0.2486349078484134,0.6684867895354492,0.4659989512808011,0.8346217274665833,0.4310699701309204,0.7571238279342651,0.6833919882774353,0.6885504722595215,0.8635707497596741,0.06416233257870117,0.04955517106800826,0.13623595505617977,0.10584518167456557
RETINAL,ConvNeXt,5,VEC_SCALE,True,0.8191610759912545,0.8185788158409607,0.9607097558478712,0.048933582185744146,0.023123608573845326,0.031178902132174054,0.2550216533711191,0.6599711288385084,0.4738432863020322,0.853082715977043,0.3822809565675124,0.7673122288364903,0.31256191008903306,0.6937018330339114,0.8882005376424789,0.06338179984281322,0.04588719700250751,0.13202247191011235,0.11058451816745656
RETINAL,ConvNeXt,5,ISOTONIC,True,0.8297043880423728,0.8301203839380383,0.9620987754955779,0.02962316915091842,0.010301059835142935,0.023903281583654748,0.23803196384840838,0.6826240482021226,0.5033729899984991,0.8563340902328491,0.37567138671875,0.77734375,0.31828728318214417,0.7002720832824707,0.8878307342529297,0.058744615560237856,0.043675451705150595,0.12640449438202245,0.09478672985781991
RETINAL,ConvNeXt,5,DIRICHLET,True,0.8352287752943912,0.8348773484857769,0.9619388756180602,0.038299121301282525,0.013119187052355989,0.032677548572966696,0.2514200707865158,0.6647732389513128,0.46115965248340535,0.8535460829734802,0.38672563433647156,0.7677152752876282,0.12516984343528748,0.7198066115379333,0.8798090815544128,0.06156310295948019,0.047184075910048015,0.13342696629213482,0.11374407582938388
RETINAL,ConvNeXt,5,APEX,True,0.8592765316037516,0.8612420600801407,0.9743424610480272,0.03998875473324272,0.016934825321239487,0.034408235835662444,0.20494558721255265,0.7267392170499302,0.37862949476414015,0.8339199984729312,0.45803873184440325,0.7753702744453586,0.32722494917578226,0.6630734509407153,0.8611854064978381,0.04015353597697906,0.030129116360612836,0.10674157303370786,0.07109004739336493
RETINAL,ConvNeXt,5,ABL_no_gate,True,0.859181223313201,0.8614140022470813,0.9738474945498266,0.042065920359291416,0.020597389444775356,0.03224226635420001,0.20574275472854056,0.725676327028613,0.3830445013541071,0.8213734424608031,0.487809657872908,0.7662555815098816,0.14192226657301021,0.6485935196919171,0.8489473979246518,0.041585740729238214,0.03156132111287199,0.10393258426966293,0.06951026856240126
RETINAL,ConvNeXt,5,ABL_no_rbf,True,0.8184648592946444,0.8218406332874764,0.966293865764055,0.06199239282947092,0.02961513509725362,0.04621819715833183,0.24817487605772284,0.66910016525637,0.4588397185293309,0.7737009256346356,0.5870885193480094,0.7155419482983606,0.14513394446429878,0.5886202354069016,0.8134421781375232,0.05424796531365642,0.03750128657719954,0.12640449438202248,0.09794628751974724
RETINAL,ConvNeXt,5,ABL_no_poly,True,0.8591730027487807,0.8612495001538851,0.9746904311123152,0.03619714194850804,0.012011608623346003,0.0314207633598663,0.20399665857110605,0.7280044552385256,0.3760436635292998,0.8372630933736013,0.4454843715011841,0.7782925593491749,0.32491539463491104,0.6666822038998528,0.8644861050172891,0.039731855058541155,0.029707435442174933,0.10955056179775281,0.0679304897314376
RETINAL,ConvNeXt,5,ABL_no_knn,True,0.8592765316037516,0.8613151004605748,0.9736334559832871,0.0354209755968244,0.018478078920708747,0.02752954033723906,0.2061159232889386,0.7251787689480822,0.3803135013775001,0.839977378683942,0.4440875461533315,0.7789947107805806,0.29317425978266415,0.6723222567430978,0.8667334669585424,0.04095903701211451,0.030934617395748286,0.10814606741573034,0.07266982622432859
RETINAL,ConvNeXt,5,ABL_focal,True,0.8577171997740731,0.8603417308021,0.9731397287788448,0.07101657600881538,0.04126792400297877,0.04643144682130985,0.21890706624361633,0.7081239116751786,0.41054425577814185,0.7913075984508061,0.5516357079887076,0.7402425078331373,0.2989032272232449,0.6264312957609695,0.817900550497554,0.04357905437559442,0.03336596057288483,0.10955056179775281,0.07898894154818326
RETINAL,ConvNeXt,5,TAU_0.60,True,0.8631161454483021,0.8652696525868476,0.9735229976717823,0.04780542390306717,0.020188668863667998,0.03130086755153742,0.20578903888743338,0.7256146148167559,0.38227231038562487,0.8293510047060787,0.47205585650825893,0.7709440632059366,0.16600047107283133,0.6703277334688068,0.853923113672771,0.04183852459725146,0.032369046457651714,0.10674157303370786,0.07266982622432859
RETINAL,ConvNeXt,5,TAU_0.70,True,0.8617037160697711,0.863754501071696,0.9739130501057778,0.044176468333149706,0.017060690766927136,0.03408063678912451,0.20483085572683704,0.7268921923642176,0.380248447633989,0.8323772185463413,0.46463054772325324,0.773690544386001,0.32722494917578226,0.6701205323217977,0.8577224235478393,0.04137111274802321,0.03171849826445639,0.10674157303370786,0.07109004739336493
RETINAL,ConvNeXt,5,TAU_0.80,True,0.8604901238367613,0.8625728768618692,0.9742397073990279,0.04519026799118728,0.019438745242807802,0.035214707486448046,0.2045439396239934,0.7272747471680092,0.37849924937871837,0.8343988433707378,0.45896856018828897,0.7754646436548461,0.32722494917578226,0.6670485870531216,0.8608225680524666,0.040799031998361567,0.03096143792080925,0.10533707865168539,0.07109004739336493
RETINAL,ConvNeXt,5,TAU_0.85,True,0.8592765316037516,0.8612420600801407,0.9743424610480272,0.03998875473324272,0.016934825321239487,0.034408235835662444,0.20494558721255265,0.7267392170499302,0.37862949476414015,0.8339199984729312,0.45803873184440325,0.7753702744453586,0.32722494917578226,0.6630734509407153,0.8611854064978381,0.04015353597697906,0.030129116360612836,0.10674157303370786,0.07109004739336493
RETINAL,ConvNeXt,5,TAU_0.90,True,0.8591730027487807,0.8612495001538851,0.9735948949979232,0.041247280797079636,0.019487392384419547,0.035129092162854876,0.2053271218193269,0.7262305042408979,0.38132742059841523,0.8327913548702512,0.45917953800415795,0.7746132551922078,0.32722494917578226,0.6618386299995632,0.8600737077412688,0.04178830993443121,0.03176389031806499,0.10533707865168539,0.06951026856240126
RETINAL,ConvNeXt,5,TAU_0.95,True,0.8590694738938098,0.8611743909563547,0.9733640648375108,0.042565090450195894,0.020763172727102843,0.03615032529628368,0.20507043397751812,0.726572754696643,0.38221982409435046,0.8317317001387765,0.4606950219622526,0.7741686470895804,0.32722494917578226,0.6589139643168852,0.8593116901894153,0.042277967608949876,0.032253547992583655,0.10533707865168539,0.0679304897314376
RETINAL,ConvNeXt,5,FAIR_rbf_svm,True,0.8467445075636424,0.8483937848859964,0.9714535664012214,0.022888043419670843,0.005451134075036201,0.026424359994486293,0.2090021569038421,0.7213304574615442,0.39051925319925235,0.8590341642714641,0.37093902231175774,0.7936931953547576,0.38144014928071884,0.6749772752494109,0.8915791416765523,0.04599245924051055,0.03399765872508884,0.10533707865168539,0.07424960505529225
RETINAL,ConvNeXt,5,FAIR_poly_svm,True,0.8200301965725102,0.8215490765454282,0.9501041075524084,0.06917860325075958,0.03570092241446543,0.037838927973632176,0.2779489706707593,0.6294013724389881,0.6221355473352278,0.781182176176674,0.5677700182215614,0.708212680232887,0.18883185182661277,0.6323862306393637,0.8131322258319246,0.0843268939946058,0.06758021525814892,0.1502808988764045,0.11848341232227488
RETINAL,ConvNeXt,5,FAIR_knn,True,0.7654453860108972,0.7686191801887094,0.9351698555025892,0.08041420585962318,0.05010110787216539,0.06040252971153845,0.33119265610309695,0.5584097918625379,2.1028770701065853,0.7709631384585471,0.4729762033220487,0.683605083474449,0.32658662824050355,0.6242243495951005,0.8144324032446091,0.0979899649184408,0.06947804052928108,0.19522471910112354,0.1421800947867298
RETINAL,ConvNeXt,5,FAIR_equal_blend,True,0.8416862260837232,0.8435972138853993,0.9688712174211216,0.06865349760451457,0.03827245989683181,0.04702122249190578,0.23181054072307158,0.6909192790359049,0.4377229024538612,0.7816632196215078,0.5669360659199468,0.7285036530206985,0.20338853257460127,0.6086341290069449,0.8134757430080417,0.04934770259091753,0.03651237313243096,0.12219101123595505,0.08056872037914692
RETINAL,ConvNeXt,5,ABL_no_descriptors,True,0.8483940722815125,0.8501381049606099,0.9741709052087266,0.035311469944519155,0.012402943948583836,0.032687277611091185,0.2096147484755435,0.7205136686992757,0.3826377417902476,0.8298664310099558,0.4668391960665701,0.7704507524821745,0.21563575896549395,0.6499410349711682,0.8613667228980523,0.04161127540764584,0.029821909847256977,0.10533707865168539,0.07582938388625593
RETINAL,MobileNetV3,1,BASE,True,0.7802859134733208,0.7807183019712398,0.9401791449396822,0.031114504624435293,0.004559373935424652,0.04173898603649714,0.3218348644781707,0.5708868473624396,0.5925527391584464,0.762595534324646,0.6181050539016724,0.6709595322608948,0.19699084758758545,0.6408919095993042,0.7960542440414429,0.09249376815802952,0.06722963109962422,0.18513323983169705,0.15930599369085174
RETINAL,MobileNetV3,1,MC_DROPOUT,True,0.7709069281598436,0.771275295796781,0.9393040264348469,0.028772849979496824,0.0013530611439850917,0.04439066818705084,0.3238707103335164,0.5681723862219787,0.5966837938321418,0.7557915449142456,0.6339644193649292,0.6654863953590393,0.28921106457710266,0.6269567012786865,0.7930803298950195,0.09384390107469447,0.06638035577505798,0.1879382889200561,0.1640378548895899
RETINAL,MobileNetV3,1,TEMP_SCALE,True,0.7802859134733208,0.7807183019712398,0.9400871875929282,0.05355421903755743,0.01786964799863955,0.048347843751607264,0.32317865205836166,0.5690951305888516,0.6041556262722904,0.8152680397033691,0.4831097424030304,0.7060087323188782,0.22454715371131895,0.698081910610199,0.847484827041626,0.09178846723641519,0.06652433017800989,0.18513323983169705,0.15772870662460567
RETINAL,MobileNetV3,1,VEC_SCALE,True,0.7821502810170851,0.7830755540513122,0.9397912395121584,0.048873616296939884,0.015568936195713519,0.03697723296384929,0.3151258934158735,0.5798321421121693,0.5844213231342148,0.8218941178624748,0.456729376084285,0.7158543261353522,0.31652288200053036,0.6896164425858973,0.8582598453098943,0.0836754302456322,0.058411293187226904,0.1767180925666199,0.15615141955835962
RETINAL,MobileNetV3,1,ISOTONIC,True,0.7779375389056546,0.7780326952525973,0.9393624882982045,0.04946419438828739,0.02070005666792734,0.038625905439398554,0.3150525677943333,0.5799299096075561,0.6726320930939791,0.8276113271713257,0.4155811369419098,0.7220832109451294,0.30797433853149414,0.6885527968406677,0.8669885993003845,0.08396634643285704,0.05745764117459169,0.17952314165497893,0.14826498422712933
RETINAL,MobileNetV3,1,DIRICHLET,True,0.7723546246337144,0.7730693761004218,0.9400182513455289,0.05441653315085933,0.02055762061602935,0.03499491416178597,0.3154872339072585,0.5793503547903225,0.5788389600862582,0.8196896910667419,0.46343502402305603,0.7135975956916809,0.2601841025882297,0.6810996532440186,0.8600929379463196,0.08509505874384345,0.057309136941316036,0.18513323983169705,0.1608832807570978
RETINAL,MobileNetV3,1,APEX,True,0.8128712883470739,0.8148981881008213,0.9527389035133451,0.03346413844546871,0.008366409487425763,0.025213793665074837,0.26936954814322306,0.6408406024757031,0.503302597462713,0.8087518988048955,0.5063230673767841,0.7280307072057742,0.33570647788613434,0.6539560826887697,0.844270938781929,0.06626671830186344,0.04753563485544143,0.14726507713884993,0.11987381703470032
RETINAL,MobileNetV3,1,ABL_no_gate,True,0.8195967279495204,0.8219614059812677,0.9523130071627256,0.02698908050554854,0.0007682343422406551,0.02326085092198,0.26927242296561166,0.6409701027125183,0.5050075596028675,0.8009914857347779,0.5261036770046394,0.7223699960088624,0.7149338907340935,0.658212392851331,0.832135312446682,0.06665274719172372,0.04945432162874583,0.15007012622720897,0.11829652996845426
RETINAL,MobileNetV3,1,ABL_no_rbf,True,0.8033789789130722,0.8055250036971422,0.9506854499508541,0.04509113501956679,0.014197733891507445,0.029745512827855498,0.2775956883130838,0.6298724155825555,0.5211426516495027,0.7837803357757807,0.5677884538438515,0.7071150373908707,0.3104446734978564,0.6177838787824126,0.8241086286189973,0.06585924229170517,0.045251053843831296,0.14726507713884993,0.12460567823343849
RETINAL,MobileNetV3,1,ABL_no_poly,True,0.8190044801732758,0.8209042754847282,0.9523982654927043,0.025431166691909823,0.003429999943133176,0.02368656337635429,0.27017739945276165,0.6397634673963183,0.5032875791027542,0.8110744665869697,0.4977453042659566,0.7295124466363041,0.6965851575715919,0.6669591626641066,0.8427798334499995,0.06833065157523467,0.050881643150060954,0.15287517531556802,0.11987381703470032
RETINAL,MobileNetV3,1,ABL_no_knn,True,0.8114139106712329,0.8135211458592692,0.9516835076312204,0.034236073045434925,0.006827354108013315,0.025911509055661593,0.27035809591425614,0.6395225387809923,0.5084591878891526,0.8130795221231665,0.4948878089510032,0.7305873095145244,0.45947038691890485,0.6604784635630673,0.8483862887775995,0.06699445517466159,0.0480011035271643,0.15007012622720897,0.11987381703470032
RETINAL,MobileNetV3,1,ABL_focal,True,0.8081431170770222,0.8096015907946212,0.9538954993296986,0.05033744769598273,0.021224989157606608,0.03260873368094088,0.2713954535876172,0.6381393952165109,0.5096905706164201,0.7713390376374376,0.5979522930805274,0.7006235079562627,0.2120093344065405,0.6079535833256166,0.8097677036827416,0.062218938763439,0.042695173286281134,0.15007012622720897,0.11514195583596215
RETINAL,MobileNetV3,1,TAU_0.60,True,0.816178048835183,0.8183153363707291,0.9522087564029542,0.029190977158592268,0.003441567607539051,0.024144467711387868,0.27011133069124216,0.6398515590783442,0.5064501520219274,0.8063440024185853,0.5144267482472716,0.7253472819803393,0.2940733501930893,0.6586529456456583,0.8393921555545024,0.06638412137832013,0.048428124082315636,0.14866760168302945,0.11987381703470032
RETINAL,MobileNetV3,1,TAU_0.70,True,0.8138844708535315,0.8160478858209486,0.9518749647744923,0.03470105507959048,0.008475888717038329,0.0248090598530396,0.2707867410448812,0.6389510119401589,0.5074125004553524,0.8081289964869683,0.5104297559554373,0.7263001252308882,0.42183045128280094,0.6586041099065993,0.8421540093775478,0.06731776533800653,0.04884699500111263,0.14866760168302945,0.11987381703470032
RETINAL,MobileNetV3,1,TAU_0.80,True,0.8118565332595855,0.8138396292596213,0.9522448913561027,0.03400069234909334,0.007374236073093175,0.02399580921491205,0.2699488090024989,0.6400682546633353,0.5055985570998408,0.8090439891825287,0.5069995720384994,0.7276449393318483,0.42183045128280094,0.654750735700308,0.8447422729850922,0.06667248448974263,0.04767913284224534,0.14726507713884993,0.11987381703470032
RETINAL,MobileNetV3,1,TAU_0.85,True,0.8128712883470739,0.8148981881008213,0.9527389035133451,0.03346413844546871,0.008366409487425763,0.025213793665074837,0.26936954814322306,0.6408406024757031,0.503302597462713,0.8087518988048955,0.5063230673767841,0.7280307072057742,0.33570647788613434,0.6539560826887697,0.844270938781929,0.06626671830186344,0.04753563485544143,0.14726507713884993,0.11987381703470032
RETINAL,MobileNetV3,1,TAU_0.90,True,0.8128712883470739,0.8148981881008213,0.9526923577900486,0.03355916266512288,0.008561894318385098,0.026327739905713497,0.26982173245207774,0.6402376900638969,0.503897664525063,0.8083379439390134,0.5067210583674644,0.7275834293578675,0.33570647788613434,0.6540265340815656,0.8437458333326604,0.06630144964422753,0.047570366197805525,0.14726507713884993,0.11987381703470032
RETINAL,MobileNetV3,1,TAU_0.95,True,0.8117244993562482,0.8137787992631376,0.9528660756788163,0.033465464340482476,0.00794501951087565,0.025713597399711394,0.26995802133123514,0.6400559715583536,0.5044789847831437,0.8066636969736836,0.5104918365054848,0.7262882439608197,0.33570647788613434,0.651564320973146,0.8425484904893359,0.06658763705130477,0.04759428540380749,0.14726507713884993,0.11987381703470032
RETINAL,MobileNetV3,1,FAIR_rbf_svm,True,0.8132705352191474,0.8148312700629845,0.9490628757781061,0.025103346025386605,0.00427117163925796,0.02695785099899505,0.27519759866180693,0.6330698684509246,0.5279865041548258,0.8240757553329132,0.4547980214748508,0.7373492001012841,0.6885943924371705,0.6795707157061349,0.8572335008596781,0.07346561325191626,0.05473452980549426,0.15427769985974754,0.12145110410094637
RETINAL,MobileNetV3,1,FAIR_poly_svm,True,0.8052808859317656,0.8070716219358656,0.94544852182293,0.03799149300259526,0.013513219681414165,0.03237323929165301,0.2856631870100801,0.619115750653227,0.5480830694577785,0.7993922787125064,0.517472937876672,0.7152733028007626,0.09439519369482696,0.6456111357442426,0.8364537748269236,0.07339105278863496,0.05305692717615233,0.15007012622720897,0.1277602523659306
RETINAL,MobileNetV3,1,FAIR_knn,True,0.7116558530490962,0.7135655121289932,0.9066916040843092,0.04378790477991543,0.014296880574048664,0.044367368732563875,0.3913449355884904,0.47820675254868017,2.047837406999387,0.7111345032381056,0.5916435032742653,0.6182220589708538,0.5255181927361845,0.5734212212055902,0.7667072966954747,0.12734295004751103,0.08117636349623503,0.23983169705469845,0.20977917981072555
RETINAL,MobileNetV3,1,FAIR_equal_blend,True,0.8025630609711053,0.8039535889445861,0.9505163852938998,0.05525138318456918,0.029173540014939953,0.03555766919234398,0.28095205551721003,0.6253972593103871,0.531039895052645,0.7603671919574309,0.6027611376626811,0.6902815206243006,0.3166054369860518,0.5989221540166071,0.7999047522694693,0.06705500530745839,0.04617077748179842,0.15568022440392706,0.12145110410094637
RETINAL,MobileNetV3,1,ABL_no_descriptors,True,0.805325667142341,0.8067887048501902,0.9510207702107358,0.01632140852801333,0.0,0.021629259719136255,0.2748059825517806,0.633592023264293,0.5140231504019119,0.8054479543716722,0.5130780546068479,0.7231263252182536,0.2766755486555762,0.64813343625472,0.843360999426462,0.06909011195843898,0.04875598634595635,0.15427769985974754,0.11987381703470032
RETINAL,MobileNetV3,2,BASE,True,0.7904863659740768,0.7903356932071413,0.9489406478528106,0.04504642796245829,0.015719127627832823,0.047563043740680155,0.30267404448072116,0.596434607359039,0.5550110983239909,0.7484902143478394,0.6537142395973206,0.6712361574172974,0.31863856315612793,0.6144128441810608,0.7837175726890564,0.08525007064976818,0.061792028797619976,0.1697054698457223,0.14353312302839116
RETINAL,MobileNetV3,2,MC_DROPOUT,True,0.7898706906719274,0.789172544150138,0.9488708323621655,0.05413300896352355,0.02307260348605593,0.04739025946880348,0.30392751315265787,0.5947633157964567,0.5577325758709423,0.7416770458221436,0.6687362194061279,0.6663501262664795,0.18191120028495789,0.6062336564064026,0.7775360941886902,0.08482982313577325,0.061075804197474645,0.16690042075736325,0.14826498422712933
RETINAL,MobileNetV3,2,TEMP_SCALE,True,0.7904863659740768,0.7903356932071413,0.9488632342136438,0.029655168290998093,0.003986215776860207,0.04254855650147096,0.29895073703406533,0.6013990172879135,0.5454871627231852,0.789188802242279,0.5505978465080261,0.7004320621490479,0.32419559359550476,0.6544548273086548,0.8245887756347656,0.08450269854410095,0.06104465669195274,0.1697054698457223,0.14511041009463724
RETINAL,MobileNetV3,2,VEC_SCALE,True,0.8027300277963133,0.8018583687542025,0.9486693308595422,0.025352882510097444,0.0015643255246546458,0.0295260145978459,0.2903561668102719,0.6128584442529714,0.5325031897711792,0.8084377049985757,0.4985741759441594,0.7178293449934783,0.700990314289163,0.671117238010865,0.8426056322175651,0.07692442221688596,0.05548217358714247,0.16129032258064516,0.14037854889589904
RETINAL,MobileNetV3,2,ISOTONIC,True,0.8002131138224086,0.799931164067999,0.9477337808027825,0.03162465574311428,0.004520128336878981,0.028800682126559687,0.2903403281653973,0.6128795624461374,0.6736729257584221,0.8136529922485352,0.46607068181037903,0.7223438620567322,0.3287261956267887,0.6722448468208313,0.8493958711624146,0.0755643366070036,0.0535561236417649,0.16129032258064513,0.13406940063091477
RETINAL,MobileNetV3,2,DIRICHLET,True,0.7997498746967435,0.7989953291460368,0.9488667331936087,0.03439566936498934,0.007551200218621112,0.03292177499519734,0.2883103471591457,0.6155862037878062,0.5298107554596174,0.8059699535369873,0.5039162039756775,0.7174029350280762,0.7022406756877899,0.6614187955856323,0.8425074219703674,0.07557525425861958,0.053567041293380885,0.1570827489481066,0.12933753943217666
RETINAL,MobileNetV3,2,APEX,True,0.8315613372335859,0.8335691046179304,0.9614317802105147,0.047763199158243536,0.02258567876761965,0.032471549640812905,0.2515291535253611,0.664627795299519,0.46395009032185514,0.7880151174523481,0.5662283945964353,0.7207126298452732,0.10479190419571316,0.6349255650930019,0.8188649817914285,0.05562080017791607,0.04059080673849029,0.1332398316970547,0.11198738170347003
RETINAL,MobileNetV3,2,ABL_no_gate,True,0.8308964499738071,0.8332089496818765,0.9615853561844189,0.053319875736984976,0.02361070808064077,0.03997427883626286,0.2510343762730624,0.6652874983025838,0.4656195375039619,0.7797703356127145,0.5852127134289279,0.7157631318597633,0.32026880015583153,0.6253175262783918,0.8108949168876614,0.05572548466519003,0.040695491225764255,0.13464235624123422,0.11041009463722397
RETINAL,MobileNetV3,2,ABL_no_rbf,True,0.8081247414676785,0.8111870319580001,0.9587533342897995,0.05614187883886744,0.02287666068758951,0.039487059177802986,0.2653966978619865,0.6461377361840185,0.48837253684142984,0.7629193728118557,0.6133860334500921,0.7002455474827038,0.18563512782151492,0.5869955277661874,0.8042970996060862,0.058080843376728766,0.0385570778995709,0.1514726507713885,0.11356466876971609
RETINAL,MobileNetV3,2,ABL_no_poly,True,0.8290005462831984,0.8307396023533191,0.9607761978161827,0.056563690437803786,0.020924733473625487,0.034519777453834034,0.2541939909839161,0.6610746786881123,0.46666639482666405,0.7908865917163499,0.5566765515776263,0.7215428499510382,0.31395582659433197,0.6410356777021582,0.8216310801539122,0.05773738822993611,0.04223897041843698,0.1332398316970547,0.11514195583596215
RETINAL,MobileNetV3,2,ABL_no_knn,True,0.8292009560097504,0.8312645166825013,0.9606020200139062,0.048672207112859765,0.015318342376437732,0.03320214790962088,0.25069692565114365,0.6657374324651422,0.46324851119368804,0.7955736497724574,0.5480042842462118,0.7261961071772118,0.33014627150186016,0.6413719806978254,0.827210770327283,0.05708454093123818,0.04158612311973905,0.13464235624123422,0.10883280757097792
RETINAL,MobileNetV3,2,ABL_focal,True,0.8185400026400491,0.8213972255498637,0.9605310389175509,0.08714167064742641,0.05805857726723599,0.04405517244191196,0.26526946764721854,0.6463073764703757,0.49236456954545943,0.7472546602134748,0.6489499553914643,0.6888981203597679,0.3165008547574629,0.5823169021422497,0.7835409669891442,0.055583012326229884,0.038134003901056174,0.14726507713884993,0.11041009463722397
RETINAL,MobileNetV3,2,TAU_0.60,True,0.8310517443163148,0.8334163150811293,0.9615942551137207,0.051162853981530414,0.021271488517919622,0.03485460241480072,0.2505366830691117,0.6659510892411848,0.4631556955958147,0.7868177657259089,0.5721817619597014,0.7198775164356285,0.1059861032470889,0.6349268578134207,0.8174260850476677,0.05520205285073825,0.04017205941131248,0.13183730715287517,0.10883280757097792
RETINAL,MobileNetV3,2,TAU_0.70,True,0.8287581663346634,0.831010488465049,0.9614123139136902,0.05076005606430137,0.019501072977584098,0.03367931431746523,0.25105753475070797,0.6652566203323897,0.4635802104581621,0.7882968185561808,0.5685824087850011,0.7206682591115922,0.20491119752330858,0.6342852921904464,0.8198949280689075,0.05563067811281812,0.04013226030131899,0.1332398316970547,0.11041009463722397
RETINAL,MobileNetV3,2,TAU_0.80,True,0.8298832674673494,0.8320337419276613,0.9614771239675306,0.04803730119744144,0.021701201822492362,0.033303614177216605,0.2515575487235899,0.664589935035214,0.46332846693734614,0.7890266517546729,0.5653185226318742,0.7211440681760548,0.20682789302773943,0.6355515407344051,0.8202340339651675,0.055540074715629405,0.04027682586865551,0.13604488078541374,0.11198738170347003
RETINAL,MobileNetV3,2,TAU_0.85,True,0.8315613372335859,0.8335691046179304,0.9614317802105147,0.047763199158243536,0.02258567876761965,0.032471549640812905,0.2515291535253611,0.664627795299519,0.46395009032185514,0.7880151174523481,0.5662283945964353,0.7207126298452732,0.10479190419571316,0.6349255650930019,0.8188649817914285,0.05562080017791607,0.04059080673849029,0.1332398316970547,0.11198738170347003
RETINAL,MobileNetV3,2,TAU_0.90,True,0.8327749294665956,0.8348649916127792,0.9612748812978906,0.049109268606184454,0.023152135450808794,0.03297585101792346,0.25240754282484706,0.663456609566871,0.465068389202598,0.7872364737100939,0.5670500134029778,0.7198307279172893,0.138716502119543,0.6362141489557968,0.8173952435551274,0.05537831531770168,0.040579666628175665,0.13464235624123422,0.11198738170347003
RETINAL,MobileNetV3,2,TAU_0.95,True,0.8327749294665956,0.8348649916127792,0.96147316151913,0.0539880526931635,0.02474601675426918,0.03326127583099659,0.25275323264692173,0.6629956898041047,0.4650407172014829,0.7859217795502863,0.569235601636182,0.7188146161348536,0.138716502119543,0.6351714421582897,0.8160262342185821,0.05527207934432537,0.04047343065479935,0.13464235624123422,0.11198738170347003
RETINAL,MobileNetV3,2,FAIR_rbf_svm,True,0.8316265678947392,0.8333763768749153,0.9585267861825943,0.04051282179317294,0.013912909300753673,0.029255509473251857,0.25633097749545786,0.65822536333939,0.4700978683279244,0.8126181839054276,0.49615743034172544,0.7361309141308996,0.3138395018120789,0.6715625125424557,0.8410430388922081,0.06250491486352451,0.04747492142409873,0.1402524544179523,0.11514195583596215
RETINAL,MobileNetV3,2,FAIR_poly_svm,True,0.8064743628876665,0.8094719719719721,0.9567198202701354,0.03396513905040495,0.01525641350347135,0.033393167796865436,0.2675111472261893,0.6433184703650814,0.4892282680733205,0.7788190001340567,0.5662818858979033,0.7108713719128099,0.32349364848643797,0.6018103263940038,0.8211351362000382,0.06107919019448409,0.04101715396817844,0.15007012622720897,0.11198738170347003
RETINAL,MobileNetV3,2,FAIR_knn,True,0.7057204997794613,0.7078272334275904,0.9098781942621412,0.07685028582941786,0.04138494480722831,0.05576420831266708,0.3974798724584465,0.470026836722072,2.0615968354252474,0.6984582409992668,0.6157141662437308,0.608754462175072,0.20403400767016522,0.5637000189544541,0.7538481863593234,0.13333881757061142,0.08587732361250869,0.25105189340813466,0.22712933753943218
RETINAL,MobileNetV3,2,FAIR_equal_blend,True,0.8171058854033784,0.8199120399118955,0.9587435376362232,0.07869172450388459,0.04615179720078329,0.04392846640305625,0.271037082098519,0.6386172238686418,0.49981361756016296,0.7439819115246574,0.6400149763656854,0.685252249406261,0.205001582145948,0.5844631950262518,0.7793758948463374,0.05806699188975592,0.040365460550004964,0.15007012622720897,0.11041009463722397
RETINAL,MobileNetV3,2,ABL_no_descriptors,True,0.8222042068649829,0.8243899435848385,0.9594956110900166,0.042827535774699915,0.01799375458189179,0.03324092413596923,0.26032734991140366,0.6528968667847956,0.47648786376699054,0.781454441706741,0.5781839843510902,0.7129497356842548,0.32780407139133044,0.6287532932698248,0.8141928196258349,0.05945474090061231,0.04275167281618512,0.14305750350631136,0.11356466876971609
RETINAL,MobileNetV3,3,BASE,True,0.7660089579570205,0.7673298279197036,0.9509254024255874,0.0258577081549814,0.005180272639117332,0.05455613076571766,0.3095361750239583,0.5872850999680561,0.557996113240924,0.7682834267616272,0.6031357049942017,0.6811404228210449,0.36523021260897315,0.6229593753814697,0.811571478843689,0.08649107256575841,0.057725685033683,0.19915848527349228,0.15615141955835962
RETINAL,MobileNetV3,3,MC_DROPOUT,True,0.7633735227351444,0.764792220113852,0.951199533373752,0.03206753433878154,0.006460381224447291,0.05452675813184243,0.3095104815382886,0.5873193579489491,0.5590424793341225,0.7609120011329651,0.619327962398529,0.6766035556793213,0.1019829832590543,0.6128823757171631,0.8056368827819824,0.08625462537697708,0.05682594686652005,0.1935483870967742,0.15930599369085174
RETINAL,MobileNetV3,3,TEMP_SCALE,True,0.7660089579570205,0.7673298279197036,0.9509222687333253,0.038572185991090004,0.008516181678600836,0.05270806831967739,0.31028749671770084,0.5862833377097327,0.5565395746140661,0.7951415181159973,0.53409743309021,0.699025571346283,0.20941156148910522,0.6504406929016113,0.838243842124939,0.08610998667693336,0.05734459914485794,0.19635343618513323,0.15615141955835962
RETINAL,MobileNetV3,3,VEC_SCALE,True,0.785050984799778,0.7855190021691194,0.9527766842644991,0.04262803086616288,0.019159318965438578,0.03673070828152663,0.28403790593346046,0.6212827920887198,0.5092483864721966,0.8031281346921443,0.4969500453460133,0.7194124501322879,0.2917973877898707,0.6419746564812759,0.8471025990514502,0.0720742519927752,0.047116180344556065,0.17812061711079943,0.14195583596214512
RETINAL,MobileNetV3,3,ISOTONIC,True,0.7757726675168966,0.7769883711060181,0.9509479555603222,0.05116492374547644,0.018540611103896057,0.03357260675001583,0.2907862883287681,0.6122849488949764,0.5540464710588313,0.8220238089561462,0.4578869044780731,0.727518618106842,0.2928100029627482,0.6665237545967102,0.8663802742958069,0.0780124648601671,0.0511875245093847,0.18793828892005615,0.14353312302839116
RETINAL,MobileNetV3,3,DIRICHLET,True,0.7722405907789064,0.7728306561427127,0.9493054956070275,0.05620362704518766,0.020248173086863393,0.03468737199762777,0.29570781228307963,0.6057229169558944,0.5280532682826214,0.8043823838233948,0.4970132112503052,0.7132956385612488,0.237850284576416,0.6481598615646362,0.8502551913261414,0.07858969710781173,0.05047934500101242,0.1879382889200561,0.14195583596214512
RETINAL,MobileNetV3,3,APEX,True,0.8022305923199128,0.8038750151950538,0.9573601577371134,0.03385625143416019,0.007138866412674877,0.02930257746052332,0.26956277034721093,0.6405829728703859,0.484144096709265,0.7923999148322369,0.5443734737971969,0.7165769622190558,0.34495754122194194,0.6363768499689072,0.8303052048852401,0.06531727728976797,0.04470908884189409,0.15988779803646563,0.11987381703470032
RETINAL,MobileNetV3,3,ABL_no_gate,True,0.8059181917247662,0.8075705402069386,0.9586048021682332,0.03612687545566233,0.009614432654731683,0.034927686395616296,0.2675798990636504,0.6432268012484667,0.4816480757922137,0.786097707824636,0.5575260969530956,0.7137001398641536,0.7020861971103363,0.6292535111866342,0.823290091426783,0.0630870672863778,0.04329515008054925,0.16269284712482468,0.11514195583596215
RETINAL,MobileNetV3,3,ABL_no_rbf,True,0.7977780070080183,0.8001530445918514,0.9555017921046021,0.03782971274855399,0.017703511546942143,0.036747187643000036,0.27669532955722465,0.6310728939237009,0.5012688676110624,0.7713520209128518,0.5882460056016425,0.7009477674301393,0.13980687904759004,0.6077001903060587,0.8120716890008411,0.06987823413531072,0.04843598550556723,0.16269284712482468,0.12145110410094637
RETINAL,MobileNetV3,3,ABL_no_poly,True,0.8060741110921791,0.8077351155011262,0.956003631876891,0.02803556531389829,0.007614119962968531,0.031073193354827194,0.27309299878857035,0.63587600161524,0.49055502376601673,0.7963180811891192,0.5333723571805418,0.717396875059035,0.7042063977443127,0.6508707268018711,0.8308079374556743,0.0666839966385498,0.046892079432721265,0.15988779803646563,0.12302839116719243
RETINAL,MobileNetV3,3,ABL_no_knn,True,0.799780139284937,0.8013206327442535,0.9570863316686469,0.029974384751669313,0.005686280415764195,0.027581999469697027,0.27003383269216913,0.639954889743775,0.48496880647310775,0.7957853666184391,0.535735900111901,0.7186446763632431,0.34586524652040346,0.6378785996114394,0.8347654962097897,0.06541103668970562,0.04424878984097237,0.16269284712482468,0.12145110410094637
RETINAL,MobileNetV3,3,ABL_focal,True,0.7982373597102574,0.8001359828477509,0.9581138431635319,0.0533168297596433,0.02275530779212592,0.044706850817317595,0.2728760960289838,0.6361652052946888,0.49608162811769574,0.7591054942920977,0.619234386555228,0.6930808987661705,0.09969891685340088,0.5998365942752597,0.7987346064222716,0.06650904007547602,0.04506679144573253,0.15568022440392706,0.11987381703470032
RETINAL,MobileNetV3,3,TAU_0.60,True,0.8058225978663041,0.807556007179655,0.9583407701925162,0.03981453348365004,0.010862502764897267,0.03487308953807619,0.2669576660101886,0.644056445319749,0.4807015258585455,0.7910075124987332,0.5480371984336422,0.7167874724716836,0.7020861975577465,0.6355887645079776,0.8278618801970092,0.06353038047817261,0.04373846327234407,0.15568022440392706,0.1167192429022082
RETINAL,MobileNetV3,3,TAU_0.70,True,0.8045136973427438,0.8063196373706507,0.958149544753252,0.04006520589529722,0.010770815080310008,0.032590916858256144,0.26732444635214575,0.6435674048638061,0.4814698111365268,0.7925181899580949,0.5458435041893803,0.7174023947816206,0.6849249496956085,0.6367039785480456,0.8297675248733098,0.06370728957777846,0.04364525335147282,0.15568022440392706,0.1167192429022082
RETINAL,MobileNetV3,3,TAU_0.80,True,0.8022305923199128,0.8038750151950538,0.957674782674413,0.033544057524687476,0.006960609332917221,0.0295459529965073,0.2687592431793543,0.6416543424275281,0.48291152344803545,0.7926478144843228,0.544473670701029,0.717017342331791,0.6715465313292146,0.6362177372953377,0.8306519868421484,0.06488637657790684,0.04427818813003297,0.1570827489481066,0.12145110410094637
RETINAL,MobileNetV3,3,TAU_0.85,True,0.8022305923199128,0.8038750151950538,0.9573601577371134,0.03385625143416019,0.007138866412674877,0.02930257746052332,0.26956277034721093,0.6405829728703859,0.484144096709265,0.7923999148322369,0.5443734737971969,0.7165769622190558,0.34495754122194194,0.6363768499689072,0.8303052048852401,0.06531727728976797,0.04470908884189409,0.15988779803646563,0.11987381703470032
RETINAL,MobileNetV3,3,TAU_0.90,True,0.8022305923199128,0.8038750151950538,0.9574182006140092,0.03060594478537005,0.00672521710401685,0.02851862803767254,0.26952193981281397,0.6406374135829151,0.4839357645348528,0.7918432475943652,0.5449967957907739,0.716247806923214,0.34495754122194194,0.635734714765986,0.8297693018081566,0.06501360283825035,0.04440541439037647,0.1584852734922861,0.11987381703470032
RETINAL,MobileNetV3,3,TAU_0.95,True,0.8022305923199128,0.8038750151950538,0.9574258844426933,0.033736809481518,0.007454285165268672,0.02958914158814018,0.2698162604859526,0.6402449860187304,0.48448108524625116,0.7904788816281935,0.547900225201193,0.7151735434492598,0.34495754122194194,0.6348355221420134,0.8282919235096323,0.06518084172615803,0.04457265327828415,0.1584852734922861,0.11987381703470032
RETINAL,MobileNetV3,3,FAIR_rbf_svm,True,0.8039697827262247,0.8051991775371063,0.9536342746413144,0.024395103825585,0.0006885852944887543,0.028697550045762178,0.27869644870443405,0.6284047350607551,0.49958249350719763,0.8137573743223862,0.48164720166104646,0.7274536788770065,0.38651203463239553,0.6698624047893612,0.8484362871675909,0.06836979000659052,0.04803566439410789,0.16269284712482468,0.1277602523659306
RETINAL,MobileNetV3,3,FAIR_poly_svm,True,0.7948792332149855,0.796999746896611,0.9517516871496935,0.04170684888659107,0.012778581330367241,0.031654302754920934,0.28342228626623156,0.6221036183116917,0.5159911412296626,0.7811591792738349,0.5542398180468231,0.7054339523097538,0.6718401282001618,0.6205163874001998,0.8220824221403779,0.07506640276259278,0.05277222096836551,0.1697054698457223,0.1309148264984227
RETINAL,MobileNetV3,3,FAIR_knn,True,0.7244798004437032,0.7262306111221537,0.9091535364369367,0.059310704401238756,0.030876208395141106,0.05672872067255142,0.39667756872528587,0.4710965750329529,1.9287927015932258,0.7091219501510788,0.5972031865975524,0.6139932645950642,0.11623435336426957,0.5973192447862,0.7509753025926972,0.14038434502497846,0.09919756998546786,0.24403927068723694,0.21766561514195576
RETINAL,MobileNetV3,3,FAIR_equal_blend,True,0.7923331863215475,0.7944498259984829,0.9546437240568639,0.056038626176523214,0.025607813984242722,0.04127941660747789,0.2828514567639461,0.622864724314739,0.5142370471482625,0.7483294339274768,0.6267749732517697,0.6822936319272752,0.09510058437049662,0.5935159161120638,0.7883843599654328,0.07121890571307787,0.04834679717762514,0.1640953716690042,0.12460567823343849
RETINAL,MobileNetV3,3,ABL_no_descriptors,True,0.7934020022639644,0.7944978439544396,0.955996618170304,0.04481839349000945,0.014798159133256257,0.03343439951409155,0.2752106053155596,0.633052526245921,0.4932561299269135,0.7887130811815937,0.5505861587920464,0.7118988155089968,0.23268296253838788,0.6280233769362931,0.8299678071526533,0.0677432699497975,0.0451611240195438,0.1640953716690042,0.12460567823343849
RETINAL,MobileNetV3,4,BASE,True,0.7203902968717402,0.7187705306171549,0.9295056404793332,0.050349099392240686,0.02400185677261978,0.07623384349257452,0.3855888379368992,0.4858815494174684,0.7078894179317397,0.6743984222412109,0.8271797299385071,0.5834346413612366,0.1340528308730764,0.5611770749092102,0.7173988223075867,0.12462772194589698,0.08252091395892067,0.2443820224719101,0.20537124802527645
RETINAL,MobileNetV3,4,MC_DROPOUT,True,0.7191707846766182,0.7173449226917644,0.9293635902187158,0.055484786592047614,0.025404303199273576,0.07938351867734597,0.38640746248379393,0.4847900500216088,0.7104446422238496,0.6692935824394226,0.8372976779937744,0.5801892280578613,0.09369039965659076,0.555884838104248,0.712638258934021,0.12474447658395578,0.08222929169187812,0.24297752808988765,0.2037914691943128
RETINAL,MobileNetV3,4,TEMP_SCALE,True,0.7203902968717402,0.7187705306171549,0.9294841849432329,0.026381824541874592,0.003286599148570949,0.07119099772946834,0.3819065599043857,0.49079125346081975,0.6939649189251215,0.7348018884658813,0.6867568492889404,0.6229485273361206,0.06659959157307938,0.6182003617286682,0.7790859937667847,0.12422937242609042,0.08212256443911409,0.24157303370786518,0.20221169036334913
RETINAL,MobileNetV3,4,VEC_SCALE,True,0.7576563449015488,0.7593459721829748,0.9340249875667337,0.02962164975689993,0.0038277179596145163,0.031230195585055038,0.33220237550560244,0.5570634993258641,0.605312446044283,0.7503236191544107,0.6243091267638017,0.6615702319601332,0.3190466276834079,0.6026284033445471,0.7972616993868297,0.09454780302201113,0.06264795306038265,0.20224719101123595,0.1674565560821485
RETINAL,MobileNetV3,4,ISOTONIC,True,0.7449012167288058,0.7487786570900926,0.9300036926141586,0.01810364455285697,0.0011183815041361969,0.04116391526975241,0.34580030997927286,0.5389329200276368,0.6486496444873809,0.7561260461807251,0.6037735939025879,0.6559277176856995,0.32205814123153687,0.6250108480453491,0.8001258373260498,0.1007963180030625,0.0660350265563984,0.2078651685393257,0.17535545023696666
RETINAL,MobileNetV3,4,DIRICHLET,True,0.7621764375699196,0.7650498721077987,0.9328679858421103,0.033608748379981866,0.008956339144263557,0.02992556319216905,0.3350155708697973,0.5533125721736043,0.6098969172221342,0.7536780834197998,0.6215481162071228,0.6612141132354736,0.43357494473457336,0.6219205856323242,0.7941184639930725,0.09611587296091229,0.06593603034029806,0.20224719101123595,0.1721958925750395
RETINAL,MobileNetV3,4,APEX,True,0.8223672312421049,0.8237249306605819,0.9547320172137378,0.0420885661556505,0.014144545574727935,0.030497452470819236,0.2669669768642102,0.6440440308477202,0.49372187550044383,0.8020783635184844,0.5232921138951236,0.7226488641402016,0.6773786508927395,0.6638708441668894,0.8320127110278158,0.059054628617879495,0.04206058235949953,0.15168539325842698,0.11848341232227488
RETINAL,MobileNetV3,4,ABL_no_gate,True,0.8223672312421049,0.8237249306605819,0.9547320172137378,0.0420885661556505,0.014144545574727935,0.030497452470819236,0.2669669768642102,0.6440440308477202,0.49372187550044383,0.8020783635184844,0.5232921138951235,0.7226488641402016,0.6773786508927395,0.6638708441668894,0.8320127110278158,0.059054628617879495,0.04206058235949953,0.15168539325842698,0.11848341232227488
RETINAL,MobileNetV3,4,ABL_no_rbf,True,0.8007603227183634,0.8020966206429305,0.9463533288801949,0.04364222717262856,0.016821676797152473,0.033372053771575094,0.28922716981371754,0.6143637735817105,0.5400678076827156,0.7651735744575694,0.5957711838990125,0.6914486709138201,0.3289867872718378,0.6107043221310035,0.803669066362297,0.07662593490957831,0.055127431165565496,0.16292134831460675,0.1263823064770932
RETINAL,MobileNetV3,4,ABL_no_poly,True,0.8223672312421049,0.8237249306605819,0.9547297297636043,0.042089261601295384,0.014145562689748776,0.030497897661573993,0.2669670613082651,0.644043918255647,0.4937231671902716,0.8020746364759253,0.5233003882166928,0.7226462487898223,0.6773816093024063,0.6638666648062749,0.8320090819527618,0.059057428232652504,0.04206338197427254,0.15168539325842698,0.11848341232227488
RETINAL,MobileNetV3,4,ABL_no_knn,True,0.8224461599764249,0.8238955664438656,0.9544925033230849,0.03663774469425076,0.00744554781668106,0.032597425632774624,0.2679816728776296,0.6426911028298277,0.49269684917428086,0.8178602823566541,0.4830720778064531,0.7342481787547516,0.1353457532968329,0.6795443431224361,0.8478181125133741,0.0598187514030679,0.04282470514468794,0.15168539325842698,0.11690363349131122
RETINAL,MobileNetV3,4,ABL_focal,True,0.811501240559726,0.8132774464897876,0.9513293936223859,0.0723023198184707,0.043082367020777126,0.049247997983333125,0.2813486157315761,0.624868512357899,0.530171951665882,0.742626685501151,0.6431453217219818,0.6787777754225924,0.1884733205822957,0.5926193916354449,0.7773873181387717,0.06413931609929109,0.04509625520565321,0.1502808988764045,0.11216429699842022
RETINAL,MobileNetV3,4,TAU_0.60,True,0.8223672312421049,0.8237249306605819,0.9547320172137378,0.0420885661556505,0.014144545574727935,0.030497452470819236,0.2669669768642102,0.6440440308477202,0.49372187550044383,0.8020783635184844,0.5232921138951236,0.7226488641402016,0.6773786508927395,0.6638708441668894,0.8320127110278158,0.059054628617879495,0.04206058235949953,0.15168539325842698,0.11848341232227488
RETINAL,MobileNetV3,4,TAU_0.70,True,0.8223672312421049,0.8237249306605819,0.9547320172137378,0.0420885661556505,0.014144545574727935,0.030497452470819236,0.2669669768642102,0.6440440308477202,0.49372187550044383,0.8020783635184844,0.5232921138951236,0.7226488641402016,0.6773786508927395,0.6638708441668894,0.8320127110278158,0.059054628617879495,0.04206058235949953,0.15168539325842698,0.11848341232227488
RETINAL,MobileNetV3,4,TAU_0.80,True,0.8223672312421049,0.8237249306605819,0.9547320172137378,0.0420885661556505,0.014144545574727935,0.030497452470819236,0.2669669768642102,0.6440440308477202,0.49372187550044383,0.8020783635184844,0.5232921138951236,0.7226488641402016,0.6773786508927395,0.6638708441668894,0.8320127110278158,0.059054628617879495,0.04206058235949953,0.15168539325842698,0.11848341232227488
RETINAL,MobileNetV3,4,TAU_0.85,True,0.8223672312421049,0.8237249306605819,0.9547320172137378,0.0420885661556505,0.014144545574727935,0.030497452470819236,0.2669669768642102,0.6440440308477202,0.49372187550044383,0.8020783635184844,0.5232921138951236,0.7226488641402016,0.6773786508927395,0.6638708441668894,0.8320127110278158,0.059054628617879495,0.04206058235949953,0.15168539325842698,0.11848341232227488
RETINAL,MobileNetV3,4,TAU_0.90,True,0.8223672312421049,0.8237249306605819,0.9547320172137378,0.0420885661556505,0.014144545574727935,0.030497452470819236,0.2669669768642102,0.6440440308477202,0.49372187550044383,0.8020783635184844,0.5232921138951236,0.7226488641402016,0.6773786508927395,0.6638708441668894,0.8320127110278158,0.059054628617879495,0.04206058235949953,0.15168539325842698,0.11848341232227488
RETINAL,MobileNetV3,4,TAU_0.95,True,0.8223672312421049,0.8237249306605819,0.9547320172137378,0.0420885661556505,0.014144545574727935,0.030497452470819236,0.2669669768642102,0.6440440308477202,0.49372187550044383,0.8020783635184844,0.5232921138951236,0.7226488641402016,0.6773786508927395,0.6638708441668894,0.8320127110278158,0.059054628617879495,0.04206058235949953,0.15168539325842698,0.11848341232227488
RETINAL,MobileNetV3,4,FAIR_rbf_svm,True,0.8199115417277189,0.821143125345253,0.9543400163781519,0.038135885822101596,0.013212986604686425,0.030403406302961195,0.2696293892146972,0.6404941477137376,0.49558830438653945,0.8284601891224945,0.45117438948266414,0.7410264797817505,0.4541209751901191,0.6911683628553653,0.8587109305033873,0.06057389962899016,0.04307929678868444,0.14887640449438203,0.12480252764612954
RETINAL,MobileNetV3,4,FAIR_poly_svm,True,0.8125881202046674,0.8135259478632184,0.9447079609115447,0.053457436071928384,0.025728591978440025,0.0344135527896336,0.291179679790242,0.6117604269463446,0.548494171263755,0.78582562527516,0.5389184691571077,0.706208304981578,0.31940506460993123,0.643179140982151,0.818880564870274,0.07901491879216094,0.05997185789852306,0.15730337078651685,0.1263823064770932
RETINAL,MobileNetV3,4,FAIR_knn,True,0.7175748567521991,0.7199332491308126,0.9082579143387031,0.05300637152250416,0.020641040974158708,0.04237146208709935,0.39400709360268155,0.4746572085297587,2.0587188789408066,0.7013003862648886,0.6168914374151334,0.6095048085538751,0.49460747666131166,0.578000573310236,0.7490223804207174,0.12947448339274933,0.08613593022942806,0.24578651685393257,0.20853080568720378
RETINAL,MobileNetV3,4,FAIR_equal_blend,True,0.8142935641996288,0.8164888999206016,0.9506601895493197,0.06767818737847892,0.03116394389416787,0.04025324747062803,0.2805335068580147,0.6259553241893142,0.5276739950381969,0.7515304780059644,0.6208562609578322,0.6855798644390684,0.6673990891547925,0.6030879458876235,0.7853615667213072,0.0663428626044333,0.04782377657675578,0.15168539325842698,0.11848341232227488
RETINAL,MobileNetV3,4,ABL_no_descriptors,True,0.806824696267985,0.8082333872294318,0.9535351138917953,0.038470468823659495,0.014159451891032689,0.03419854985093207,0.27372635495280123,0.6350315267295988,0.5008292870087023,0.7988605732467058,0.524575442442951,0.7187078537656186,0.6805517462840727,0.6504825117200735,0.834387714738998,0.06182448505705236,0.04170988610841707,0.15870786516853932,0.1263823064770932
RETINAL,MobileNetV3,5,BASE,True,0.7566805247842341,0.7589096632856098,0.9464943379806832,0.03438537692030269,0.012135785003704077,0.04607674263763439,0.319771773676813,0.5736376350975833,0.5778953489071451,0.7615016102790833,0.6171739101409912,0.671633243560791,0.3130567669868469,0.6172964572906494,0.8060740828514099,0.09090715330246411,0.06038749010678307,0.20084269662921347,0.15323854660347552
RETINAL,MobileNetV3,5,MC_DROPOUT,True,0.7562160472510072,0.7585001403479015,0.9467866911555889,0.04581502471307311,0.01561665385694502,0.04628184380661226,0.3200480643156952,0.5732692475790736,0.5789859331849405,0.7538959383964539,0.6336567997932434,0.6666849851608276,0.1504616788455418,0.6097182035446167,0.7984598278999329,0.09082649441350354,0.0603068312178225,0.20084269662921347,0.15323854660347552
RETINAL,MobileNetV3,5,TEMP_SCALE,True,0.7566805247842341,0.7589096632856098,0.9464802437566707,0.026837541411320366,0.010453414766764018,0.04799968413150202,0.3196169854251241,0.5738440194331684,0.5765230347543966,0.77447509765625,0.5844613909721375,0.6804459691047668,0.3041568994522095,0.63006192445755,0.8191118836402893,0.09075773840074731,0.06023807520506627,0.199438202247191,0.15165876777251186
RETINAL,MobileNetV3,5,VEC_SCALE,True,0.7773467125141847,0.7780073317336859,0.9470104760452518,0.02803116012320313,0.002523819744795537,0.02817203612851563,0.30304431805299265,0.5959409092626771,0.5405150078035399,0.7883194083404825,0.5406859294904564,0.6982876738255883,0.12062884824459813,0.639523941663468,0.830522336490365,0.07925490209606531,0.05267632165952915,0.1797752808988764,0.14218009478672985
RETINAL,MobileNetV3,5,ISOTONIC,True,0.7735032355543484,0.7771196895597263,0.9457572329734851,0.04119377884298863,0.011872497025182598,0.0324087096032783,0.30742550113292244,0.5900993318227706,0.5564514168327578,0.7953704595565796,0.5022217035293579,0.7041488289833069,0.7000000178813934,0.6498493552207947,0.83664470911026,0.08454578832757485,0.057967207891038694,0.178370786516854,0.14218009478672994
RETINAL,MobileNetV3,5,DIRICHLET,True,0.7783981932144599,0.7794971024847186,0.9468048897499852,0.026376365185386007,0.0014211148925393413,0.02621239678454444,0.3038358471333329,0.5948855371555567,0.5380903094053514,0.7856073379516602,0.5476371049880981,0.6962969303131104,0.17743194103240967,0.6397101879119873,0.8266851305961609,0.07926366345962649,0.053000125187633376,0.18258426966292135,0.1500789889415482
RETINAL,MobileNetV3,5,APEX,True,0.7996410347169273,0.8019066400522762,0.9515098147995509,0.04126079398106308,0.011151232760197739,0.03396948332740089,0.28592218138115716,0.6187704248251242,0.5203356879579137,0.7866706778696673,0.5671075548414851,0.7036624404272263,0.13642048676579466,0.6404159316444504,0.8222585674535114,0.07325784205023911,0.052595630744338914,0.15870786516853932,0.12796208530805686
RETINAL,MobileNetV3,5,ABL_no_gate,True,0.801829511262577,0.8042076096623384,0.9543054283451238,0.05032338076130543,0.0205568988273414,0.03593320869116097,0.28292803589227045,0.6227626188103066,0.5179864838833265,0.7722812641850019,0.5974716917578691,0.6956987229889985,0.31346564937786475,0.6224517690003203,0.8081559320461228,0.07084437322890204,0.050729774280266746,0.15870786516853932,0.12006319115323855
RETINAL,MobileNetV3,5,ABL_no_rbf,True,0.7856094935721569,0.7881082989467076,0.9477355850335933,0.03369411858731825,0.006386185056698102,0.03020213175666522,0.2946356138006352,0.607152514932487,0.5408458892590927,0.7773810110012684,0.5862981541188937,0.6937175843089001,0.11234165468036111,0.6211064656528531,0.8188212259019663,0.07860986538592554,0.054793389302949164,0.16432584269662923,0.13428120063191154
RETINAL,MobileNetV3,5,ABL_no_poly,True,0.7973677412192219,0.7990854512150873,0.9525784499370048,0.03638977836323205,0.006577689378950999,0.03496770351042827,0.28252501232825555,0.6232999835623264,0.5144461520792799,0.7866262405681725,0.5623124084923324,0.7054382592270475,0.6666967656296143,0.6386446682634694,0.8232138104135872,0.07197889205005559,0.0507611397977635,0.1601123595505618,0.1263823064770932
RETINAL,MobileNetV3,5,ABL_no_knn,True,0.7989587232593283,0.8011748451540148,0.9512805242669167,0.01934280744603282,0.0012452461021240156,0.02865454668816035,0.2873489023240991,0.6168681302345351,0.5225181095971869,0.7957106699301792,0.5458800250351263,0.708887455917327,0.3287449709607401,0.652656031119976,0.8307995436006066,0.07444863067448015,0.053509641526093624,0.16432584269662923,0.13428120063191154
RETINAL,MobileNetV3,5,ABL_focal,True,0.7923866986621402,0.7946415095292141,0.9474999574175553,0.05779680289179752,0.027554878319093097,0.040789883752174724,0.294194776809629,0.6077402975871617,0.5440424196432302,0.7580286765653946,0.6296284799030187,0.6802066134004852,0.12913486395922769,0.6111445860635774,0.7952145222620575,0.0801809246939781,0.05811494024813564,0.16573033707865167,0.1263823064770932
RETINAL,MobileNetV3,5,TAU_0.60,True,0.7968146033788345,0.7991713076056539,0.9527906047840851,0.03657987385975963,0.01083812872787586,0.030816033805368768,0.2835354215586892,0.6219527712550815,0.5191457648883122,0.7847903890548724,0.575314710162338,0.7023481967457736,0.3300762685765062,0.6378945787614652,0.8211095106549746,0.07219858475175708,0.050980832499464994,0.16151685393258428,0.12480252764612954
RETINAL,MobileNetV3,5,TAU_0.70,True,0.7982938359995495,0.8006354610567497,0.9526363974269362,0.033324669957138446,0.00839196461468564,0.03008576924294552,0.28410961052268824,0.6211871859697495,0.5178068087829868,0.787628180466183,0.569636360422381,0.7040434424081208,0.20006388998956237,0.6438233331786587,0.8229010675367078,0.07242577735905356,0.05148678821066703,0.15870786516853932,0.12480252764612954
RETINAL,MobileNetV3,5,TAU_0.80,True,0.7997730686202645,0.8020983649358673,0.9527042062535802,0.03482137042402545,0.006159131241880196,0.03314462402084167,0.28312419952108614,0.6225010673052189,0.5152526538058163,0.7884149363755052,0.5655872883413925,0.7056619044658017,0.12064976688297385,0.6413026424253655,0.8242114914183178,0.0718568323794139,0.051194621073513705,0.15589887640449437,0.12480252764612954
RETINAL,MobileNetV3,5,TAU_0.85,True,0.7996410347169273,0.8019066400522762,0.9515098147995509,0.04126079398106308,0.011151232760197739,0.03396948332740089,0.28592218138115716,0.6187704248251242,0.5203356879579137,0.7866706778696673,0.5671075548414851,0.7036624404272263,0.13642048676579466,0.6404159316444504,0.8222585674535114,0.07325784205023911,0.052595630744338914,0.15870786516853932,0.12796208530805686
RETINAL,MobileNetV3,5,TAU_0.90,True,0.8010167384826714,0.8032496831116678,0.9511018390013692,0.04133131293418201,0.012267855224890007,0.03403231968688325,0.2870300491702293,0.6172932677730281,0.5229745140634547,0.78392403834353,0.5707280119609274,0.7017314610686582,0.15185514393971505,0.6393151727515266,0.8188296265898758,0.07459890351606306,0.05421148790780991,0.15730337078651685,0.13112164296998421
RETINAL,MobileNetV3,5,TAU_0.95,True,0.8000687866373671,0.8022491923000086,0.9500897799318534,0.04319718516636797,0.011278750581525422,0.03478804233711095,0.2892019144729291,0.6143974473694285,0.5272400265580477,0.7801905168018917,0.5779435925092864,0.6982247168666256,0.15185514393971505,0.6376252655549633,0.8148806485809715,0.07645436668829318,0.05579215538239299,0.15870786516853932,0.13270142180094788
RETINAL,MobileNetV3,5,FAIR_rbf_svm,True,0.7959093825945043,0.7972972070334806,0.9487144103634452,0.0344781112672376,0.01094649763412223,0.03350909424129262,0.29218411940459726,0.6104211741272041,0.5333370851706114,0.8111345068856554,0.4903012898210717,0.7189254996890825,0.12911490481755622,0.6757105270810589,0.8451509567891797,0.07744065060109714,0.055659403841290075,0.16853932584269662,0.13270142180094788
RETINAL,MobileNetV3,5,FAIR_poly_svm,True,0.7864649974130367,0.7887321118185007,0.9405806979051575,0.03675759255521734,0.009220364804130056,0.03295765521617637,0.3089183525847879,0.5881088632202833,0.5860858972415403,0.7951514681743668,0.5291299254144108,0.7008657527024327,0.3306421099091179,0.6530991147390631,0.832820303110885,0.09211193218456669,0.06829545610159031,0.17415730337078653,0.1500789889415482
RETINAL,MobileNetV3,5,FAIR_knn,True,0.7052038532805123,0.7097716129055386,0.8950395429617826,0.07473007361027537,0.03771846330168522,0.05801559067803576,0.4250451435625524,0.4332731419165975,2.5386132264168086,0.7013305330097352,0.6148552281535711,0.5938935806890838,0.47796182258700903,0.6073339542274088,0.7400350066259873,0.1705489367881962,0.12296024170048833,0.25983146067415736,0.22748815165876782
RETINAL,MobileNetV3,5,FAIR_equal_blend,True,0.7866160280952249,0.7885271586862579,0.9435923650519086,0.06047396214742189,0.02976853974485471,0.0392198188014793,0.3030434077054877,0.5959421230593502,0.5626640774903622,0.7486828427752394,0.6321636945814603,0.6712282776935334,0.21479900112156552,0.6075795418231144,0.7858152903942198,0.08744190292468199,0.06392219917958578,0.16573033707865167,0.12796208530805686
RETINAL,MobileNetV3,5,ABL_no_descriptors,True,0.8006272847560492,0.8030007678132309,0.9524758767626592,0.03665099869001652,0.009899889956711217,0.03373775867970866,0.2847696532130678,0.6203071290492435,0.51774175332263,0.7800475796503707,0.5806581866051491,0.7002024638731495,0.2160596913308152,0.6354554467911891,0.8149491289612076,0.07291667149008596,0.05252925588183281,0.16292134831460675,0.13270142180094788
RETINAL,ViT,1,BASE,True,0.83991220248654,0.8416306127084028,0.9570239353339052,0.05150954795515099,0.020036817553048078,0.03781001047615294,0.2537212333329584,0.6617050222227225,0.4865087453343566,0.808064341545105,0.5011295080184937,0.7361707091331482,0.15003372155703032,0.6615334749221802,0.8357449769973755,0.06099247897790958,0.04754193623922402,0.13043478260869565,0.10725552050473186
RETINAL,ViT,1,MC_DROPOUT,True,0.8349025392119934,0.835816964593085,0.956720873434499,0.04476807212919786,0.02000357509078299,0.03780814411422804,0.25713683271927146,0.6571508897076386,0.49127881046025634,0.7912974953651428,0.5397512912750244,0.7234570384025574,0.34993577816269616,0.6390564441680908,0.8211485743522644,0.06176705495226954,0.04742537534308995,0.13604488078541374,0.10410094637223975
RETINAL,ViT,1,TEMP_SCALE,True,0.83991220248654,0.8416306127084028,0.9570665107724504,0.03807879260930259,0.004494775884210387,0.03524070855935925,0.25242960506529644,0.6634271932462719,0.4872932290696834,0.8254460692405701,0.4553896486759186,0.7489768862724304,0.15071984854611487,0.6818090677261353,0.8525799512863159,0.06102981621811499,0.04757927347942943,0.13183730715287517,0.1056782334384858
RETINAL,ViT,1,VEC_SCALE,True,0.8271464457278384,0.8279181705455863,0.9598697918798198,0.028809690203364574,0.003922033180546434,0.03072444571439996,0.24317651021840495,0.6757646530421272,0.4614002460244409,0.836654527059181,0.4226547691232391,0.761612113034126,0.31896479133391276,0.658919784900041,0.8737729107113186,0.05353127672012867,0.03755676866722972,0.1332398316970547,0.08832807570977919
RETINAL,ViT,1,ISOTONIC,True,0.8271162777264907,0.8298874503883278,0.9553002002082491,0.04949664716311691,0.020079326918729705,0.03989320508105161,0.25433710580255586,0.660883858929926,0.6569036695923827,0.8468636870384216,0.37762877345085144,0.7657053470611572,0.1976298462776911,0.6884589195251465,0.8796536922454834,0.059865616565089146,0.04413011332394636,0.13744740532959332,0.09463722397476342
RETINAL,ViT,1,DIRICHLET,True,0.8293950754121798,0.831121794906156,0.9609288319435094,0.03838920852575749,0.00538675098527597,0.028635049021825152,0.2446796492896493,0.6737604676138014,0.45651419236787955,0.8444409966468811,0.4081885516643524,0.7659000754356384,0.6692905426025391,0.6745621562004089,0.8792945146560669,0.05109311395902992,0.03559469614753079,0.12903225806451613,0.09779179810725552
RETINAL,ViT,1,APEX,True,0.8857924466983095,0.8873762786353734,0.9769511680366022,0.034013997633419515,0.013441252718821822,0.027177669502844434,0.17308120248267925,0.7692250633564279,0.33553752735681447,0.8625488074470372,0.38024131810113637,0.8124559097023067,0.3579911610773291,0.6698139158886663,0.8872232601358757,0.03104756018546969,0.024277205474509102,0.07152875175315568,0.055205047318611984
RETINAL,ViT,1,ABL_no_gate,True,0.8844903633649762,0.8861621087667415,0.977397018453644,0.03407776590529074,0.016332509751216674,0.026631873173065045,0.17323903791965592,0.7690146161071257,0.335211335780086,0.8588894529261877,0.3913260784690728,0.8094741543408162,0.3576728392467863,0.6644679812072495,0.8840922362971614,0.03098335016619184,0.02405939126796284,0.0729312762973352,0.055205047318611984
RETINAL,ViT,1,ABL_no_rbf,True,0.8743421480746072,0.8761407071920284,0.9728949600710342,0.03262146033024395,0.009947996738256148,0.0249416614513953,0.1950311690504138,0.7399584412661153,0.3725235914529358,0.842536168925746,0.43607757411754894,0.7862811106635865,0.22831142153332246,0.6729334069479018,0.8667302228678303,0.03515261467186392,0.026934937682412553,0.091164095371669,0.0694006309148265
RETINAL,ViT,1,ABL_no_poly,True,0.8871613332738268,0.8886280319504264,0.9770483212477568,0.029036970776318317,0.007984177762406109,0.026067170932113658,0.17277355484030166,0.7696352602129315,0.3353990496658355,0.8641220874869647,0.3729653722268671,0.814174980169377,0.33074909957336285,0.6712525943928837,0.8885047364718698,0.03149596659494625,0.024877422281712233,0.07152875175315568,0.055205047318611984
RETINAL,ViT,1,ABL_no_knn,True,0.8884184683098503,0.889918932746315,0.976480998776291,0.033148005043475086,0.009874345878087108,0.025582927465257706,0.17341274738096285,0.7687830034920499,0.3365217424927443,0.8663272298821749,0.3711807850016665,0.8151132712672237,0.36829662441888567,0.6802447008757614,0.8895545526517699,0.031414304567431835,0.02494577941037904,0.0729312762973352,0.05362776025236593
RETINAL,ViT,1,ABL_focal,True,0.8843540658013193,0.8875256073051053,0.9759375952785017,0.058283736359741434,0.028110922286227476,0.03665726174421795,0.18635770497702986,0.7515230600306272,0.36067764005971303,0.8282231993275221,0.46045109384573385,0.7813451692639435,0.18882188757300866,0.6530928955900888,0.8506438641018736,0.03264772500270962,0.02587737029174903,0.07994389901823282,0.061514195583596214
RETINAL,ViT,1,TAU_0.60,True,0.8844903633649762,0.8861621087667415,0.9773799090615731,0.03909045793294082,0.015451591894205793,0.02835146622479982,0.1730029075074815,0.7693294566566916,0.33477441803476143,0.86112413669558,0.38561759842383475,0.811206402398978,0.36182314953885336,0.667186552619797,0.8862641938905889,0.03064768478053247,0.023723725882303467,0.07012622720897616,0.055205047318611984
RETINAL,ViT,1,TAU_0.70,True,0.8844903633649762,0.8861621087667415,0.9767876762331794,0.034570095245582994,0.013609670721898046,0.028045380744975222,0.17318708788473422,0.7690838828203547,0.3363614137095158,0.861984199308755,0.38310890799277564,0.8117714201154302,0.3639122425310373,0.6685618554518465,0.8870574661050208,0.031536598861595225,0.024612639963366226,0.07152875175315568,0.055205047318611984
RETINAL,ViT,1,TAU_0.80,True,0.8844903633649762,0.8861621087667415,0.9769309097730781,0.03403331420825958,0.013546086170105982,0.027718304360574618,0.17298487053058412,0.7693535059592215,0.3355239249529456,0.8625892993905543,0.38097328393696905,0.8124105747098012,0.3579911610773291,0.6684175248398828,0.8877597146100856,0.031297477319975064,0.024373518421746065,0.07152875175315568,0.055205047318611984
RETINAL,ViT,1,TAU_0.85,True,0.8857924466983095,0.8873762786353734,0.9769511680366022,0.034013997633419515,0.013441252718821822,0.027177669502844434,0.17308120248267925,0.7692250633564279,0.33553752735681447,0.8625488074470372,0.38024131810113637,0.8124559097023067,0.3579911610773291,0.6698139158886663,0.8872232601358757,0.03104756018546969,0.024277205474509102,0.07152875175315568,0.055205047318611984
RETINAL,ViT,1,TAU_0.90,True,0.8857924466983095,0.8873762786353734,0.976825297215451,0.032258732581631366,0.011975220729466987,0.027285453605918112,0.17327604624506635,0.7689652716732451,0.33728665202885444,0.8624817082885784,0.38003661796356275,0.812337135565391,0.3579911610773291,0.6698624348977535,0.8871413592205474,0.03100912552589349,0.024238770814932906,0.0729312762973352,0.055205047318611984
RETINAL,ViT,1,TAU_0.95,True,0.8857924466983095,0.8873762786353734,0.9768880700705799,0.03131134198135315,0.011277550499633,0.027227267267160293,0.17356054354302838,0.7685859419426291,0.33731643328741434,0.8622814773099622,0.3798704123113134,0.8121135030629176,0.3579911610773291,0.6699654273596648,0.8869023087402989,0.031063155269351817,0.024292800558391232,0.07433380084151472,0.056782334384858045
RETINAL,ViT,1,FAIR_rbf_svm,True,0.8824624257710302,0.883772607634095,0.9757602723988242,0.02773816428753289,0.005127537242189786,0.023013209364609002,0.17319336123841722,0.7690755183487774,0.34111543668629984,0.874361146230403,0.3402639798223178,0.8222844811074722,0.16345971815926202,0.6744293095483538,0.9009235188181612,0.032703780672242236,0.025467221802537514,0.0729312762973352,0.050473186119873815
RETINAL,ViT,1,FAIR_poly_svm,True,0.8611729279609436,0.8627710891436584,0.969989164826146,0.030437892981269254,0.007565506369965836,0.025763195265745692,0.2015597305397017,0.7312536926137314,0.38887478784815105,0.857066560023325,0.391703063077595,0.7942838791138157,0.16511501780010762,0.6764716882846565,0.8861521176971955,0.038657898856765,0.028471197619144357,0.09396914446002805,0.07097791798107256
RETINAL,ViT,1,FAIR_knn,True,0.814407344217607,0.820067022872141,0.9469608685617728,0.10196552252879042,0.06894101091857698,0.0648109076326915,0.28647666703375213,0.6180311106216643,1.85968142709911,0.8073309051247796,0.39863308531487435,0.7283171525051966,0.31217791548790386,0.6706143480949013,0.8376655495196988,0.09414522423791934,0.07644369289816838,0.14866760168302937,0.11041009463722389
RETINAL,ViT,1,FAIR_equal_blend,True,0.8806045156381233,0.8837080793388452,0.9747313663614257,0.05638853817451821,0.026280018149214136,0.03457789001529212,0.1909862284467221,0.7453516954043709,0.3704903054881548,0.8299224431477722,0.44343067180217544,0.7816285042421622,0.30934725305465594,0.6478124264298021,0.8541170596545883,0.03377330364313584,0.02653674477343112,0.08274894810659186,0.06466876971608833
RETINAL,ViT,1,ABL_no_descriptors,True,0.8925454104002457,0.8944923502380567,0.9779168484020563,0.025363057549743603,0.004830962575173138,0.027578025620117814,0.17014302655567107,0.7731426312591055,0.32913064684493015,0.8674490483771163,0.3693901072898285,0.8171608961559689,0.15104517905317572,0.6897726467394639,0.8887802547884166,0.029766078387800723,0.023736888621743387,0.0729312762973352,0.0473186119873817
RETINAL,ViT,2,BASE,True,0.8505524194096253,0.8498199416803912,0.9670253629560818,0.03942718669715774,0.01613203097511199,0.041656367217976255,0.23528022165341356,0.686293037795449,0.4387909295739377,0.8148365616798401,0.4885200560092926,0.748734176158905,0.29510975877443946,0.6494697332382202,0.8440333604812622,0.04605562187004781,0.03409188848350257,0.11640953716690042,0.08832807570977919
RETINAL,ViT,2,MC_DROPOUT,True,0.8469567580946407,0.8463512112607864,0.967030491282568,0.055064789133444716,0.03082572542470475,0.04554843053945152,0.2393858718501592,0.6808188375331214,0.446033430223222,0.795536994934082,0.530665934085846,0.7346341013908386,0.21853927771250403,0.6198880672454834,0.8274732828140259,0.045547438112174155,0.03295778238169201,0.12061711079943899,0.08990536277602523
RETINAL,ViT,2,TEMP_SCALE,True,0.8505524194096253,0.8498199416803912,0.9670820284746544,0.03650975347617534,0.011778086079307725,0.03724663280136177,0.23371539991165272,0.6883794667844634,0.43617817905874734,0.8305644989013672,0.4481341242790222,0.7602488398551941,0.3754916191101074,0.6687345504760742,0.8591367602348328,0.04600469239058934,0.0340409590040441,0.11921458625525946,0.08832807570977919
RETINAL,ViT,2,VEC_SCALE,True,0.8606157428445047,0.8614731770041155,0.9670058297011224,0.04913034254342006,0.01780632107374455,0.03412582283497103,0.22568139265417844,0.6990914764610958,0.4217200469989038,0.8400254855740792,0.41769298750396155,0.7723002586208707,0.4239352020194348,0.6850922721223333,0.8649781261007147,0.044913147757364755,0.03472644651974411,0.10659186535764376,0.083596214511041
RETINAL,ViT,2,ISOTONIC,True,0.855187835919034,0.8553508097110311,0.9667929809461244,0.03307227950078093,0.009347532827128273,0.028601218766590386,0.2240770077115874,0.7012306563845505,0.4472529900687244,0.8438186645507812,0.39911457896232605,0.7749488353729248,0.609375,0.6787667870521545,0.8718143105506897,0.04321972916224833,0.03206437815456095,0.10799438990182327,0.083596214511041
RETINAL,ViT,2,DIRICHLET,True,0.8588767060774344,0.8596434484632589,0.9667398822734745,0.03575261453962869,0.009755883739224647,0.029801944757824644,0.22505526923061142,0.6999263076925185,0.42502406497636186,0.8395282626152039,0.4196961224079132,0.7721301317214966,0.37873488664627075,0.679879367351532,0.865784764289856,0.04535984865517874,0.03479124545674654,0.10378681626928471,0.083596214511041
RETINAL,ViT,2,APEX,True,0.8845328348471628,0.8857909783338013,0.9815971520262463,0.03545926851895951,0.012965630428744636,0.02968625397937321,0.16911604632647953,0.7745119382313609,0.31664822330388903,0.855874197583061,0.3999958172294954,0.8086255934995858,0.1836092634725825,0.6574246864031866,0.881599134217489,0.025469328813874745,0.018545369915645746,0.07012622720897616,0.050473186119873815
RETINAL,ViT,2,ABL_no_gate,True,0.8859452642256938,0.8871859446249217,0.9814832119452421,0.05151713913880192,0.02210908802240566,0.031783495637578436,0.17046157420868793,0.7727179010550831,0.3199961521609213,0.8493580176587703,0.4178463103482219,0.8030385489957879,0.37074632461490087,0.6553205964290081,0.8741992237906034,0.0257510875567487,0.018980732845788113,0.07152875175315568,0.04889589905362776
RETINAL,ViT,2,ABL_no_rbf,True,0.8816208904840732,0.8839575996189835,0.9805765500392827,0.0649341321446938,0.03681282201447256,0.03933856414892398,0.1768221410174193,0.7642371453101079,0.3372223511163876,0.827985323067011,0.4700508955704276,0.7849783991180981,0.14446097619803444,0.6254417911669645,0.8548946780194455,0.025994137460543347,0.018757578590838625,0.07713884992987377,0.05362776025236593
RETINAL,ViT,2,ABL_no_poly,True,0.8845328348471628,0.8857909783338013,0.981540247802142,0.0420593659351441,0.017302407389587944,0.030699828359115104,0.16962990738334188,0.7738267901555445,0.31715278776654837,0.8556124438257966,0.39970188821976665,0.8082423870438609,0.2810573130443679,0.6578014965723341,0.8812546036549491,0.02557876057972933,0.018654801681500327,0.07012622720897616,0.04889589905362776
RETINAL,ViT,2,ABL_no_knn,True,0.8845545227053024,0.8854773374228226,0.98061685188664,0.02778408982874034,0.0073348505519899064,0.02937727867072511,0.1690645324103899,0.7745806234528138,0.3164689995425432,0.8686718164159982,0.3683861510456358,0.818132773430169,0.234413349135837,0.6739432386059038,0.8939144098358254,0.026216580126756654,0.01929262122852765,0.07433380084151472,0.052050473186119876
RETINAL,ViT,2,ABL_focal,True,0.8825457489769417,0.885112799106508,0.9813105385687337,0.06277731124313206,0.039189890266938684,0.03820577829843583,0.17948190406559547,0.7606907945792063,0.33878054117722345,0.822665134007581,0.4684695575896321,0.7811100799761186,0.194342420144477,0.6201978124532602,0.8492371647964505,0.026016196608325538,0.01893683717803052,0.07713884992987377,0.050473186119873815
RETINAL,ViT,2,TAU_0.60,True,0.8859452642256938,0.8871859446249217,0.9814879126426846,0.047889498197270085,0.023465854263074362,0.030260787893164512,0.1693109128008761,0.7742521162654988,0.31714293719264175,0.853525690257198,0.4087839331937077,0.8062846440782357,0.41869883582163836,0.66122189509183,0.87814495279615,0.025968434706121257,0.01919807999516067,0.07152875175315568,0.050473186119873815
RETINAL,ViT,2,TAU_0.70,True,0.883319242614153,0.8845920358024915,0.9814316954941593,0.04220579246997162,0.016224591934591758,0.029250012688118936,0.1696954619777667,0.7737393840296447,0.3173099531819969,0.8549087132360543,0.40433650400658766,0.807314515677719,0.2374518907249618,0.6569591804735686,0.8808878245258526,0.025921369005612913,0.01884200957531789,0.07152875175315568,0.04889589905362776
RETINAL,ViT,2,TAU_0.80,True,0.883319242614153,0.8845920358024915,0.9814392890299737,0.03974239419207187,0.014501400670129823,0.030050555450676954,0.16947104732396207,0.7740386035680509,0.31743565630564186,0.855985577838194,0.4007064353277065,0.808372064052648,0.2374518907249618,0.6569576086586747,0.8821062242925674,0.02566882028259849,0.018589460852303473,0.07152875175315568,0.050473186119873815
RETINAL,ViT,2,TAU_0.85,True,0.8845328348471628,0.8857909783338013,0.9815971520262463,0.03545926851895951,0.012965630428744636,0.02968625397937321,0.16911604632647953,0.7745119382313609,0.31664822330388903,0.855874197583061,0.3999958172294954,0.8086255934995858,0.1836092634725825,0.6574246864031866,0.881599134217489,0.025469328813874745,0.018545369915645746,0.07012622720897616,0.050473186119873815
RETINAL,ViT,2,TAU_0.90,True,0.8845328348471628,0.8857909783338013,0.9815912423244006,0.036433781482192326,0.014802530034579375,0.029650994099417873,0.16945633033410187,0.7740582262211978,0.31667643038046056,0.8561595971335224,0.39874893508637105,0.808648630108297,0.1836092634725825,0.6584605540407513,0.8817872508677705,0.025399704957769,0.01847574605954,0.07012622720897616,0.050473186119873815
RETINAL,ViT,2,TAU_0.95,True,0.8845328348471628,0.8857909783338013,0.9816992985931488,0.03710958191955531,0.016153320611266953,0.02933120265679197,0.1693166131631956,0.7742445157824062,0.3161871339402915,0.8553518815934205,0.3991137301607585,0.8083261835586845,0.1836092634725825,0.6562256369536847,0.8811645429356086,0.025224733578473105,0.018300774680244103,0.07012622720897616,0.04889589905362776
RETINAL,ViT,2,FAIR_rbf_svm,True,0.8809588613903176,0.8819911667557264,0.9799944623318688,0.024264075036884027,0.004902876801005323,0.026457603787043368,0.17118636680441005,0.7717515109274535,0.31854492663806966,0.875550876836668,0.3433519076786872,0.8226251866479848,0.36419399795896995,0.6799835128157541,0.9018503506821127,0.027029077546657336,0.019633517760331603,0.0729312762973352,0.052050473186119876
RETINAL,ViT,2,FAIR_poly_svm,True,0.8831001231047881,0.884242703401221,0.9771163055847035,0.036212725004409856,0.014418127371884576,0.027382380577799778,0.17650265673083215,0.7646631243588908,0.34424679826239823,0.8510067477452269,0.40540312776683746,0.8033134963657313,0.12829961598417722,0.6492401957166394,0.8774868087817892,0.03127890975404803,0.02419955032375301,0.07994389901823282,0.05362776025236593
RETINAL,ViT,2,FAIR_knn,True,0.819421605325942,0.823357477878981,0.9549390809472504,0.0815561283663248,0.04968540163030316,0.0502106237870241,0.2703169605542444,0.6395773859276745,1.319502140447852,0.7956569849020322,0.4238141954854697,0.7293039105296134,0.3082124069218138,0.6300609822651875,0.8314683903802457,0.06097711512415559,0.044027335351103286,0.1416549789621318,0.10094637223974762
RETINAL,ViT,2,FAIR_equal_blend,True,0.8844676041860094,0.8868322556550232,0.9810628297475106,0.06021846393880478,0.03244808177674452,0.03654156824032513,0.1775586058184989,0.7632551922420018,0.3361205493473898,0.8259042868755535,0.4562548638889301,0.7850808645144439,0.3476706978930277,0.6215751294877014,0.8523913998702752,0.025936105835256525,0.019012146937027526,0.07573632538569425,0.04889589905362776
RETINAL,ViT,2,ABL_no_descriptors,True,0.8858132303223565,0.8871195286592657,0.9823779868205591,0.03806969028711789,0.01568362525006008,0.030559313383193197,0.1658538203957595,0.7788615728056543,0.30992751059624496,0.8547947088978192,0.4014720971302709,0.8096772130984762,0.19096626858868693,0.6461684232958219,0.8815036217060407,0.023482583716170763,0.016712229005210175,0.07012622720897616,0.04889589905362776
RETINAL,ViT,3,BASE,True,0.7979543487555765,0.8008041564510495,0.9550522901460193,0.027677219196646688,0.0053075861238188905,0.043260178293840185,0.2850528735938559,0.6199295018748593,0.5247079125572541,0.8078279495239258,0.4994082748889923,0.7206277251243591,0.301620751619339,0.6519350409507751,0.8466169238090515,0.0694058271170095,0.04796357848726601,0.16129032258064516,0.13249211356466878
RETINAL,ViT,3,MC_DROPOUT,True,0.7927063356012878,0.7954236962260075,0.9546911147017811,0.022695650744708754,0.0007229744563034858,0.04419911201235286,0.2861283116106548,0.6184955845191275,0.5268857246272275,0.7890384793281555,0.5429133176803589,0.7075996398925781,0.32402440905570984,0.6278955936431885,0.8304097056388855,0.07048271392118301,0.04790056799092931,0.16549789621318373,0.12618296529968454
RETINAL,ViT,3,TEMP_SCALE,True,0.7979543487555765,0.8008041564510495,0.955038559301051,0.03744625966305389,0.01013562924372566,0.04480062619064233,0.28491612806666117,0.6201118292444523,0.5241514997148525,0.7952112555503845,0.5318227410316467,0.7120404243469238,0.31576424837112427,0.6377611756324768,0.8343878984451294,0.06941130392646402,0.047969055296720534,0.15988779803646563,0.1309148264984227
RETINAL,ViT,3,VEC_SCALE,True,0.8156841037752651,0.8162914341182337,0.9584846448333874,0.031304885166347086,0.007358574951711834,0.026012865229597826,0.25786445166723676,0.6561807311103515,0.475961098451644,0.8077835756659736,0.4965793564192057,0.7346267833876157,0.11030876122684141,0.6384420359048792,0.8456763584828851,0.0602111907154608,0.042255193419456306,0.1458625525946704,0.1056782334384858
RETINAL,ViT,3,ISOTONIC,True,0.8089373814963572,0.8118292368050792,0.9552000334641855,0.03857331118848256,0.012560591561598852,0.031188209140954992,0.26715088348751465,0.6437988220166476,0.6026370793705914,0.8260989785194397,0.4607240557670593,0.7392060160636902,0.2885081470012665,0.6761006712913513,0.8608034253120422,0.06844825195387215,0.049454900306374866,0.1514726507713885,0.11829652996845422
RETINAL,ViT,3,DIRICHLET,True,0.8139439309536372,0.8146636281663885,0.9591796440308011,0.03172540916470529,0.006576195249538499,0.028303967351487328,0.2555857083067436,0.659219055591009,0.47554491712639657,0.8163068294525146,0.4808017909526825,0.7401750087738037,0.6796577870845795,0.646234393119812,0.8546848297119141,0.058472220505111853,0.04025981121265641,0.14165497896213183,0.1056782334384858
RETINAL,ViT,3,APEX,True,0.8598683662733355,0.8612441393976578,0.9750392884146495,0.015271312872593399,0.0,0.025267707437496872,0.19953476212737395,0.7339536504968351,0.3600203764742755,0.867511135557281,0.37357952311268533,0.8011724248734501,0.11819298774190501,0.6947234297036241,0.895633474779797,0.036842063216206575,0.02646533550994549,0.09817671809256662,0.07097791798107256
RETINAL,ViT,3,ABL_no_gate,True,0.8586488540782136,0.8600534309563577,0.9750368041778881,0.014581639271668856,0.0,0.02584003401212577,0.19953106973549645,0.733958573686005,0.36002869773971935,0.8673882111899245,0.37395976352610716,0.8010796752873629,0.11790389815387958,0.6924588336997363,0.8961578004394121,0.03690331611046819,0.02633471291203599,0.09817671809256662,0.07097791798107256
RETINAL,ViT,3,ABL_no_rbf,True,0.8547528294822293,0.8578670421391171,0.9738601367248995,0.030437966150632666,0.010966469542926316,0.027978250153547792,0.20605008717542306,0.7252665504327696,0.37962375725372866,0.837088152819532,0.4580774652707551,0.7750708251974744,0.09220086859324461,0.6553706219796684,0.867597428984104,0.036059729073960226,0.025101816951970536,0.10238429172510519,0.06624605678233439
RETINAL,ViT,3,ABL_no_poly,True,0.8587444479366759,0.859971036335978,0.9747422358012593,0.021472430832403827,0.0,0.02214907895112475,0.20066218116943726,0.7324504251074173,0.361929650197763,0.8687673188450691,0.3682699119803141,0.8017138471688863,0.12557614714022136,0.6956797158658465,0.897234002448113,0.036995208696681145,0.026426605498248948,0.09957924263674614,0.07413249211356467
RETINAL,ViT,3,ABL_no_knn,True,0.8612728606553581,0.8625285478057338,0.9742380089048842,0.014279170399248172,0.0,0.0266572025197419,0.20021100955828852,0.7330519872556156,0.36625197365204687,0.8702217531441926,0.3651865893261569,0.8029716221435087,0.6263745119133269,0.7011213403158774,0.8974560802468494,0.0415383138659353,0.03135161262831466,0.09817671809256662,0.07097791798107256
RETINAL,ViT,3,ABL_focal,True,0.861452034012784,0.8643274592901242,0.9761736087948414,0.03896025746474944,0.01938140993313562,0.03159083163537267,0.198788233262466,0.7349490223167123,0.3689573178550614,0.8290839947523859,0.46707944754374375,0.7737658291785693,0.12015540290810489,0.6412141587896389,0.8590223165651628,0.03220538843718567,0.02220686735188348,0.09537166900420757,0.06624605678233439
RETINAL,ViT,3,TAU_0.60,True,0.8598683662733355,0.8612441393976578,0.975036989663808,0.015244133951453758,0.0,0.025538926605753208,0.19952541977149962,0.7339661069713341,0.3600360380991997,0.8674523653891139,0.37377967423446345,0.801129986434247,0.11795975756015042,0.6946587903196357,0.8955756598652316,0.03687066818332962,0.026493940477068535,0.09817671809256662,0.07097791798107256
RETINAL,ViT,3,TAU_0.70,True,0.8598683662733355,0.8612441393976578,0.9750434364153133,0.015255199065196267,0.0,0.025536119146812288,0.19952042799808511,0.7339727626692202,0.3600121073007422,0.8674807864265831,0.37368474408526037,0.8011560977656842,0.11819298774190501,0.6946642923171502,0.8956078111276783,0.036854276809754935,0.026477549103493852,0.09817671809256662,0.07097791798107256
RETINAL,ViT,3,TAU_0.80,True,0.8598683662733355,0.8612441393976578,0.9750372144143178,0.015263001339528447,0.0,0.025533262087505757,0.199520220830138,0.7339730388931497,0.35999913170037096,0.8675001158931888,0.3736082146969971,0.8011732055064024,0.11819298774190501,0.6946816100847347,0.8956274680115733,0.036848823266424025,0.02647209556016294,0.09817671809256662,0.07097791798107256
RETINAL,ViT,3,TAU_0.85,True,0.8598683662733355,0.8612441393976578,0.9750392884146495,0.015271312872593399,0.0,0.025267707437496872,0.19953476212737395,0.7339536504968351,0.3600203764742755,0.867511135557281,0.37357952311268533,0.8011724248734501,0.11819298774190501,0.6947234297036241,0.895633474779797,0.036842063216206575,0.02646533550994549,0.09817671809256662,0.07097791798107256
RETINAL,ViT,3,TAU_0.90,True,0.8598683662733355,0.8612441393976578,0.9750432266849427,0.015275417698902533,0.0,0.02526781549217773,0.199533798295026,0.7339549356066324,0.3600088285274564,0.867511046800071,0.3735753423853031,0.8011723317320264,0.11819298774190501,0.6947211507156958,0.8956337424970879,0.03683544766273867,0.026458719956477587,0.09817671809256662,0.07097791798107256
RETINAL,ViT,3,TAU_0.95,True,0.8598683662733355,0.8612441393976578,0.9750368801864668,0.015278042952446936,0.0,0.025672570801785394,0.19952945015542697,0.7339607331260978,0.35999696934099656,0.8674999430681195,0.3735860831784556,0.8011676536561808,0.11819298774190501,0.694698896857783,0.8956244535217079,0.036836764164248983,0.0264600364579879,0.09817671809256662,0.07097791798107256
RETINAL,ViT,3,FAIR_rbf_svm,True,0.8601489423186983,0.8612713584617029,0.9734117528869064,0.018760806156375997,0.0017956560752436703,0.024382402679663018,0.20212582128942355,0.7304989049474356,0.3768466072267659,0.8735807355246068,0.3526852837329976,0.8048532098106583,0.13249365272040603,0.7054430367600975,0.9009462554114991,0.04323989259178265,0.03286316488552157,0.09957924263674614,0.07413249211356467
RETINAL,ViT,3,FAIR_poly_svm,True,0.8516981363217837,0.8540882701253336,0.9710376999740432,0.024789871772110048,0.004629966903058429,0.02704738087970306,0.21192629097997684,0.7174316120266979,0.3926538382750094,0.8535809381355166,0.40952556182019034,0.785010667367697,0.1274585097655292,0.679498279190869,0.8837106291067056,0.041729575862979595,0.030173764539909685,0.10378681626928471,0.07570977917981073
RETINAL,ViT,3,FAIR_knn,True,0.7998254271896565,0.8059449011125239,0.9509667406040474,0.07315187222106664,0.04516733736861818,0.053621802715446,0.28296818239403276,0.6227090901412902,1.5863738617792638,0.7887633615512327,0.4408969011672575,0.7176737939327911,0.31415723980789856,0.6165092679504212,0.830948037535105,0.061116940779407276,0.0402327129537473,0.1542776998597475,0.10567823343848576
RETINAL,ViT,3,FAIR_equal_blend,True,0.8587147994024216,0.861770734382523,0.9753964958089274,0.04250682039378131,0.02187068333552087,0.032864086345593346,0.20231954736140395,0.7302406035181284,0.37417697970888464,0.823376969738876,0.46958688163992945,0.7691792237037159,0.3205141224846595,0.6318795855463634,0.8545444325619975,0.032678986467345184,0.0223022587610841,0.09817671809256662,0.06309148264984227
RETINAL,ViT,3,ABL_no_descriptors,True,0.8690835724625245,0.870543726804153,0.9755249548727535,0.012643829082009353,0.0013530384202947911,0.02651668847808926,0.19610203330767176,0.7385306222564381,0.3555777333936457,0.8660900372735773,0.3789430420032869,0.8015125748934255,0.29778335108871545,0.7027708737079223,0.8907419864910348,0.034266768127186174,0.025181547258779004,0.09537166900420757,0.06624605678233439
RETINAL,ViT,4,BASE,True,0.8267679109788236,0.8330382756616093,0.9602275404872234,0.03174390862084399,0.00628148889884478,0.04484886093055736,0.2561073832603998,0.6585234889861341,0.48928000919722214,0.8060446977615356,0.5010645985603333,0.7338907122612,0.19799338777860007,0.6522100567817688,0.8373727798461914,0.06224727069249959,0.04694423315708329,0.13904494382022473,0.10742496050552923
RETINAL,ViT,4,MC_DROPOUT,True,0.8321510537698827,0.8380462184873949,0.9601377684302299,0.04766010850517435,0.016810480038371954,0.04742095591747342,0.2586489041935492,0.6551347944086016,0.4940160769542159,0.7890061140060425,0.5400785803794861,0.7213770747184753,0.31982553005218506,0.6414517164230347,0.817982017993927,0.06203231118001308,0.047653284130580904,0.13904494382022473,0.10900473933649289
RETINAL,ViT,4,TEMP_SCALE,True,0.8267679109788236,0.8330382756616093,0.9602164548790941,0.036795371183843364,0.00951446196819683,0.045316707609795184,0.2564179979526069,0.6581093360631913,0.48951109333453646,0.8031189441680908,0.508665919303894,0.7317116260528564,0.22619335991995676,0.64907306432724,0.8344898819923401,0.062268287127824604,0.046965249592408304,0.13764044943820225,0.10742496050552923
RETINAL,ViT,4,VEC_SCALE,True,0.8355617443096274,0.8361634821713402,0.963329248129177,0.03534387193454807,0.010706548106725541,0.029407820694913676,0.23581290827104484,0.6855827889719406,0.4420462633485591,0.835965454028548,0.43391635760661956,0.7635945672729086,0.32865108448305025,0.6660875255720146,0.8693251680759035,0.05185360935548999,0.03747458230605781,0.12219101123595505,0.09636650868878358
RETINAL,ViT,4,ISOTONIC,True,0.8502084445334346,0.8524507953557363,0.962299078992015,0.04172459726381785,0.011837359229935483,0.03266988529334542,0.23582726014457797,0.6855636531405631,0.49834976463863306,0.8386563658714294,0.4147588908672333,0.7676995992660522,0.30439358949661255,0.6867544054985046,0.8652504682540894,0.05537055840763979,0.04358119284725093,0.11376404494382021,0.09320695102685622
RETINAL,ViT,4,DIRICHLET,True,0.8496664546534406,0.8505029568129951,0.9649939938056884,0.03199203914464123,0.014532362888045589,0.025644993195351403,0.2298590602992055,0.693521252934393,0.4299016319799281,0.8381437063217163,0.4297142028808594,0.7676668167114258,0.4805033121790204,0.6829573512077332,0.8655838370323181,0.04888914927559772,0.03689434876017601,0.11657303370786516,0.0947867298578199
RETINAL,ViT,4,APEX,True,0.8909747945501276,0.8916908825414637,0.9794030772105198,0.03422129913069592,0.012490326865509736,0.02640876645855045,0.17036786430506726,0.772842847593244,0.3199086691473043,0.8631704972298975,0.37769938876720555,0.8146251481732241,0.3333886187132307,0.6741880995923532,0.8861910159222897,0.028999339181276725,0.022809586989056413,0.07584269662921349,0.04897314375987362
RETINAL,ViT,4,ABL_no_gate,True,0.8909747945501276,0.8916908825414637,0.9793213717491698,0.029613159530163552,0.005688512391940062,0.026799971141384923,0.1705037171621286,0.7726617104504956,0.3204016561486863,0.8618009818839779,0.3816443442859469,0.8135031477444641,0.33151995088876535,0.6729485141001451,0.884805673427051,0.02921850087426529,0.023028748682044978,0.07584269662921349,0.05055292259083728
RETINAL,ViT,4,ABL_no_rbf,True,0.8740963771564834,0.8756796795554797,0.9767471017912901,0.031346660967963735,0.012854612397706895,0.028141462638985735,0.1824940404495234,0.7566746127339692,0.349729117744199,0.848662776844045,0.42794306062678383,0.7965846176071675,0.14179639746685901,0.6495396865522913,0.8771089326000101,0.03302760297262325,0.02478869296303455,0.08426966292134831,0.05687203791469194
RETINAL,ViT,4,ABL_no_poly,True,0.8875739633559585,0.8878666046039696,0.9788316649000979,0.025863369276309302,0.004628815290918686,0.022109630704502194,0.17151722775379488,0.7713103629949405,0.32261726304292454,0.8646066716664713,0.3712093045278662,0.8153489202615144,0.12153782214616904,0.6688540978814482,0.8893890031982881,0.03027246609896372,0.02363686228396497,0.07724719101123595,0.05055292259083728
RETINAL,ViT,4,ABL_no_knn,True,0.8909747945501276,0.8916908825414637,0.9794006203256167,0.03030586208477191,0.00885525629234394,0.02578981019901449,0.1704427101652246,0.7727430531130342,0.31977890556217275,0.8635043322019463,0.37683828745967185,0.8148223000525642,0.33264436270089265,0.6749889501640851,0.8864679623085415,0.02899622629692557,0.02280647410470526,0.07584269662921349,0.04897314375987362
RETINAL,ViT,4,ABL_focal,True,0.8861960480715363,0.8882349614939824,0.9786173752663928,0.0679776583486119,0.03889890632095211,0.03841983577806514,0.1740152886973496,0.7679796150702008,0.344509426961829,0.8287258442622902,0.4694245728175066,0.7867429436321894,0.2087753547967225,0.6256434817542469,0.8544361291317295,0.02961828703449851,0.02298268321949976,0.06741573033707865,0.05529225908372828
RETINAL,ViT,4,TAU_0.60,True,0.8909747945501276,0.8916908825414637,0.979370256506848,0.028892526171988377,0.00769800399698941,0.0264847279297661,0.1703169997870416,0.7729106669506115,0.32014204260877044,0.8625216152421531,0.379815113008058,0.8141078329380269,0.3312069503582901,0.6734618898839583,0.8855515534585903,0.029121010057662544,0.022931257865442232,0.07584269662921349,0.04897314375987362
RETINAL,ViT,4,TAU_0.70,True,0.8909747945501276,0.8916908825414637,0.9794060151046087,0.028859976903546955,0.009361915097870844,0.02590367318498632,0.17035696563996985,0.7728573791467072,0.31997349535073966,0.8629413968667513,0.3786051470558071,0.8144111292102745,0.3319509801101707,0.6741045647992233,0.885944183775827,0.0290424523633556,0.022852700171135287,0.07584269662921349,0.04897314375987362
RETINAL,ViT,4,TAU_0.80,True,0.8909747945501276,0.8916908825414637,0.9794149849242835,0.029366800877963985,0.009639132674640704,0.025973531983426452,0.1703959053630837,0.7728054595158887,0.31989675954244495,0.8631665411307357,0.37786155597020576,0.8145818242443642,0.3319509801101707,0.6743938146262034,0.8861615191468686,0.029014763455573404,0.022825011263353092,0.07584269662921349,0.04897314375987362
RETINAL,ViT,4,TAU_0.85,True,0.8909747945501276,0.8916908825414637,0.9794030772105198,0.03422129913069592,0.012490326865509736,0.02640876645855045,0.17036786430506726,0.772842847593244,0.3199086691473043,0.8631704972298975,0.37769938876720555,0.8146251481732241,0.3333886187132307,0.6741880995923532,0.8861910159222897,0.028999339181276725,0.022809586989056413,0.07584269662921349,0.04897314375987362
RETINAL,ViT,4,TAU_0.90,True,0.8909747945501276,0.8916908825414637,0.9794092798754543,0.034174385530145075,0.011764568192839603,0.02623253671684141,0.17032677019553752,0.7728976397392836,0.3197991444379293,0.863192913500675,0.37750067598127823,0.814666247027344,0.3333886187132307,0.6741546100025186,0.8862202422554079,0.02900788540513995,0.022818133212919638,0.07584269662921349,0.04897314375987362
RETINAL,ViT,4,TAU_0.95,True,0.8909747945501276,0.8916908825414637,0.9793947951673718,0.034267837213138114,0.012432200569678871,0.026317101164388575,0.1703555904494504,0.7728592127340664,0.3198582999872688,0.8630551488006835,0.3777333352970983,0.814563087619668,0.3333886187132307,0.6740003669004565,0.8860844848395214,0.029020980788509294,0.022831228596288982,0.07584269662921349,0.04897314375987362
RETINAL,ViT,4,FAIR_rbf_svm,True,0.8887934755510805,0.8891840158589125,0.9788371047907598,0.02328149816405425,0.0036607831323188992,0.02366109158921642,0.17207104043929825,0.7705719460809359,0.32197019355297524,0.8672301664541595,0.3623251524561601,0.81709802149789,0.12890473839137595,0.6755820097168416,0.8911861860463243,0.030080146960940746,0.023594953008756706,0.07865168539325842,0.04897314375987362
RETINAL,ViT,4,FAIR_poly_svm,True,0.8722226160987633,0.8735386255152027,0.9762798626309279,0.023269365008495618,0.008331045293363147,0.023779569436735263,0.1861556142395838,0.7517925143472219,0.3585376292709352,0.8559155260155723,0.40192839396754415,0.8007640060763812,0.12612379598375717,0.6609016213337873,0.8844197291600879,0.03587069061686166,0.02728933921712415,0.08567415730337079,0.05687203791469194
RETINAL,ViT,4,FAIR_knn,True,0.8241521923729181,0.8271290696467217,0.9551888550771054,0.08776290518374609,0.06163613177255694,0.062224670157000825,0.27048820069936985,0.639349065734174,1.6925543607107778,0.793377970190498,0.42974505561028653,0.7275311429175246,0.2026856317662551,0.6240097642847567,0.8284908909270542,0.06746440366284466,0.05168785919140031,0.13623595505617966,0.0979462875197471
RETINAL,ViT,4,FAIR_equal_blend,True,0.8859881952304699,0.8880546660494935,0.978247297087784,0.0721377567768693,0.043454965266431646,0.042878597826428215,0.178906983854876,0.7614573548601656,0.35280985499556106,0.8229829861073116,0.466714676244356,0.781797723497266,0.19138932203223258,0.618750211742461,0.848838913445109,0.028791862712997905,0.022156258897999156,0.06882022471910113,0.05529225908372828
RETINAL,ViT,4,ABL_no_descriptors,True,0.8817273566208619,0.8832801113200851,0.9795159503145456,0.02601651136351252,0.00594926575085385,0.023377294370344952,0.16855927055181077,0.7752543059309193,0.31680764791720384,0.8689223896578228,0.3641995414092622,0.8192146654732156,0.21971598550933386,0.6594131757293797,0.896797006103238,0.028519860626279692,0.02126463119439599,0.0702247191011236,0.052132701421800945
RETINAL,ViT,5,BASE,True,0.7925259503007379,0.7953053874157405,0.9548912234972322,0.03630358801044599,0.008092682623383942,0.04346619952896921,0.2781460372708557,0.6291386169721929,0.5151225570460362,0.7998197078704834,0.5098578929901123,0.7205668687820435,0.6976921558380127,0.6292074918746948,0.8423380851745605,0.07125893939302522,0.049760435649012405,0.16151685393258428,0.11532385466034756
RETINAL,ViT,5,MC_DROPOUT,True,0.7963874212102653,0.7990731862454303,0.9542137244035015,0.02803849447706733,0.008463525768009827,0.041368919781308064,0.28120982390106586,0.6250535681319127,0.519591866736647,0.7847774028778076,0.5448065400123596,0.709080159664154,0.2948629856109619,0.6162578463554382,0.8257829546928406,0.07168717433256055,0.05102496302666036,0.1601123595505618,0.12006319115323855
RETINAL,ViT,5,TEMP_SCALE,True,0.7925259503007379,0.7953053874157405,0.9548724843511301,0.03396037913332084,0.010032967254110323,0.04094357539857316,0.27847805626815203,0.6286959249757977,0.5153327554824529,0.7918393015861511,0.530784010887146,0.7148973941802979,0.6997499167919159,0.6211543083190918,0.8343759179115295,0.07138924706649291,0.0498907433224801,0.16151685393258428,0.11532385466034756
RETINAL,ViT,5,VEC_SCALE,True,0.8150039229622859,0.8160300384746242,0.9574750031699653,0.019332275563798847,0.0018182952062338051,0.030221608051093557,0.26133629018565613,0.6515516130857923,0.48161917201853993,0.8061316163964233,0.49253503046173835,0.7325330591879504,0.674099895337118,0.6364117687339674,0.8438471380991912,0.05980489911241061,0.04205710123515901,0.14606741573033707,0.10900473933649289
RETINAL,ViT,5,ISOTONIC,True,0.8051437941220625,0.8073215596897638,0.9548210288610144,0.03643942646908038,0.014404088071812279,0.028218028392975523,0.2704896967405061,0.639347071012659,0.5308758426929059,0.8206480145454407,0.472900390625,0.7322001457214355,0.3261384665966034,0.675092875957489,0.8546561002731323,0.06698528705007044,0.047677294774628044,0.15028089887640445,0.10900473933649285
RETINAL,ViT,5,DIRICHLET,True,0.8160281863192899,0.8168037326508841,0.9553428602527811,0.04226835986429998,0.013969431930809751,0.027660085094417683,0.2717247024639227,0.6377003967147702,0.4950140465228475,0.8125486373901367,0.47577959299087524,0.7316521406173706,0.18315500020980835,0.6614522933959961,0.8461254835128784,0.06384505892319171,0.04609726104594011,0.15589887640449437,0.13112164296998421
RETINAL,ViT,5,APEX,True,0.8626228779907735,0.8639546299315957,0.9772699224192607,0.03154039829973547,0.009099077260052433,0.031242826436965087,0.19278286253178176,0.742956183290958,0.35461645920900486,0.8527538841091502,0.41047821214493724,0.7945254993493365,0.6684559021388947,0.6575475925473704,0.8832459617691655,0.031616481960016374,0.02196386747644956,0.08567415730337079,0.06477093206951026
RETINAL,ViT,5,ABL_no_gate,True,0.8626228779907735,0.8639546299315957,0.9772699224192607,0.03154039829973552,0.009099077260052484,0.03124282643696509,0.19278286253178176,0.742956183290958,0.35461645920900486,0.8527538841091502,0.41047821214493724,0.7945254993493365,0.6684559021388947,0.6575475925473704,0.8832459617691655,0.031616481960016374,0.02196386747644956,0.08567415730337079,0.06477093206951026
RETINAL,ViT,5,ABL_no_rbf,True,0.8553444697547766,0.8570161167257488,0.9723249736877521,0.03154681712917028,0.011145405053304655,0.032084203756,0.20937292251261153,0.7208361033165183,0.3909433818770916,0.8383598907505322,0.4475132579376007,0.7762226466075073,0.2014163226570335,0.6578381811724421,0.8684025316670624,0.039595026817752746,0.028804791424728728,0.0997191011235955,0.07582938388625593
RETINAL,ViT,5,ABL_no_poly,True,0.8686158153492176,0.8703055205252999,0.977079013862652,0.03659691422793974,0.010449593404108039,0.03201903394047885,0.19333633887142346,0.7422182148381025,0.3542737293051118,0.8552393727047003,0.3994036353729631,0.796490868122881,0.20375127269311544,0.6717236254413574,0.8823677875175422,0.031951908289316586,0.023196596647338637,0.09269662921348315,0.061611374407582936
RETINAL,ViT,5,ABL_no_knn,True,0.8643009477570098,0.8655283820934279,0.9767051787610135,0.02882414248650782,0.004804747969851189,0.025074237694596876,0.19290230726562338,0.7427969236458358,0.35536678051142856,0.8585939834496328,0.3945923838589606,0.7989824928837718,0.20968968906519989,0.6675150574411347,0.8881192985471557,0.03197746793336027,0.02250798979376052,0.08567415730337079,0.06477093206951026
RETINAL,ViT,5,ABL_focal,True,0.8623110037207655,0.8644479446541568,0.9763694282738005,0.061036022929949016,0.03286921086551666,0.04090123078527705,0.2026264177687545,0.7298314429749944,0.3799366356409152,0.8192137298498355,0.4868955526308693,0.7658376885451557,0.21398047695467165,0.6311632735673525,0.8482710889838635,0.035365141248651005,0.02589566310905126,0.08567415730337079,0.06477093206951026
RETINAL,ViT,5,TAU_0.60,True,0.8626228779907735,0.8639546299315957,0.9772699224192607,0.03154039829973547,0.009099077260052433,0.031242826436965087,0.19278286253178176,0.742956183290958,0.35461645920900486,0.8527538841091502,0.4104782121449373,0.7945254993493365,0.6684559021388947,0.6575475925473704,0.8832459617691655,0.031616481960016374,0.02196386747644956,0.08567415730337079,0.06477093206951026
RETINAL,ViT,5,TAU_0.70,True,0.8626228779907735,0.8639546299315957,0.9772699224192607,0.03154039829973547,0.009099077260052433,0.031242826436965087,0.19278286253178176,0.742956183290958,0.35461645920900486,0.8527538841091502,0.4104782121449373,0.7945254993493365,0.6684559021388947,0.6575475925473704,0.8832459617691655,0.031616481960016374,0.02196386747644956,0.08567415730337079,0.06477093206951026
RETINAL,ViT,5,TAU_0.80,True,0.8626228779907735,0.8639546299315957,0.9772699224192607,0.03154039829973547,0.009099077260052433,0.031242826436965087,0.19278286253178176,0.742956183290958,0.35461645920900486,0.8527538841091502,0.4104782121449373,0.7945254993493365,0.6684559021388947,0.6575475925473704,0.8832459617691655,0.031616481960016374,0.02196386747644956,0.08567415730337079,0.06477093206951026
RETINAL,ViT,5,TAU_0.85,True,0.8626228779907735,0.8639546299315957,0.9772699224192607,0.03154039829973547,0.009099077260052433,0.031242826436965087,0.19278286253178176,0.742956183290958,0.35461645920900486,0.8527538841091502,0.4104782121449373,0.7945254993493365,0.6684559021388947,0.6575475925473704,0.8832459617691655,0.031616481960016374,0.02196386747644956,0.08567415730337079,0.06477093206951026
RETINAL,ViT,5,TAU_0.90,True,0.8626228779907735,0.8639546299315957,0.9772699224192607,0.03154039829973547,0.009099077260052433,0.031242826436965087,0.19278286253178176,0.742956183290958,0.35461645920900486,0.8527538841091502,0.4104782121449373,0.7945254993493365,0.6684559021388947,0.6575475925473704,0.8832459617691655,0.031616481960016374,0.02196386747644956,0.08567415730337079,0.06477093206951026
RETINAL,ViT,5,TAU_0.95,True,0.8626228779907735,0.8639546299315957,0.9772699224192607,0.03154039829973547,0.009099077260052433,0.031242826436965087,0.19278286253178176,0.742956183290958,0.35461645920900486,0.8527538841091502,0.4104782121449373,0.7945254993493365,0.6684559021388947,0.6575475925473704,0.8832459617691655,0.031616481960016374,0.02196386747644956,0.08567415730337079,0.06477093206951026
RETINAL,ViT,5,FAIR_rbf_svm,True,0.8676010602617293,0.8690389805977156,0.9761570083145705,0.021568750057229955,0.0042795214312234976,0.0262114057741099,0.19410232988135925,0.7411968934915214,0.35624922675535553,0.8658657337515889,0.36756574716870755,0.8045602934975788,0.22918096114321412,0.682431146101744,0.8932877403233366,0.033115843887141234,0.02418474210978861,0.09410112359550561,0.0631911532385466
RETINAL,ViT,5,FAIR_poly_svm,True,0.8598759033264417,0.8610786013281634,0.9685903739171962,0.030097801845612948,0.01151285704428179,0.032623684624188694,0.2138960681886772,0.7148052424150975,0.4130934269131946,0.8526620428065598,0.4030198433595993,0.7854491899774959,0.17497833090517412,0.6884085473071717,0.8791545420806547,0.04479187654955656,0.03457878274684697,0.10112359550561797,0.07898894154818326
RETINAL,ViT,5,FAIR_knn,True,0.7985103848535171,0.8020133831446553,0.9439285362654289,0.08423053604298308,0.05178971341656559,0.05979967984700224,0.30514290759524076,0.5931427898730128,1.8174970448350245,0.786145778376797,0.4460232070443611,0.7046949795122098,0.23947876799549583,0.6454898469551488,0.820922126775535,0.08310727661734627,0.061889524365054176,0.16151685393258422,0.12638230647709317
RETINAL,ViT,5,FAIR_equal_blend,True,0.864416825407442,0.8666387731379404,0.975250835077935,0.05555890542776171,0.027445270589123435,0.039911901167713947,0.20585808476753836,0.7255225536432826,0.38351086636204057,0.8184899957845434,0.4778509112761486,0.7649014876624288,0.15376570047434135,0.6353088111991677,0.8464871200661512,0.03629495240866306,0.027006770049965337,0.0898876404494382,0.06635071090047394
RETINAL,ViT,5,ABL_no_descriptors,True,0.8622334242641512,0.8642944543551285,0.9768991446247459,0.03861877358227288,0.017031013530664007,0.028879517032211303,0.1905860079933607,0.7458853226755193,0.35384416231569016,0.8563362395380568,0.3996886661174745,0.7983832246143788,0.3793674140126725,0.6574922013782816,0.8873965491484159,0.03202298469894182,0.022370370215375003,0.08848314606741572,0.05845181674565561
ULTRASOUND,ConvNeXt,1,BASE,True,0.7631155730749226,0.7776072061086432,0.9197915791317955,0.08184282959271699,0.017695805782712088,0.07913213037352403,0.2999935403306834,0.5500096895039757,0.5034265326439329,0.7525911331176758,0.5657117962837219,0.682064950466156,0.618939608335495,0.6115289330482483,0.7904371023178101,0.08083582644193348,0.056015956361323865,0.17142857142857143,0.1532258064516129
ULTRASOUND,ConvNeXt,1,MC_DROPOUT,True,0.7716733732993895,0.7797040169133194,0.9157774035257294,0.08000471633978379,0.025387081004573493,0.07566786655344261,0.30762589786422057,0.53856115320367,0.5140139509122785,0.7467352747917175,0.576593816280365,0.6748243570327759,0.6195544600486755,0.6143362522125244,0.7822570204734802,0.08418202931487105,0.05936215923426144,0.17857142857142858,0.16129032258064516
ULTRASOUND,ConvNeXt,1,TEMP_SCALE,True,0.7631155730749226,0.7776072061086432,0.9193973854956021,0.0727842532289334,0.02158374414238823,0.07097687169463715,0.29790676232308944,0.5531398565153667,0.4983443678908067,0.7727060914039612,0.5241779685020447,0.6954599022865295,0.6130004823207855,0.6318967938423157,0.8104842305183411,0.08054744073030054,0.05572757064969093,0.17142857142857143,0.14516129032258066
ULTRASOUND,ConvNeXt,1,VEC_SCALE,True,0.7844467712353892,0.7778378522701482,0.9225281254531993,0.06459644470258268,0.012974462150447182,0.06566435376166337,0.2879250522925781,0.5681124215611336,0.4778432157285933,0.7761921410307727,0.510590875070265,0.7036286075750079,0.3537888916030635,0.6243496204460287,0.816930378260826,0.07404833518104141,0.0492284651004318,0.15714285714285714,0.14516129032258066
ULTRASOUND,ConvNeXt,1,ISOTONIC,True,0.7844467712353892,0.7796611734293496,0.9186739648142329,0.05276945080512609,0.020109534863387898,0.05930508679248153,0.2920792575531239,0.5618811136703149,0.6469979218313798,0.8116185069084167,0.43751052021980286,0.7194572687149048,0.42598116397857666,0.6741132736206055,0.848510205745697,0.07996371253678086,0.05514384245617125,0.1642857142857143,0.13440860215053768
ULTRASOUND,ConvNeXt,1,DIRICHLET,True,0.809264734061482,0.7899893819059399,0.9237522350089882,0.09040924410025278,0.02513658634805637,0.072161994737167,0.2896700587081753,0.5654949119377378,0.4803660492506108,0.7724778652191162,0.5146254301071167,0.6994649767875671,0.2427106270423302,0.6378589272499084,0.8058632612228394,0.07642114624097794,0.05458565520200784,0.17857142857142858,0.1532258064516129
ULTRASOUND,ConvNeXt,1,APEX,True,0.7737982809121021,0.78998382998383,0.9444280089765624,0.10351210550910056,0.04536679051210935,0.0852085655892128,0.2561928928131459,0.6157106607802818,0.450692756691532,0.7501712036282716,0.6052864829835922,0.6975150547931278,0.3196052477177632,0.5826566196597809,0.7884225653218643,0.05418334059796765,0.03512709383098615,0.14285714285714285,0.0967741935483871
ULTRASOUND,ConvNeXt,1,ABL_no_gate,True,0.777839369302784,0.7975274910611887,0.9417742861885777,0.081947216462779,0.024089701325760104,0.09078613239185745,0.2631595907575403,0.6052606138636902,0.46242739339551886,0.7385656040500416,0.6233879010744813,0.6872628759982586,0.16707612969775532,0.58864184476411,0.7713614263938391,0.05939216289693153,0.041649626280583524,0.15,0.11290322580645161
ULTRASOUND,ConvNeXt,1,ABL_no_rbf,True,0.7317381128356738,0.7639527605914161,0.9427941304795593,0.09859699417509339,0.05797815635311373,0.09783450659157,0.2693660137406176,0.5959509793890743,0.4688125052579458,0.7395582977974405,0.6236925234005611,0.6847954043383856,0.3897838414264505,0.5695789102011298,0.7817131859213258,0.05722112995830838,0.035385638919338276,0.15,0.12096774193548387
ULTRASOUND,ConvNeXt,1,ABL_no_poly,True,0.8066197202376064,0.815368192561175,0.9422090878608226,0.08647658835668834,0.039090982352752025,0.08154897628708302,0.255595217856019,0.6166071732159721,0.4463652637408164,0.7558248871189187,0.5924474488666173,0.7007624884382898,0.6112727015571993,0.6232803543735952,0.7823337936679836,0.0576389113465086,0.04237394286486032,0.15,0.12096774193548387
ULTRASOUND,ConvNeXt,1,ABL_no_knn,True,0.8019764036024197,0.817834153417567,0.938304207599745,0.10180986884778098,0.02672345055849189,0.08544526507235471,0.2590222128617039,0.6114666807074448,0.45588977510487705,0.7571848111762105,0.5901135235462289,0.7009077343412323,0.28367213804457314,0.6159281172455857,0.7841421955141158,0.058620780794779406,0.044520440760708185,0.15,0.0967741935483871
ULTRASOUND,ConvNeXt,1,ABL_focal,True,0.789377514987271,0.8046330958978221,0.9417464668287767,0.11960349878718683,0.06729583158694477,0.0977724947066395,0.266888665132235,0.5996670023016482,0.46679563330398127,0.7292275398353107,0.6305163906665364,0.6822910344638243,0.3145611248105782,0.5757023391524029,0.7599325799718922,0.055445067206548675,0.040180098724900394,0.14285714285714285,0.12096774193548387
ULTRASOUND,ConvNeXt,1,TAU_0.60,True,0.7734971667898497,0.7962880602121108,0.9437767817731704,0.08870283315335652,0.028076471965076014,0.08643432500828115,0.2569394847567351,0.614590772864898,0.4506079656241644,0.751359727498236,0.6078032160717529,0.6961723886012872,0.18480173196943628,0.6050500260416574,0.7833649746918626,0.05825466755685794,0.04051213094050994,0.14285714285714285,0.10483870967741936
ULTRASOUND,ConvNeXt,1,TAU_0.70,True,0.7981885248145412,0.8160660349081184,0.9452272727394838,0.10698027218325763,0.032708002543113866,0.09215037567055685,0.25308664547039667,0.6203700317944056,0.4456126690275231,0.7524631197713588,0.6077730168784752,0.6984206740220155,0.6073177843336293,0.6181013903566794,0.7793354656542948,0.057362621620037024,0.042097653138388744,0.15,0.0967741935483871
ULTRASOUND,ConvNeXt,1,TAU_0.80,True,0.7700104021242232,0.7846329871501495,0.9421056264903567,0.10235651020399691,0.04447254175106177,0.08639434619456587,0.2604630099624461,0.6093054850563315,0.45548925786488925,0.7500961843146342,0.6076562369070339,0.6948765247613046,0.42297914878290016,0.5869425733072827,0.7889422821735276,0.057668188831266606,0.037247757453728325,0.15,0.0967741935483871
ULTRASOUND,ConvNeXt,1,TAU_0.85,True,0.7737982809121021,0.78998382998383,0.9444280089765624,0.10351210550910056,0.04536679051210935,0.0852085655892128,0.2561928928131459,0.6157106607802818,0.450692756691532,0.7501712036282716,0.6052864829835922,0.6975150547931278,0.3196052477177632,0.5826566196597809,0.7884225653218643,0.05418334059796765,0.03512709383098615,0.14285714285714285,0.0967741935483871
ULTRASOUND,ConvNeXt,1,TAU_0.90,True,0.7737982809121021,0.78998382998383,0.9403031381731001,0.09264322000560787,0.03433908718140935,0.08277501287670387,0.2622274013512899,0.6066588979730658,0.4580652075453996,0.7483756263877126,0.6067337800779985,0.6938789417161408,0.23887736793820125,0.5855638174558302,0.7855531260650717,0.0576645006757372,0.038608253908755705,0.1357142857142857,0.10483870967741936
ULTRASOUND,ConvNeXt,1,TAU_0.95,True,0.7737982809121021,0.78998382998383,0.9403752020964834,0.09524293938261047,0.04418423473891832,0.08339457680409772,0.2631379287013684,0.6052931069479481,0.4593487329559127,0.74577590701071,0.611152604367611,0.6919160357557689,0.23660280785262233,0.5830767227506423,0.7829276892433241,0.056858814009164,0.037802567242182505,0.1357142857142857,0.11290322580645161
ULTRASOUND,ConvNeXt,1,FAIR_rbf_svm,True,0.7786948071500918,0.786218365487532,0.9280526572583875,0.08158479515650095,0.02590205077581307,0.07949254828259736,0.27283645070562024,0.5907453239415703,0.4696184260201969,0.7798258473291964,0.5533173935751173,0.7051108098707427,0.19892465030733963,0.6506786452307629,0.8105751811621567,0.0744761279657811,0.054055696588242816,0.1357142857142857,0.13709677419354838
ULTRASOUND,ConvNeXt,1,FAIR_poly_svm,True,0.7035599901453559,0.7364509937621536,0.9046255600628702,0.07356550860864089,0.028069364479598888,0.08379632501896654,0.3186354409850969,0.5220468385223556,0.7430757614725496,0.745056275136475,0.6180355948225232,0.6617822980715332,0.16452509831989082,0.6277578390290558,0.7789855748369683,0.13570796918791253,0.10769524955257281,0.17857142857142858,0.1532258064516129
ULTRASOUND,ConvNeXt,1,FAIR_knn,True,0.7555877200186144,0.7453662404599068,0.8927711560263879,0.06108606306172642,0.018029073234282395,0.07135577572495673,0.3433628586981095,0.4849557119528366,1.1672684396923478,0.7310084485638174,0.5509625857066723,0.6546751528931722,0.32652744423547486,0.5948770766038505,0.7718478601518075,0.10145265777413645,0.0717642644930621,0.2,0.1774193548387097
ULTRASOUND,ConvNeXt,1,FAIR_equal_blend,True,0.7698837973228216,0.7752389150884547,0.9347964767883058,0.09430464978776508,0.035379863492304764,0.0858444214217849,0.278181192363384,0.5827282114549247,0.48379069365762334,0.7256408788024817,0.6408547972155513,0.6738560869451496,0.21601446349088022,0.5706246016256796,0.7625495162255299,0.0632396233014803,0.04281919192394201,0.15,0.10483870967741936
ULTRASOUND,ConvNeXt,1,ABL_no_descriptors,True,0.810835317949139,0.822434753594174,0.9426270504682556,0.10854311770919214,0.055562307600972874,0.08356296643819379,0.2562049409036534,0.6156925886445206,0.45419340773559713,0.7398818009536497,0.6050491796599176,0.6943732441965106,0.35748879341155726,0.5892772886958052,0.7700027034052187,0.055694089680592876,0.040429121198944595,0.15714285714285714,0.11290322580645161
ULTRASOUND,ConvNeXt,2,BASE,True,0.588882807273612,0.5942995918279431,0.8767513015460952,0.1028665113143432,0.045606650459011404,0.10809003986004327,0.4107615383281595,0.3838576925077619,0.6845693326371107,0.7680134177207947,0.5207286477088928,0.6378690004348755,0.4284070134162903,0.6393235921859741,0.8287161588668823,0.12989352864726614,0.07092147458580264,0.2857142857142857,0.25
ULTRASOUND,ConvNeXt,2,MC_DROPOUT,True,0.6012284862859576,0.6102260154891734,0.8757476262742907,0.09270049688907771,0.0146386718099449,0.09572989468136406,0.4077455389594514,0.3883816915608239,0.6795178313031153,0.7633057832717896,0.5304997563362122,0.636272132396698,0.6059825122356415,0.6400846242904663,0.8197343349456787,0.13237860133480955,0.07587391299458528,0.2857142857142857,0.24193548387096775
ULTRASOUND,ConvNeXt,2,TEMP_SCALE,True,0.588882807273612,0.5942995918279431,0.8779506143538836,0.06133283006075102,0.00804990211139639,0.09795255108505614,0.3957918216571209,0.4063122675143197,0.6552986558177581,0.6985868811607361,0.6625434756278992,0.6041545271873474,0.13563207983970643,0.568350076675415,0.7600194215774536,0.12839470362538918,0.06942264956392569,0.2785714285714286,0.22580645161290322
ULTRASOUND,ConvNeXt,2,VEC_SCALE,True,0.7011798333637413,0.6972222222222223,0.884275772576777,0.06832741906857015,0.01775506615373941,0.05484676237550493,0.3620510013711453,0.456923497943283,0.5935169620374309,0.7431083850517286,0.5833160769772129,0.6461792951452373,0.3919140197076213,0.6179367048142747,0.7892242672444748,0.11372715839055567,0.07284694651114582,0.24285714285714285,0.20161290322580644
ULTRASOUND,ConvNeXt,2,ISOTONIC,True,0.7038861521620142,0.716657865399284,0.8888275999445527,0.06588918199905984,0.014346847048459144,0.0729082271846757,0.35794867527894453,0.4630769870815842,0.8220837954745428,0.7323662042617798,0.5107384920120239,0.6567285060882568,0.2523632744948069,0.589331328868866,0.7784284353256226,0.11702889187132486,0.0838284459910171,0.20714285714285713,0.1801075268817204
ULTRASOUND,ConvNeXt,2,DIRICHLET,True,0.7247156844857994,0.7226984126984126,0.881610618469851,0.0822249935605587,0.021803129955896342,0.07258147499762857,0.3636202252447725,0.4545696621328422,0.5949151166019551,0.7317371368408203,0.5975181460380554,0.6385682225227356,0.21836356321970618,0.6230016946792603,0.7667535543441772,0.1146619106932489,0.08146146481294114,0.21428571428571427,0.20161290322580644
ULTRASOUND,ConvNeXt,2,APEX,True,0.7206105941738126,0.7287733637626163,0.9148073813339099,0.06970287498139044,0.01490660720450938,0.07413726592226383,0.31743130632813166,0.5238530405078033,0.5215032732888325,0.8119328716935745,0.48766968765723945,0.7033702987308715,0.2180978517740455,0.6857405027229816,0.8525710922095283,0.08443879961334723,0.05123835373303947,0.20714285714285716,0.1774193548387097
ULTRASOUND,ConvNeXt,2,ABL_no_gate,True,0.7400413549838838,0.7527472527472527,0.9127574738855696,0.0765952422048509,0.020830802112620127,0.0917493750876402,0.31648877522383845,0.5252668371642432,0.5155636614964261,0.7920423215784799,0.5194262065329435,0.6919045249336514,0.6445807731027267,0.6892612623302647,0.8206862233361792,0.08758683047022196,0.06119680715491228,0.19285714285714287,0.18548387096774194
ULTRASOUND,ConvNeXt,2,ABL_no_rbf,True,0.7206105941738126,0.7306267806267807,0.8934953429663949,0.08189390817909786,0.02729953860018582,0.07967146674504537,0.3467568823300517,0.47986467650492337,0.5806035338948368,0.7561362748110623,0.583906361787141,0.656076061125168,0.37159163350013,0.6529996804806738,0.789349754341187,0.10397781404120308,0.07077736816089533,0.22857142857142856,0.20967741935483872
ULTRASOUND,ConvNeXt,2,ABL_no_poly,True,0.7206105941738126,0.7287733637626163,0.9127101728829222,0.07144026098972155,0.00975970376344822,0.07707550957273662,0.3194322682374535,0.5208515976438206,0.5280176468007018,0.8138087875748219,0.4842335442604032,0.7032378888136729,0.21258781960107126,0.6906129149820032,0.8534820346809837,0.08659436368479728,0.05339391780448952,0.2,0.1774193548387097
ULTRASOUND,ConvNeXt,2,ABL_no_knn,True,0.7367876908106794,0.7432098765432098,0.9159913226171611,0.07634913926123438,0.02302072016606432,0.06783703982798998,0.31709422366053736,0.5243586645091949,0.5173165727308042,0.820120998100794,0.4688006942696396,0.709528977388354,0.5841125397175192,0.7056623992824911,0.8544585777462846,0.08359638421100322,0.05390799092992887,0.2,0.1693548387096774
ULTRASOUND,ConvNeXt,2,ABL_focal,True,0.70415982484948,0.7155067155067156,0.9082913385731887,0.07404085275827306,0.01853779697939375,0.07588693851004169,0.32048445868223324,0.519273311976651,0.5326424058875167,0.784573574590201,0.5350397361374357,0.685076322891989,0.25249402176635716,0.6532145143188165,0.828359928013996,0.08767922725528716,0.052641497018032855,0.19285714285714287,0.18548387096774194
ULTRASOUND,ConvNeXt,2,TAU_0.60,True,0.7362099373593627,0.7476809387782183,0.9129739010349501,0.08222190998713746,0.01787208107612906,0.08963973715740375,0.3178470322654943,0.5232294516017594,0.5184944638738864,0.8024788818887657,0.5006375456639072,0.6978620603680563,0.6445807772502324,0.6944263638998764,0.8337337424640644,0.0862420925284794,0.05822937289313968,0.2,0.1774193548387097
ULTRASOUND,ConvNeXt,2,TAU_0.70,True,0.7323785197348416,0.7426638176638177,0.9189611961476233,0.09832232588340913,0.03951734040500026,0.08580408239752339,0.31002922454189463,0.5349561631871589,0.5056717977831295,0.809315812278737,0.4896988576901002,0.7058125066932822,0.6445807772502324,0.687511505339357,0.8458571043605511,0.08005567928933012,0.05036728600825577,0.2,0.1774193548387097
ULTRASOUND,ConvNeXt,2,TAU_0.80,True,0.7206105941738126,0.7287733637626163,0.9162725675214025,0.08543330009165541,0.023726241122265943,0.07594680513391168,0.3141416350609374,0.5287875474085948,0.5156796581906561,0.8119089375608747,0.4876995399731665,0.7047833424541937,0.2792093003696373,0.6830552106651625,0.8534042055442397,0.08271815764882688,0.04951771176851912,0.2,0.1774193548387097
ULTRASOUND,ConvNeXt,2,TAU_0.85,True,0.7206105941738126,0.7287733637626163,0.9148073813339099,0.06970287498139044,0.01490660720450938,0.07413726592226383,0.31743130632813166,0.5238530405078033,0.5215032732888325,0.8119328716935745,0.48766968765723945,0.7033702987308715,0.2180978517740455,0.6857405027229816,0.8525710922095283,0.08443879961334723,0.05123835373303947,0.20714285714285716,0.1774193548387097
ULTRASOUND,ConvNeXt,2,TAU_0.90,True,0.7167791765492915,0.723816801939496,0.9152101665745395,0.07293873267973562,0.02139567334268521,0.07632290250335598,0.3159860486015353,0.5260209270976979,0.5191410917835653,0.8107876990258747,0.4888772689919244,0.703625064510432,0.23907205031766915,0.6775428964969517,0.8552026332021824,0.08399913294504947,0.048961402707795164,0.20714285714285716,0.1693548387096774
ULTRASOUND,ConvNeXt,2,TAU_0.95,True,0.7167791765492915,0.723816801939496,0.9149731297045034,0.08129107990444889,0.022461900777583137,0.07792939368603845,0.31646093513630924,0.5253085972955369,0.5185125926768841,0.808217341995082,0.4944105559626843,0.7016441514668091,0.23907205031766915,0.6761591879793046,0.8522367266670078,0.08271927103757262,0.04768154080031831,0.21428571428571427,0.1693548387096774
ULTRASOUND,ConvNeXt,2,FAIR_rbf_svm,True,0.7323785197348416,0.7439976975259163,0.910748434453891,0.0918676356562822,0.026728447352976532,0.07550757373139312,0.3238041043630003,0.5142938434555004,0.5385159145208026,0.8334676770812232,0.4381699747662114,0.7152359659773202,0.5501143325406566,0.7277155526890287,0.8651933143988816,0.09287203005459518,0.06318363677352083,0.21428571428571427,0.16129032258064516
ULTRASOUND,ConvNeXt,2,FAIR_poly_svm,True,0.6682782947150764,0.6810985007706319,0.8903117649510467,0.09583197162597332,0.03202896273149345,0.09806391056270852,0.3670500574386051,0.4494249138420934,0.61068818006466,0.7891747191303653,0.5491628731822679,0.6626036590473049,0.29499144580103137,0.6760649035350451,0.833610718114241,0.1250214212387604,0.07996587065876877,0.24285714285714285,0.1935483870967742
ULTRASOUND,ConvNeXt,2,FAIR_knn,True,0.6970747430517545,0.7015315765993465,0.8528879172566407,0.07591308557636967,0.019636891773639205,0.09339586472722582,0.3944212426923697,0.4083681359614465,2.256459423543957,0.7434110923758447,0.5279060744482292,0.6347005395905393,0.2092341744050683,0.6342577137012313,0.783625495045439,0.14591816783660394,0.10503795595719409,0.2357142857142857,0.21774193548387097
ULTRASOUND,ConvNeXt,2,FAIR_equal_blend,True,0.7167791765492915,0.7226484015874636,0.9042286247337842,0.11504787363069051,0.057873884938051005,0.09342926394319168,0.3282853959285644,0.5075719061071542,0.5501260372932502,0.7675180732664513,0.5726787461811864,0.6708467215383883,0.6345759562784264,0.6487380698424563,0.8071114077411163,0.09173183975705061,0.0566941095197963,0.22142857142857142,0.18548387096774194
ULTRASOUND,ConvNeXt,2,ABL_no_descriptors,True,0.7162014230979747,0.7261396011396011,0.9119199067698401,0.05644147032774453,0.021037287590238547,0.060788419573992974,0.321818666860337,0.5172719997094953,0.5277750505667237,0.8019880233690595,0.5102318963796173,0.6935539737423206,0.43040242963816544,0.6809763046035773,0.8409578989037063,0.08685977972930715,0.053659333848999395,0.2,0.1693548387096774
ULTRASOUND,ConvNeXt,3,BASE,True,0.7408927811226661,0.7469718495132861,0.9082440505163456,0.05365695918981844,0.010721589372953663,0.08043725615462811,0.3160449432932336,0.5259325850601504,0.5305630588075272,0.741551399230957,0.5833343863487244,0.6685797572135925,0.399957537651062,0.5921175479888916,0.7863815426826477,0.08435127509657686,0.05466288181550251,0.19285714285714287,0.14516129032258066
ULTRASOUND,ConvNeXt,3,MC_DROPOUT,True,0.756765796995682,0.7610583085443422,0.9113647278347058,0.049116297028003596,0.016041543623708538,0.07511912989151528,0.3116830051603387,0.5324754922594928,0.5249336131033107,0.7343195676803589,0.5962214469909668,0.6665796041488647,0.17533862590789795,0.5889676809310913,0.7748273611068726,0.0811999268777633,0.05480990356245362,0.19285714285714287,0.13709677419354838
ULTRASOUND,ConvNeXt,3,TEMP_SCALE,True,0.7408927811226661,0.7469718495132861,0.9081918816215274,0.050778708778894864,0.004785691748173936,0.07672106076238883,0.3147141973731911,0.5279287039402142,0.526246180656378,0.769511342048645,0.5254294276237488,0.6861288547515869,0.14230768548117745,0.6211354732513428,0.8140240907669067,0.08460467721153991,0.05491628393046556,0.19285714285714287,0.14516129032258066
ULTRASOUND,ConvNeXt,3,VEC_SCALE,True,0.7693547406191085,0.7542157065179985,0.8994032322905422,0.06019239483964822,0.002360325076527607,0.08433399853799335,0.33451513364526253,0.4982272995321071,0.5722871717881566,0.7812621284429666,0.5065335009449289,0.6838695507516671,0.14360176136191172,0.6475149722046077,0.8199493223962109,0.09159448252343023,0.0635817628880905,0.18571428571428572,0.16129032258064516
ULTRASOUND,ConvNeXt,3,ISOTONIC,True,0.774037584382412,0.7519888168763503,0.902562679056725,0.055384891155438556,0.007878243916390547,0.07099993749816184,0.3249675705562329,0.5125486441656515,0.5962975961125233,0.7814693450927734,0.4503093659877777,0.693834662437439,0.22784461379051207,0.6355692148208618,0.8252393007278442,0.0932454171074166,0.06355702382634225,0.1928571428571428,0.158357771260997
ULTRASOUND,ConvNeXt,3,DIRICHLET,True,0.7375783007966916,0.7177629958117763,0.8951221070875238,0.05070992425466193,0.00040312493345222365,0.08447435158742668,0.3479762475107535,0.4780356287338706,0.5816034649966297,0.7768193483352661,0.5040512084960938,0.6748522520065308,0.16958806514739988,0.6370633840560913,0.8250110745429993,0.09981601741967264,0.0628862143091448,0.22142857142857142,0.1774193548387097
ULTRASOUND,ConvNeXt,3,APEX,True,0.784102657665876,0.7885958981293667,0.9255085723400424,0.08237886057405033,0.04092377224508893,0.07934952433081582,0.28218691014943137,0.5767196347758536,0.49244925150594326,0.7456804965697936,0.5946652648646558,0.6858216331161966,0.39231892114612976,0.5843665276291607,0.7840885844128015,0.06594949139342156,0.04552906001588328,0.16428571428571428,0.13709677419354838
ULTRASOUND,ConvNeXt,3,ABL_no_gate,True,0.768533722556711,0.7756833513616391,0.915245752702993,0.08253610747190417,0.034393000005493016,0.08396446113588735,0.30404377783521924,0.543934333247172,0.5175958535412725,0.7356196058120111,0.6000540884416765,0.6704032109171805,0.21878546875588223,0.5929773463184015,0.7724305114877814,0.0791805182841447,0.05587868553246071,0.17857142857142858,0.13709677419354838
ULTRASOUND,ConvNeXt,3,ABL_no_rbf,True,0.7829471507632427,0.7867502612330198,0.9337227008949593,0.10329137388953955,0.05561744618218596,0.08090933184499882,0.26982595705294243,0.5952610644205871,0.4791497030229313,0.7309649169676792,0.615179138691635,0.6858402814275638,0.25418949095843857,0.5445866031033336,0.7717351731255048,0.0539903930532411,0.0362478564368931,0.14285714285714285,0.12096774193548387
ULTRASOUND,ConvNeXt,3,ABL_no_poly,True,0.764671896855805,0.7631851033675789,0.9142724579977394,0.056127215257459305,0.017487371134659334,0.082001194828848,0.29941538494373804,0.5508769225843937,0.5146892096489557,0.7519868661884611,0.5782304502552192,0.6813090180455686,0.11770510224869934,0.596689001587996,0.7952665989459677,0.07782535051263645,0.05143532719732677,0.17142857142857143,0.12903225806451613
ULTRASOUND,ConvNeXt,3,ABL_no_knn,True,0.7679255610290093,0.7731457234056412,0.925357209994624,0.07744678911292445,0.02899064367288275,0.06068663938646681,0.28069835301253976,0.578952470481191,0.4890308519344035,0.7529857925549839,0.5853567615041542,0.6904146386983024,0.19233357267493312,0.5892869256440617,0.7952306614352217,0.06876251036687858,0.045460677615194595,0.17857142857142858,0.13709677419354838
ULTRASOUND,ConvNeXt,3,ABL_focal,True,0.7835249042145594,0.7901039956212369,0.9320029904829813,0.08258669681978908,0.03628848167719266,0.07894211591427033,0.2734900452812395,0.5897649320781415,0.4870283244624557,0.7315158672827751,0.6340198003252457,0.680038347699045,0.16988885781880148,0.5647560810304838,0.7695948735923533,0.05882775294793173,0.039771506180950225,0.15,0.11290322580645161
ULTRASOUND,ConvNeXt,3,TAU_0.60,True,0.7753147235905856,0.7866408042982829,0.9209746495592048,0.0963161018487502,0.03814912011772801,0.09116729047530765,0.28811794150747916,0.567823087738782,0.5002820359297654,0.7553298413998436,0.5847754527271937,0.6848127172881053,0.3912070013316554,0.6307964242645789,0.7837666059425415,0.07303180188578504,0.05397555511880353,0.15714285714285714,0.12903225806451613
ULTRASOUND,ConvNeXt,3,TAU_0.70,True,0.7794198139025724,0.7891525423728813,0.9245919651547622,0.10036150440085519,0.04247656988392183,0.09517283529669883,0.2813671970331878,0.577949204450219,0.49086762563463293,0.7555899762916857,0.5848299100649484,0.689163377827181,0.39231892114612976,0.6113093545879587,0.7885359450271823,0.06724261138225912,0.048186364615277616,0.15714285714285714,0.12096774193548387
ULTRASOUND,ConvNeXt,3,TAU_0.80,True,0.784102657665876,0.7885958981293667,0.9238484603661054,0.07462054251960912,0.02860905884194971,0.08193502155539482,0.2825406917509888,0.5761889623735176,0.4930387583737368,0.7517839682252296,0.5881846015314649,0.688125289904246,0.39231892114612976,0.5943893882104856,0.78925886822874,0.06743523376736009,0.04701480238982181,0.16428571428571428,0.12903225806451613
ULTRASOUND,ConvNeXt,3,TAU_0.85,True,0.784102657665876,0.7885958981293667,0.9255085723400424,0.08237886057405033,0.04092377224508893,0.07934952433081582,0.28218691014943137,0.5767196347758536,0.49244925150594326,0.7456804965697936,0.5946652648646558,0.6858216331161966,0.39231892114612976,0.5843665276291607,0.7840885844128015,0.06594949139342156,0.04552906001588328,0.16428571428571428,0.13709677419354838
ULTRASOUND,ConvNeXt,3,TAU_0.90,True,0.776166149729368,0.7822752046555056,0.9242442136075898,0.08807321299927706,0.03838337245337742,0.08072180167930837,0.284380938759028,0.5734285918614588,0.4954826766012553,0.7394017788119941,0.6024686828903023,0.6817780602596888,0.39231892114612976,0.5753227064881375,0.7800933887483106,0.0667351244790823,0.04489963344011219,0.17142857142857143,0.13709677419354838
ULTRASOUND,ConvNeXt,3,TAU_0.95,True,0.776166149729368,0.7822752046555056,0.9240540696776572,0.09183026186629414,0.03881852206138883,0.08259979086974374,0.28557704607572,0.5716344308864207,0.49878093296530707,0.7356447299449772,0.6118730272733766,0.678344344074681,0.39231892114612976,0.5737808050146717,0.7757869833276928,0.06432686133295172,0.04249137029398162,0.17142857142857143,0.13709677419354838
ULTRASOUND,ConvNeXt,3,FAIR_rbf_svm,True,0.7408623730462812,0.7451090812650257,0.8897763097580773,0.0814267633961015,0.019760775447483104,0.078449151361329,0.33451412371673767,0.4982288144248944,0.5767305476655992,0.7788966693055612,0.5422292359670053,0.6774849942250294,0.38044155707832605,0.660018611215771,0.8158587545939835,0.10610700546101264,0.07468951973078483,0.21428571428571427,0.1693548387096774
ULTRASOUND,ConvNeXt,3,FAIR_poly_svm,True,0.7470960287052241,0.7632513725069598,0.9268705027913856,0.10033825608466514,0.05938359419817156,0.09962562172046185,0.2859523744867848,0.5710714382698237,0.51110474817033,0.717334520806213,0.6730785727446226,0.6628235179885174,0.3898882598889269,0.5511528753669364,0.7602201067260264,0.060972825582403335,0.03767099283071934,0.17857142857142858,0.11290322580645161
ULTRASOUND,ConvNeXt,3,FAIR_knn,True,0.7370005473453749,0.7207542296267597,0.886954768985092,0.07477470160698935,0.018088419950731304,0.1019046238470128,0.363357414024215,0.4549638789636784,1.3969569894138225,0.7210815934529768,0.56019475423418,0.6378838818424293,0.6017377069328969,0.6060605692611376,0.7594219348502567,0.10275797335078661,0.06772024311353231,0.2357142857142857,0.20161290322580644
ULTRASOUND,ConvNeXt,3,FAIR_equal_blend,True,0.7679255610290093,0.772138295338919,0.9180380885502927,0.10303225682752014,0.04426789654303012,0.09338365677097042,0.2955933242394668,0.5566100136408005,0.5274860631500063,0.7153975353754117,0.6589327275587434,0.6593974646853257,0.18794363339021714,0.563918643040781,0.75448886242951,0.06787846177354626,0.04457662902186227,0.16428571428571428,0.12903225806451613
ULTRASOUND,ConvNeXt,3,ABL_no_descriptors,True,0.7285166940339355,0.734015984015984,0.9158563008436827,0.07829510463761293,0.03076430466899949,0.0726069382281883,0.29939315731605004,0.5509102640259258,0.5134317777110174,0.7477978693282786,0.5923326587386147,0.6783000938029813,0.3907798591403161,0.5755373272103657,0.8032716032306575,0.07587985505626237,0.04267940917595461,0.19285714285714287,0.1532258064516129
ULTRASOUND,ConvNeXt,4,BASE,True,0.5776598880047156,0.5839212676572937,0.8499517185565159,0.11073077628689428,0.03878133604478765,0.11256721429126236,0.4252953469032005,0.36205697964520045,0.7015933092143116,0.7378886342048645,0.5951728820800781,0.611316978931427,0.24850817988900575,0.6159671545028687,0.801240086555481,0.14425029890542357,0.07658339837503254,0.2949640287769784,0.27419354838709675
ULTRASOUND,ConvNeXt,4,MC_DROPOUT,True,0.5804387183697529,0.5848037969319434,0.8524731174734076,0.09436579692748286,0.029138381831557515,0.10602980018943868,0.4206239407618141,0.36906408885728004,0.6937937998709908,0.7315061688423157,0.6062880754470825,0.6100847721099854,0.20929253101348877,0.6134260892868042,0.7894108295440674,0.1412921921169302,0.07894046992768042,0.2949640287769784,0.2661290322580645
ULTRASOUND,ConvNeXt,4,TEMP_SCALE,True,0.5776598880047156,0.5839212676572937,0.8504022752943744,0.10461689560644089,0.034604663599971504,0.1100188200111671,0.4281695688742148,0.3577456466886789,0.7068050421645201,0.7459158897399902,0.5785086750984192,0.6147738695144653,0.3055157982386075,0.6247326731681824,0.8088834881782532,0.14407885432497058,0.07641195379457956,0.2949640287769784,0.27419354838709675
ULTRASOUND,ConvNeXt,4,VEC_SCALE,True,0.6387099490547766,0.6367850953956308,0.8602811040761028,0.0889671116517886,0.024449851801419172,0.0943118208460363,0.4028624439116672,0.3957063341325002,0.6847034378358416,0.772838079393724,0.5254829040008144,0.6429446491902092,0.2734338260184398,0.6448020035277995,0.83202456729401,0.1254752185378463,0.06819052425993995,0.2805755395683453,0.2661290322580645
ULTRASOUND,ConvNeXt,4,ISOTONIC,True,0.6430887120542294,0.6342408822517939,0.8468680443791351,0.12981122885980914,0.05959985676352705,0.10389416181677626,0.41709743034725616,0.37435385447911684,1.2423069649257765,0.786427915096283,0.4604617655277252,0.6442044377326965,0.3712773025035858,0.6619085073471069,0.8457229137420654,0.12864939895644129,0.06886191268906905,0.2949640287769785,0.25806451612903236
ULTRASOUND,ConvNeXt,4,DIRICHLET,True,0.6902656730242936,0.6677823282633492,0.8594606398125055,0.09740650903794076,0.02606395295264488,0.09498769120183043,0.4011265809286022,0.3983101286070978,0.6823568172235875,0.7801459431648254,0.5038269758224487,0.6487942337989807,0.3925076127052307,0.6660333871841431,0.8283035755157471,0.126436643894675,0.07629740471525173,0.26618705035971224,0.23387096774193547
ULTRASOUND,ConvNeXt,4,APEX,True,0.6536566881394467,0.6672483200930647,0.8984564331756782,0.047706354240250784,0.006646971998464272,0.09816618092196983,0.343415154654904,0.48487726801764486,0.5966014312279906,0.7295930914908471,0.634119246838056,0.6442653667989973,0.16594046727084366,0.5918535359472108,0.7775025021147205,0.10808142647834316,0.07064908563764852,0.2014388489208633,0.1693548387096774
ULTRASOUND,ConvNeXt,4,ABL_no_gate,True,0.6370047576944128,0.6472789537939454,0.8892392349310504,0.08456843858938466,0.0388913011933188,0.09974525958828834,0.358574224244705,0.46213866363294354,0.6070388680367005,0.7199079229247314,0.6482532399431504,0.6314440029383382,0.3654969793153897,0.5887059798940839,0.7686732468830252,0.10918964420283397,0.06775142699360025,0.2302158273381295,0.1935483870967742
ULTRASOUND,ConvNeXt,4,ABL_no_rbf,True,0.690118310807966,0.6961493688384444,0.8830086635494262,0.10603397464550862,0.035241197763842484,0.07405215729773729,0.35957246766742174,0.46064129849886837,0.6283106315436191,0.6983692111953987,0.6620340982116659,0.6243036128631053,0.2363628655321643,0.5652543962507696,0.7431233300129898,0.11361223064675091,0.07809843046073746,0.2302158273381295,0.20161290322580644
ULTRASOUND,ConvNeXt,4,ABL_no_poly,True,0.7000547345374931,0.7135076252723311,0.897067000535627,0.05913925130795825,0.0038112922505747085,0.08972155348698242,0.3424433524061731,0.48633497139074133,0.5959155284953017,0.7308709607010387,0.6247837266966004,0.6468321861231973,0.13020851159162505,0.6115061653018281,0.7669813189730689,0.10757508353994226,0.07748509459325807,0.2014388489208633,0.18548387096774194
ULTRASOUND,ConvNeXt,4,ABL_no_knn,True,0.644667592943455,0.6583105753837462,0.8954087448341435,0.08868995718758041,0.031557319263375856,0.09579493676035718,0.34824427399490016,0.47763358900765074,0.5999448636015863,0.7420652980883573,0.6174369141067436,0.647526445691628,0.39423337249436374,0.6113775824267791,0.7875218948402105,0.1088256855038975,0.07139334466320285,0.19424460431654678,0.1693548387096774
ULTRASOUND,ConvNeXt,4,ABL_focal,True,0.6683087027914615,0.6815163609036192,0.8877667770704969,0.09241375289454663,0.026335620243374082,0.1082691180446562,0.354245035215136,0.4686324471772969,0.6212531517251823,0.6987013512450935,0.6682830680347213,0.6257719036572641,0.23566903634817227,0.5599865487755163,0.7469499781910334,0.11363237699906908,0.07620003615837444,0.2302158273381295,0.20161290322580644
ULTRASOUND,ConvNeXt,4,TAU_0.60,True,0.6449412656309209,0.6515763071969639,0.8901683727158672,0.0949725557867357,0.02075416759567556,0.09473329908515786,0.35605055286561016,0.46592417070158576,0.6082113761642248,0.7348794360281578,0.6309987788892498,0.6388544477348062,0.16776959140806824,0.6072641914524386,0.7807761467966181,0.10467250292517066,0.06526552044802764,0.22302158273381295,0.1935483870967742
ULTRASOUND,ConvNeXt,4,TAU_0.70,True,0.6331733400698919,0.6404445050037092,0.8904874700299595,0.06100631822973167,0.01767761771519198,0.08205808954894753,0.35354261723003055,0.4696860741549551,0.6064143746115608,0.7366276634833953,0.6287696060861471,0.6410981984869208,0.27065158836127035,0.5988063415423842,0.789541206728605,0.10944094629368538,0.06591440043286337,0.20863309352517986,0.18548387096774194
ULTRASOUND,ConvNeXt,4,TAU_0.80,True,0.6459938528904047,0.657491827619471,0.8945772806686058,0.045776202559907234,0.006731960415122051,0.09370953089362462,0.34939107994691926,0.47591338007962203,0.6027990552541264,0.734085819716943,0.6292100758370622,0.6431847760141395,0.23767871976772514,0.5965180067434697,0.7852172192292074,0.11310424705199408,0.07166602984276035,0.20863309352517986,0.1935483870967742
ULTRASOUND,ConvNeXt,4,TAU_0.85,True,0.6536566881394467,0.6672483200930647,0.8984564331756782,0.047706354240250784,0.006646971998464272,0.09816618092196983,0.343415154654904,0.48487726801764486,0.5966014312279906,0.7295930914908471,0.634119246838056,0.6442653667989973,0.16594046727084366,0.5918535359472108,0.7775025021147205,0.10808142647834316,0.07064908563764852,0.2014388489208633,0.1693548387096774
ULTRASOUND,ConvNeXt,4,TAU_0.90,True,0.6574881057639678,0.6721877156659765,0.8993982450015606,0.05047109835469536,0.006980115078906917,0.10098445156181685,0.3428033438335273,0.48579498424971,0.5970974924362277,0.7292205788435304,0.6340982489241668,0.6445324895822694,0.16594046727084366,0.5941797278421362,0.7746222442664128,0.10798184430604854,0.07246804412003509,0.19424460431654678,0.1693548387096774
ULTRASOUND,ConvNeXt,4,TAU_0.95,True,0.6574881057639678,0.6721877156659765,0.8985679513826819,0.05989558644971469,0.009535232902451039,0.10245396101092792,0.3449016386524586,0.482647542021313,0.6014592654768864,0.7256341338889216,0.6418450240714882,0.6409460446276606,0.16594046727084366,0.5941797278421362,0.7698300117839614,0.10969682654052955,0.0741830263545161,0.19424460431654678,0.1693548387096774
ULTRASOUND,ConvNeXt,4,FAIR_rbf_svm,True,0.6779714538335228,0.6970261083789465,0.8875997785708002,0.08900967328997617,0.023134729020596812,0.1017054741691036,0.35102809566770893,0.4734578564984375,0.6127636043217805,0.7552485713755048,0.5891090125320426,0.6542825325662347,0.24000741694832028,0.6536991047113923,0.7859694184335556,0.12374852702253679,0.0936585380758526,0.20863309352517986,0.1774193548387097
ULTRASOUND,ConvNeXt,4,FAIR_poly_svm,True,0.5885646920129678,0.6166666666666666,0.8662445840051062,0.09460979245785266,0.01894030736209967,0.11942258423035575,0.40168114308271874,0.397478285375923,0.6996857994808265,0.7059993216523239,0.6993309482798309,0.5958459120567725,0.1955182554327996,0.6160932297944597,0.7427790865032684,0.1531089936903652,0.10523246051432694,0.2733812949640288,0.24193548387096775
ULTRASOUND,ConvNeXt,4,FAIR_knn,True,0.6337838406803923,0.6311255411255411,0.8495072053105347,0.0800387816965141,0.01847716761584353,0.08705095209993212,0.406715708514788,0.38992643722781906,2.082088756583872,0.7153679310164424,0.5769133635773801,0.6125433541774745,0.2840959696551869,0.613390821655245,0.758404142306489,0.15769558401270478,0.10755634483328153,0.2805755395683453,0.25
ULTRASOUND,ConvNeXt,4,FAIR_equal_blend,True,0.6582670203359858,0.6769809736384714,0.8893903986843336,0.09243191604786574,0.0357721358711574,0.10405521402382316,0.3562232642609803,0.46566510360853053,0.6332122965403004,0.7002303495289003,0.6851732711177881,0.6208905996001609,0.20828999447005114,0.5763909168365304,0.7418660208651283,0.1324849737528712,0.09697117356685774,0.19424460431654678,0.1774193548387097
ULTRASOUND,ConvNeXt,4,ABL_no_descriptors,True,0.6869605490295146,0.7059958742959705,0.8982694033681579,0.08387705295565168,0.01841545005950874,0.09943921842535651,0.34901290718338046,0.4764806392249302,0.598812598985368,0.7361319336031531,0.6199973334116862,0.6457894803032773,0.21407239111551002,0.6264210743362212,0.7693217733813846,0.10784679547035687,0.07775680652367269,0.2158273381294964,0.20161290322580644
ULTRASOUND,ConvNeXt,5,BASE,True,0.6788977306218685,0.6877443124251634,0.8637186507171818,0.06715107540930469,0.018542158727372932,0.07770912373658792,0.3882761353548006,0.4175857969678002,0.6632712699685146,0.7079753875732422,0.6416866183280945,0.6141189336776733,0.19909410249619253,0.593487024307251,0.7519307136535645,0.1319203917335911,0.08839384587276909,0.2446043165467626,0.20161290322580644
ULTRASOUND,ConvNeXt,5,MC_DROPOUT,True,0.7075912593153973,0.7118863049095606,0.8639704398144122,0.08511561251455738,0.02234921868174696,0.08259259910192542,0.3860934097385459,0.4208598853921822,0.6599117722619434,0.701370120048523,0.652123212814331,0.6118894815444946,0.37855809926986694,0.5995553135871887,0.7367839217185974,0.131700475233816,0.09426813439312136,0.2446043165467626,0.20161290322580644
ULTRASOUND,ConvNeXt,5,TEMP_SCALE,True,0.6788977306218685,0.6877443124251634,0.8637597360638855,0.0870856967664534,0.01590001165972929,0.07748219183375758,0.3881938617792752,0.4177092073310883,0.6658008297126926,0.7206015586853027,0.6170649528503418,0.6213403344154358,0.17403626441955566,0.6060147285461426,0.7645946145057678,0.13175857827781867,0.08823203241699666,0.2446043165467626,0.20161290322580644
ULTRASOUND,ConvNeXt,5,VEC_SCALE,True,0.6653614584649067,0.6598833491199306,0.8669312752759041,0.08647370032336003,0.01625970410603065,0.09078072714162339,0.3840203624776802,0.4239694562834807,0.6666508232699125,0.7726471143172996,0.5273828119295255,0.6523642274436743,0.6389220196796397,0.6555728976833505,0.8205411120311876,0.12926480054971773,0.08138826737367946,0.2517985611510791,0.21774193548387097
ULTRASOUND,ConvNeXt,5,ISOTONIC,True,0.6935497452738831,0.68111707414033,0.8516090786356186,0.07588085205324233,0.015078876588893586,0.07356311220749846,0.3877695342326194,0.41834569865107196,1.204330341345168,0.7875056862831116,0.4519232511520386,0.661514401435852,0.4305052161216736,0.6732792258262634,0.8313605189323425,0.13441923816933765,0.09089269230851564,0.24460431654676265,0.2085253456221199
ULTRASOUND,ConvNeXt,5,DIRICHLET,True,0.6656351311523726,0.6515873015873016,0.8535560124107672,0.08856921638211897,0.00957068261099217,0.08831008712771117,0.39384774984085075,0.4092283752387249,0.7018200763831624,0.7497404217720032,0.5529376864433289,0.6362079977989197,0.15922955274581907,0.6339396834373474,0.7986103296279907,0.13734303563052447,0.08720379645110121,0.2805755395683453,0.23387096774193547
ULTRASOUND,ConvNeXt,5,APEX,True,0.6752978821944339,0.6897297297297298,0.895550752430272,0.07300475682821415,0.00813750736952287,0.07499759228632767,0.3462994912393926,0.48055076314091205,0.5887278601808706,0.7740239517250838,0.5721927916159968,0.663879661375661,0.3742316387682894,0.6486902234216286,0.820608169324598,0.10305757678644012,0.06161935957720639,0.2158273381294964,0.1774193548387097
ULTRASOUND,ConvNeXt,5,ABL_no_gate,True,0.679129299818955,0.6962533830736595,0.8939701930693951,0.07977523250311212,0.013601452616786117,0.07539647034759489,0.34223282078647926,0.486650768820282,0.5854666487532034,0.7640540876602882,0.5900948686194409,0.6600008741766676,0.3892761368261823,0.6386460085904253,0.8091569932906775,0.09906108956979773,0.05965410709265471,0.22302158273381295,0.1774193548387097
ULTRASOUND,ConvNeXt,5,ABL_no_rbf,True,0.6532146014904635,0.6784328904871307,0.8874970638023413,0.05481932754211455,0.0011094686187369817,0.07600523132547528,0.36058406085251743,0.45912390872122477,0.6147844274707861,0.7420445354499501,0.6187980352791583,0.6415829088203355,0.13975325486802925,0.6219341382931968,0.7866873379329914,0.1295836015762376,0.08814538436700388,0.2158273381294964,0.18548387096774194
ULTRASOUND,ConvNeXt,5,ABL_no_poly,True,0.6752978821944339,0.6884296060766649,0.8955873443100884,0.0790216745179837,0.012679619658704374,0.07077945225120787,0.3467752617445524,0.4798371073831723,0.5895956570209389,0.7747555005592289,0.571479626919094,0.6638324581432895,0.36855896664079046,0.6502777078246376,0.8210215828145637,0.10293357008233457,0.061495352873100845,0.2158273381294964,0.1774193548387097
ULTRASOUND,ConvNeXt,5,ABL_no_knn,True,0.6752978821944339,0.6897297297297298,0.8944123253373314,0.06612699411546166,0.010120175069311031,0.06375658018747306,0.34655069382852366,0.4801739592572154,0.590447061417268,0.7748813611743711,0.5697288760193907,0.6644601467296345,0.38064363302078624,0.6492417675031481,0.8215792632468609,0.10420761936997038,0.06276940216073665,0.22302158273381295,0.1774193548387097
ULTRASOUND,ConvNeXt,5,ABL_focal,True,0.6829607174434761,0.6978599969486465,0.9010722516023318,0.07183338643822541,0.01648318615007792,0.07605195096977245,0.3409487700237329,0.48857684496440157,0.5736701461106986,0.7576946369984466,0.6002265745451,0.6577748472605622,0.3619408256852901,0.6351912381289161,0.8003045148661095,0.10493266207227894,0.0675003212315843,0.2158273381294964,0.18548387096774194
ULTRASOUND,ConvNeXt,5,TAU_0.60,True,0.6752978821944339,0.6897297297297298,0.8953535518898846,0.0813028503670836,0.016803071073766475,0.0729805416424397,0.34404964890218637,0.4839255266467214,0.5857270898221555,0.7697552995299193,0.5792695999583009,0.6626668239594985,0.3742316387682894,0.6417432974755952,0.8173349817094028,0.10105195806156249,0.05961374085232876,0.22302158273381295,0.1774193548387097
ULTRASOUND,ConvNeXt,5,TAU_0.70,True,0.6752978821944339,0.6897297297297298,0.8954089144398046,0.08223127064564245,0.01721154351255207,0.07638082904763897,0.3453125933946424,0.4820311099080373,0.5879255840902731,0.7726611552364381,0.5749053362029704,0.6635425991138961,0.3742316387682894,0.6470699289658493,0.8193410800449755,0.10350140887470013,0.06206319166546641,0.22302158273381295,0.1774193548387097
ULTRASOUND,ConvNeXt,5,TAU_0.80,True,0.6752978821944339,0.6897297297297298,0.8954102832632542,0.07315487143242969,0.008542940886085012,0.07639412942607825,0.34651426057372076,0.4802286091394198,0.5889278998829619,0.7744835172091145,0.572059498934395,0.6638823302218694,0.3742316387682894,0.6496175013618034,0.8208938947806816,0.10297601909570549,0.06153780188647176,0.22302158273381295,0.1774193548387097
ULTRASOUND,ConvNeXt,5,TAU_0.85,True,0.6752978821944339,0.6897297297297298,0.895550752430272,0.07300475682821415,0.00813750736952287,0.07499759228632767,0.3462994912393926,0.48055076314091205,0.5887278601808706,0.7740239517250838,0.5721927916159968,0.663879661375661,0.3742316387682894,0.6486902234216286,0.820608169324598,0.10305757678644012,0.06161935957720639,0.2158273381294964,0.1774193548387097
ULTRASOUND,ConvNeXt,5,TAU_0.90,True,0.6752978821944339,0.6897297297297298,0.8954513686099581,0.07420573877479952,0.008322798153766547,0.0741079870514416,0.34631836423741735,0.4805224536438749,0.5888389246518484,0.7736437821390281,0.5729168717810247,0.663631252376142,0.3742316387682894,0.6484258562560947,0.8201849581309149,0.1031432720165841,0.061705054807350376,0.2158273381294964,0.1774193548387097
ULTRASOUND,ConvNeXt,5,TAU_0.95,True,0.6752978821944339,0.6897297297297298,0.8952121008959556,0.07385649028794726,0.0076998755264909065,0.0735583475089296,0.346322853517453,0.48051571972382146,0.5890241283708014,0.7726780802362284,0.5745061644664583,0.6630958322143402,0.3742316387682894,0.6476343143695964,0.8191545241866581,0.10324374232718239,0.061805525117948665,0.2158273381294964,0.1774193548387097
ULTRASOUND,ConvNeXt,5,FAIR_rbf_svm,True,0.6752978821944339,0.6897297297297298,0.891414556618438,0.08894772775144766,0.01883017102559117,0.07029841961063162,0.34927157187140495,0.4760926421928935,0.5970677660141586,0.77843758898408,0.5629205152594187,0.6649742166883579,0.37231918129860525,0.6557437385175234,0.8240406130512958,0.10621866825943121,0.06478045105019749,0.22302158273381295,0.18548387096774194
ULTRASOUND,ConvNeXt,5,FAIR_poly_svm,True,0.6501620984379605,0.6708690722665877,0.8735702895834009,0.10279496266066754,0.03351741174231451,0.09419405599561204,0.3866905512543859,0.41996417311842216,0.7016463603022253,0.7679610022444644,0.5750770316165756,0.6427840273521699,0.19972101431691314,0.6700821404659693,0.8055394938201366,0.16475017921733506,0.12122363335651305,0.2589928057553957,0.20967741935483872
ULTRASOUND,ConvNeXt,5,FAIR_knn,True,0.6743505536608985,0.666728508421682,0.8488499087651263,0.10942593154139288,0.0432403578201766,0.09428428278790435,0.4188521284514391,0.37172180732284243,1.8736858800077052,0.7449707420935847,0.530323138923287,0.6222755962041888,0.4898376576039609,0.6629040077670675,0.7785434970453419,0.1823605618589399,0.13448402868290163,0.26618705035971224,0.25806451612903225
ULTRASOUND,ConvNeXt,5,FAIR_equal_blend,True,0.7006652351479937,0.7128423925316266,0.8915432364717417,0.07209991911724907,0.0021099923179449132,0.08435205800882402,0.3551243936347509,0.4673134095478746,0.595041946123945,0.7408884754785945,0.6194403395740616,0.6433446134149058,0.14865463199253715,0.6390622869614081,0.7751231423076483,0.13192752265177768,0.09641372246576423,0.2158273381294964,0.20161290322580644
ULTRASOUND,ConvNeXt,5,ABL_no_descriptors,True,0.6711927918824471,0.6859279065161418,0.9021390715929237,0.1173774844107012,0.05811560987399274,0.09021831770635573,0.34398565840605777,0.4840215123909143,0.5775302496389498,0.7758928229366149,0.5656238293209873,0.666797843101984,0.3854361418540666,0.6467307695323725,0.823899957830227,0.1000047642472568,0.05856654703802307,0.23741007194244604,0.16129032258064516
ULTRASOUND,MobileNetV3,1,BASE,True,0.670150009580904,0.6681008992842431,0.840240041658188,0.17111529925694835,0.11098856789046635,0.11845488870182097,0.4508149204596483,0.32377761931052873,0.7851540531025407,0.5411384701728821,0.9518083333969116,0.4913574755191803,0.317114298993891,0.4618779122829437,0.5732711553573608,0.14355339607043405,0.09632457774150004,0.2642857142857143,0.22580645161290322
ULTRASOUND,MobileNetV3,1,MC_DROPOUT,True,0.6906257698940625,0.6863415601149767,0.8422317645567009,0.18395408147420633,0.11528409250031664,0.1255988088141904,0.4505045233758692,0.32424321493619734,0.7849685001956157,0.5404048562049866,0.9531124830245972,0.49107298254966736,0.3732494115829468,0.4646177887916565,0.5692442655563354,0.14145593930998215,0.09851642204669847,0.25,0.22580645161290322
ULTRASOUND,MobileNetV3,1,TEMP_SCALE,True,0.670150009580904,0.6681008992842431,0.844679762983325,0.07138948925794698,0.020700582454347197,0.08099536212463665,0.3987495908764873,0.40187561368527014,0.7069050061346182,0.7063000798225403,0.6790220737457275,0.6032464504241943,0.17278140783309937,0.5893833041191101,0.7536988854408264,0.14332284178927826,0.09609402346034425,0.2642857142857143,0.22580645161290322
ULTRASOUND,MobileNetV3,1,VEC_SCALE,True,0.6735101694451288,0.6851206224398124,0.845791213655723,0.11310872145416667,0.041778958288859476,0.08405675823024537,0.39376318613496925,0.40935522079754716,0.6868490796312334,0.7111076683461037,0.6578270544832809,0.6094188123664179,0.3821110116552661,0.6018324480051412,0.7526902743165584,0.1429422131269858,0.10000269586370211,0.24285714285714285,0.23387096774193547
ULTRASOUND,MobileNetV3,1,ISOTONIC,True,0.7084222988694533,0.6933815761001005,0.8397224742143793,0.06988890927571517,0.002765101523624024,0.07635744287867224,0.39726376032199123,0.4041043595170142,0.9900249412938044,0.7162261605262756,0.5964367389678955,0.6169007420539856,0.23843714594841003,0.5993257164955139,0.762151300907135,0.14272580831768175,0.09767025773769013,0.24285714285714285,0.21774193548387102
ULTRASOUND,MobileNetV3,1,DIRICHLET,True,0.6692945717335962,0.6843604805708745,0.8448048543182879,0.09491713803548078,0.03818874389143341,0.08098924288160017,0.39589475291330156,0.4061578706300487,0.6877684137163931,0.6711930632591248,0.7301228642463684,0.5861389636993408,0.38596171140670776,0.5643836855888367,0.7118373513221741,0.14063569081379854,0.09769617355051485,0.24285714285714285,0.20967741935483872
ULTRASOUND,MobileNetV3,1,APEX,True,0.7382976102488298,0.7485369410603306,0.89858594842693,0.05342544825113104,0.012869869773280796,0.07544286739054358,0.3178540841899385,0.5232188737150931,0.5497357762049663,0.7531241900368647,0.6038555600457074,0.6650454895921225,0.16503507976666487,0.6419219805045111,0.7852901184139919,0.09097908120754887,0.06296636157220914,0.18571428571428572,0.16129032258064516
ULTRASOUND,MobileNetV3,1,ABL_no_gate,True,0.7382976102488298,0.7485369410603306,0.89858594842693,0.05342544825113104,0.012869869773280796,0.07544286739054358,0.3178540841899385,0.5232188737150931,0.5497357762049663,0.7531241900368647,0.6038555600457074,0.6650454895921225,0.16503507976666487,0.6419219805045111,0.7852901184139919,0.09097908120754887,0.06296636157220914,0.18571428571428572,0.16129032258064516
ULTRASOUND,MobileNetV3,1,ABL_no_rbf,True,0.7453190440995319,0.763793574667071,0.8984772313483607,0.12321665899717252,0.04602142822330473,0.08863914100330506,0.31838780539490935,0.5224182919076368,0.8646561933127106,0.725697311689963,0.6450265889267991,0.6517495077894747,0.3081832163499199,0.6117109670902197,0.7551131425544131,0.08863471766848009,0.0653328849167961,0.17142857142857143,0.16129032258064516
ULTRASOUND,MobileNetV3,1,ABL_no_poly,True,0.7420854890367085,0.7535501355013551,0.8962227372197198,0.0979890535647094,0.031625731253826256,0.08091755436892216,0.3217922170030205,0.51731167449547,0.551497310946774,0.7556372360287203,0.5935774912476125,0.665536222205477,0.613964962456298,0.6552387734292461,0.7836171354416885,0.09622387440959138,0.0698338510942817,0.18571428571428572,0.1774193548387097
ULTRASOUND,MobileNetV3,1,ABL_no_knn,True,0.7382976102488298,0.7485369410603306,0.8948351518919967,0.056853448822646396,0.005902224925937791,0.08250156588231124,0.32329813534270724,0.51505279698594,0.5668584104595553,0.7639055143402277,0.5863174270369925,0.6686260060454785,0.6009771953606766,0.658611527708115,0.7943624526222438,0.09989663739286729,0.07188391775752756,0.18571428571428572,0.14516129032258066
ULTRASOUND,MobileNetV3,1,ABL_focal,True,0.7378698913251759,0.7500341502062673,0.9050175548952839,0.10454236555973266,0.03382715316541782,0.0864314100906457,0.3109473338206481,0.5335789992690287,0.547022240265924,0.7142804359711489,0.6751888891722163,0.6468739643338751,0.19923257288622276,0.588749201172362,0.7492645505872042,0.0784942844860534,0.052104261170743724,0.18571428571428572,0.12903225806451613
ULTRASOUND,MobileNetV3,1,TAU_0.60,True,0.7382976102488298,0.7485369410603306,0.89858594842693,0.05342544825113104,0.012869869773280796,0.07544286739054358,0.3178540841899385,0.5232188737150931,0.5497357762049663,0.7531241900368647,0.6038555600457074,0.6650454895921225,0.16503507976666487,0.6419219805045111,0.7852901184139919,0.09097908120754887,0.06296636157220914,0.18571428571428572,0.16129032258064516
ULTRASOUND,MobileNetV3,1,TAU_0.70,True,0.7382976102488298,0.7485369410603306,0.89858594842693,0.05342544825113104,0.012869869773280796,0.07544286739054358,0.3178540841899385,0.5232188737150931,0.5497357762049663,0.7531241900368647,0.6038555600457074,0.6650454895921225,0.16503507976666487,0.6419219805045111,0.7852901184139919,0.09097908120754887,0.06296636157220914,0.18571428571428572,0.16129032258064516
ULTRASOUND,MobileNetV3,1,TAU_0.80,True,0.7382976102488298,0.7485369410603306,0.89858594842693,0.05342544825113104,0.012869869773280796,0.07544286739054358,0.3178540841899385,0.5232188737150931,0.5497357762049663,0.7531241900368647,0.6038555600457074,0.6650454895921225,0.16503507976666487,0.6419219805045111,0.7852901184139919,0.09097908120754887,0.06296636157220914,0.18571428571428572,0.16129032258064516
ULTRASOUND,MobileNetV3,1,TAU_0.85,True,0.7382976102488298,0.7485369410603306,0.89858594842693,0.05342544825113104,0.012869869773280796,0.07544286739054358,0.3178540841899385,0.5232188737150931,0.5497357762049663,0.7531241900368647,0.6038555600457074,0.6650454895921225,0.16503507976666487,0.6419219805045111,0.7852901184139919,0.09097908120754887,0.06296636157220914,0.18571428571428572,0.16129032258064516
ULTRASOUND,MobileNetV3,1,TAU_0.90,True,0.7382976102488298,0.7485369410603306,0.89858594842693,0.05342544825113104,0.012869869773280796,0.07544286739054358,0.3178540841899385,0.5232188737150931,0.5497357762049663,0.7531241900368647,0.6038555600457074,0.6650454895921225,0.16503507976666487,0.6419219805045111,0.7852901184139919,0.09097908120754887,0.06296636157220914,0.18571428571428572,0.16129032258064516
ULTRASOUND,MobileNetV3,1,TAU_0.95,True,0.7382976102488298,0.7485369410603306,0.89858594842693,0.05342544825113104,0.012869869773280796,0.07544286739054358,0.3178540841899385,0.5232188737150931,0.5497357762049663,0.7531241900368647,0.6038555600457074,0.6650454895921225,0.16503507976666487,0.6419219805045111,0.7852901184139919,0.09097908120754887,0.06296636157220914,0.18571428571428572,0.16129032258064516
ULTRASOUND,MobileNetV3,1,FAIR_rbf_svm,True,0.7382976102488298,0.7485369410603306,0.8873320351492539,0.06591973496338305,0.022921248469689962,0.08176341389522668,0.3357677580952515,0.4963483628571237,0.5832165882217231,0.7770900571218431,0.5533118987903863,0.6718561689965136,0.23463355706327294,0.6888977399005486,0.8026002315246968,0.11137964187625833,0.0833669222409186,0.2,0.1774193548387097
ULTRASOUND,MobileNetV3,1,FAIR_poly_svm,True,0.7085831211847472,0.7334656084656085,0.8842223434672363,0.06745968748891325,0.0228064357314443,0.07774962049638884,0.3378044030358259,0.49329339544626205,0.8926330860294479,0.7528210094893242,0.5985898283612872,0.657708533157883,0.13581867735059594,0.647559368169803,0.7843995018851805,0.14996339849253873,0.12027500521146438,0.2,0.14516129032258066
ULTRASOUND,MobileNetV3,1,FAIR_knn,True,0.6988824559962771,0.7013657600599031,0.8843149908883087,0.0680743691124014,0.014519540848529203,0.09320941464806819,0.35333327099743267,0.47000009350385197,1.5914695641746819,0.7111213681292324,0.5718787035725265,0.6386584564089497,0.19544711514642088,0.5685247103219984,0.7636569789003187,0.10803872227778391,0.06715851039837406,0.22142857142857142,0.1935483870967742
ULTRASOUND,MobileNetV3,1,FAIR_equal_blend,True,0.7577913279132792,0.7690876242095754,0.9036131043506611,0.09037967841271387,0.02904455878269523,0.07822717612175342,0.3091121810378179,0.536331728443274,0.5454008064295425,0.7255815081481211,0.6425191201967453,0.6560743861877822,0.3774580289178884,0.5997179314723675,0.7567956751637078,0.07806536393161723,0.05622987289264712,0.15714285714285714,0.12096774193548387
ULTRASOUND,MobileNetV3,1,ABL_no_descriptors,True,0.7670300566642031,0.7696934865900383,0.9079937889689481,0.05700209991445119,0.02401360262440474,0.08105592303254307,0.30665057859671624,0.5400241321049264,0.5340549001939363,0.7473824040530909,0.6116595596326334,0.6675498608809637,0.18610219609027956,0.6428016726728094,0.7743709798931634,0.08780466116169802,0.06450282841001403,0.17142857142857143,0.14516129032258066
ULTRASOUND,MobileNetV3,2,BASE,True,0.6670315635832877,0.6409644939056703,0.8649071098238191,0.14303409632964012,0.08500605368395837,0.13477082440677365,0.4316124658703403,0.3525813011944907,0.750120320918286,0.5667500495910645,0.9152457118034363,0.5124821662902832,0.30159832485790905,0.4697256088256836,0.6125163435935974,0.13808497281951979,0.07911291875805629,0.29285714285714287,0.24193548387096775
ULTRASOUND,MobileNetV3,2,MC_DROPOUT,True,0.6708629812078087,0.6453936774302907,0.8664511373088235,0.13605341086020836,0.08198156329863136,0.1305694257776834,0.43054030283132394,0.3541895457530152,0.7488767139393733,0.5658998489379883,0.9165986776351929,0.5126055479049683,0.2962792063581532,0.469308078289032,0.6101333498954773,0.1348862195848443,0.07838153124462004,0.2857142857142857,0.23387096774193547
ULTRASOUND,MobileNetV3,2,TEMP_SCALE,True,0.6670315635832877,0.6409644939056703,0.866282524139591,0.08461882441471785,0.017293875164742806,0.10072998833866453,0.40400863312941393,0.3939870503058802,0.6919421474221694,0.7419500350952148,0.6041364669799805,0.6230124235153198,0.21359906477086682,0.6093611121177673,0.8044918775558472,0.13629108187097114,0.07731902780950764,0.2857142857142857,0.23387096774193547
ULTRASOUND,MobileNetV3,2,VEC_SCALE,True,0.6735388919296965,0.6669019558936625,0.8659403144755328,0.06012913999100238,0.0030286059579113117,0.08435540310959878,0.38795630500229095,0.4180655424965646,0.6639842315786045,0.7478899393470698,0.5861047490875072,0.6349539794665339,0.2926562742025321,0.6202388723406682,0.8012712946406558,0.12819739507110692,0.07873755893548047,0.2571428571428571,0.23387096774193547
ULTRASOUND,MobileNetV3,2,ISOTONIC,True,0.664720549778021,0.6697885447885447,0.8559318959429746,0.0777652450861075,0.012595824351696736,0.08669387599708046,0.400890029866997,0.3986649551995055,0.9956802489736913,0.7719613909721375,0.5243539214134216,0.6417729258537292,0.3809914290904999,0.6636605262756348,0.8172509670257568,0.13348930990990968,0.08402947377428323,0.2738095238095237,0.22983870967741932
ULTRASOUND,MobileNetV3,2,DIRICHLET,True,0.6691297208538588,0.6688458660680882,0.8613273516251443,0.05296048980492812,0.0057537891925909575,0.0737694427769026,0.3889206557387653,0.41661901639185317,0.6623008297255125,0.7155085802078247,0.6609339714050293,0.613182544708252,0.18973800965717857,0.5972847938537598,0.7649476528167725,0.1327728077563387,0.08331297162071226,0.2571428571428571,0.22580645161290322
ULTRASOUND,MobileNetV3,2,APEX,True,0.7115793954874414,0.73567175241641,0.8891010064339149,0.08670519548166644,0.034113351335293404,0.07423893870152615,0.33196698516460976,0.5020495222530863,0.5830148658910576,0.7618535751482292,0.5738085101982227,0.6681346634234508,0.6029367863803279,0.6490642901353636,0.7944785749453389,0.09048269680760115,0.06246997717226143,0.21428571428571427,0.1774193548387097
ULTRASOUND,MobileNetV3,2,ABL_no_gate,True,0.7080216505503861,0.7252383076915696,0.8919175334047252,0.06599605340203586,0.01995563417092884,0.05905429666964276,0.33082446243122204,0.5037633063531678,0.5792399745521257,0.7484388248567901,0.6123192499070802,0.6589674696494234,0.6055297222115049,0.6274325591002555,0.7860626217726875,0.08943967568126596,0.05802218995103816,0.22142857142857142,0.1774193548387097
ULTRASOUND,MobileNetV3,2,ABL_no_rbf,True,0.6621966794380587,0.6977033121480211,0.8709600099580853,0.09991114668989563,0.03995776145821962,0.08136543361669563,0.3639747872204554,0.45403781916931785,0.6392528950638653,0.6889082747174674,0.7053870354858061,0.6082265785338062,0.18848574660869277,0.576484398748967,0.7263829000403009,0.101730990012799,0.06669325977554469,0.22142857142857142,0.1693548387096774
ULTRASOUND,MobileNetV3,2,ABL_no_poly,True,0.7077479778629204,0.7305868806935555,0.8876158656374118,0.07770566546386082,0.03267905428612332,0.0808294413309706,0.33249635616497536,0.5012554657525379,0.5841370496375345,0.7620391871492607,0.5727892380797825,0.6680695770260456,0.3654205981558785,0.6451487304536015,0.7971063241579583,0.09175339717667966,0.062065003895605306,0.22142857142857142,0.1774193548387097
ULTRASOUND,MobileNetV3,2,ABL_no_knn,True,0.7039165602383993,0.7222544901279764,0.8898386095539763,0.08152409726543694,0.013662788053681875,0.07418697091941255,0.334419712007052,0.4983704319894229,0.5856253727329542,0.7728152555183941,0.5500810493960854,0.6744716866319649,0.6252070774112908,0.6526638463991059,0.8101732566731308,0.09464011831732547,0.06322263258709768,0.21428571428571427,0.18548387096774194
ULTRASOUND,MobileNetV3,2,ABL_focal,True,0.675120111901721,0.7024063356685958,0.8915732456693514,0.09332450706837596,0.045458003554851,0.07919633870247612,0.33553021200911426,0.49670468198632955,0.5960813536716878,0.6933188458617224,0.7053740570510988,0.6245992197256163,0.23801722161269412,0.5566096468351476,0.7388885788705808,0.08655546310526374,0.05151773286800943,0.2,0.16129032258064516
ULTRASOUND,MobileNetV3,2,TAU_0.60,True,0.7156844857994283,0.7370537958773253,0.8875430681426398,0.0884090985266048,0.035493718119841956,0.06979944848677701,0.3320569129452758,0.5019146305820872,0.5855156718472612,0.7591879730785033,0.5828403481475922,0.6659975845050888,0.6029367863803279,0.6480449911169892,0.7913367695136521,0.09052598216625385,0.06251326253091413,0.21428571428571427,0.1774193548387097
ULTRASOUND,MobileNetV3,2,TAU_0.70,True,0.7115793954874414,0.73567175241641,0.887993401435018,0.08720983220813114,0.03319172047240766,0.07294626273911785,0.331597230187301,0.5026041547190494,0.5840432917429202,0.7606474967202079,0.5782062895860085,0.667366786266821,0.6029367863803279,0.6479750565184039,0.7932386984314734,0.09085684234572793,0.0628441227103882,0.21428571428571427,0.1774193548387097
ULTRASOUND,MobileNetV3,2,TAU_0.80,True,0.7115793954874414,0.73567175241641,0.8892816805079055,0.08668012233994,0.03416603372745353,0.07422687325272836,0.3318921866615183,0.5021617200077234,0.5829683548337297,0.7618786482899557,0.574200838307706,0.6681597365651774,0.6029367863803279,0.6490642901353636,0.7945109006487219,0.090062977637882,0.062050258002542276,0.21428571428571427,0.1774193548387097
ULTRASOUND,MobileNetV3,2,TAU_0.85,True,0.7115793954874414,0.73567175241641,0.8891010064339149,0.08670519548166644,0.034113351335293404,0.07423893870152615,0.33196698516460976,0.5020495222530863,0.5830148658910576,0.7618535751482292,0.5738085101982227,0.6681346634234508,0.6029367863803279,0.6490642901353636,0.7944785749453389,0.09048269680760115,0.06246997717226143,0.21428571428571427,0.1774193548387097
ULTRASOUND,MobileNetV3,2,TAU_0.90,True,0.7115793954874414,0.73567175241641,0.8891150971329264,0.08666274225780295,0.034162618619447464,0.07393271634478088,0.3319789618781412,0.5020315571827891,0.5829788865325091,0.7618960283720927,0.5735328473671518,0.6681771166473144,0.6029367863803279,0.6490642901353636,0.7945333080273448,0.09039491943109139,0.062382199795751665,0.21428571428571427,0.1774193548387097
ULTRASOUND,MobileNetV3,2,TAU_0.95,True,0.7115793954874414,0.73567175241641,0.8891150971329264,0.08672718340439564,0.033753012042729146,0.0739107555973243,0.3320010827617745,0.5019983758573392,0.5830486942940328,0.7618315872254999,0.5736243209525207,0.6681126755007216,0.6029367863803279,0.6490642901353636,0.7944502268796716,0.09039491943109139,0.062382199795751665,0.21428571428571427,0.1774193548387097
ULTRASOUND,MobileNetV3,2,FAIR_rbf_svm,True,0.7118530681749072,0.7304216954983119,0.885948769941392,0.0852021660184503,0.02637157135365696,0.06874992614464477,0.33817503783280883,0.4927374432507876,0.5971760536764423,0.7837244232036288,0.517775179517694,0.6808529267807487,0.6202079318621044,0.6696480826058889,0.8179473253829507,0.0979526604111007,0.06826426713002635,0.21428571428571427,0.18548387096774194
ULTRASOUND,MobileNetV3,2,FAIR_poly_svm,True,0.6298728942407102,0.6712209302325581,0.885455933685134,0.12418285650832521,0.0641093557688285,0.08947508155635746,0.3603674126693477,0.45944888099597947,0.6225778866818447,0.7399517061855272,0.6382053785698446,0.6347164055164751,0.4506194559795417,0.6291530592406657,0.7807722603231076,0.10449541771991439,0.06361520584050454,0.24285714285714285,0.21774193548387097
ULTRASOUND,MobileNetV3,2,FAIR_knn,True,0.6447424435930184,0.6515523173446671,0.808529573766218,0.0794273582349921,0.02193508487422114,0.08377171485115363,0.4277850614191047,0.35832240787134406,2.1181574073627036,0.6822174985829548,0.6298818396619618,0.5838816242888313,0.31643976000450624,0.5818698816590937,0.7268164394380041,0.1651304396211978,0.11103320806379914,0.2571428571428571,0.2661290322580645
ULTRASOUND,MobileNetV3,2,FAIR_equal_blend,True,0.6704372681384175,0.7036774243018229,0.8877853515696263,0.08731069968188457,0.022777201068410077,0.06669257567589125,0.3391922554626097,0.49121161680608627,0.6048962431838032,0.7088425485770609,0.6640380563102152,0.6331503188620186,0.1977425153726199,0.5778856110633385,0.7510151216747003,0.09046652066294826,0.0572660747826405,0.18571428571428572,0.14516129032258066
ULTRASOUND,MobileNetV3,2,ABL_no_descriptors,True,0.6915708812260536,0.7140607538352128,0.8872147210077898,0.07158598524628074,0.016628862171113833,0.07826726714133228,0.3330596010998421,0.5004105983502377,0.5894276591899722,0.7677158088717684,0.5622300842574904,0.6709560984506202,0.4496522299903737,0.6377023135275649,0.8095845616097322,0.09463527553214372,0.061434829651835964,0.2,0.1774193548387097
ULTRASOUND,MobileNetV3,3,BASE,True,0.6417016359545095,0.6227374067328683,0.8365247179384582,0.15346810259880161,0.07558684170596552,0.14652580212260416,0.4669436905904216,0.2995844641143688,0.7978058554982677,0.5361352562904358,0.9509879946708679,0.48261788487434387,0.2355524084784768,0.46633392572402954,0.572052538394928,0.1823995835387241,0.1156602727593413,0.29285714285714287,0.2661290322580645
ULTRASOUND,MobileNetV3,3,MC_DROPOUT,True,0.658152405278842,0.634681042228212,0.8372206557960683,0.14600812185269132,0.07451052663465046,0.14899651326525673,0.4683441053473261,0.297483841979012,0.7998369690482549,0.5332106351852417,0.9540243148803711,0.4808712601661682,0.2280689432070806,0.4646684229373932,0.5674817562103271,0.18061031479556106,0.1165215309964133,0.29285714285714287,0.28225806451612906
ULTRASOUND,MobileNetV3,3,TEMP_SCALE,True,0.6417016359545095,0.6227374067328683,0.838736748932151,0.08052672789647028,0.022492501440281393,0.1078907094704799,0.43176007389261895,0.35235988916107275,0.7289799037695487,0.6920239329338074,0.6992717385292053,0.5788835287094116,0.3759719133377075,0.5939109325408936,0.7425093650817871,0.1789535650059865,0.11221425422660371,0.29285714285714287,0.25806451612903225
ULTRASOUND,MobileNetV3,3,VEC_SCALE,True,0.6759107218877333,0.676870557426113,0.8316457956727072,0.09590593780920856,0.016814632819083495,0.09029765031317337,0.4211974415303956,0.3682038377044077,0.7223042198115749,0.7069682091018198,0.6485152880641132,0.5953041290923,0.37980547474172527,0.6397697253923005,0.7325393135222564,0.1705690752244977,0.12762955796121403,0.2571428571428571,0.24193548387096775
ULTRASOUND,MobileNetV3,3,ISOTONIC,True,0.6611628048409658,0.6508581234787233,0.8324740513837469,0.041918752476190896,0.00010130647082124799,0.09561063740382558,0.4270625093491941,0.35940623597621,0.8768653342874081,0.7191315293312073,0.599399745464325,0.6031048893928528,0.22732026378313697,0.6382388472557068,0.7550837397575378,0.1821441420886078,0.12804691053120915,0.3030612244897959,0.28225806451612906
ULTRASOUND,MobileNetV3,3,DIRICHLET,True,0.6197774128808612,0.625258044930176,0.830480138989695,0.04595959530426904,0.011939236827537142,0.08506731887976836,0.4214434683439909,0.3678347974840148,0.7157132258702291,0.6706908941268921,0.7249359488487244,0.5737772583961487,0.6030612587928772,0.584291934967041,0.7102566957473755,0.1712420872674394,0.11473739892721511,0.2857142857142857,0.24193548387096775
ULTRASOUND,MobileNetV3,3,APEX,True,0.7243811956455635,0.7265471319200268,0.9057976780769811,0.06249581550741884,0.014077954241664137,0.08305800571143031,0.3365856406053635,0.49512153909195566,0.5603305097808678,0.760363547262537,0.5818583957063385,0.6627061533281017,0.3776103298127549,0.6489160220227308,0.7975127223424723,0.10617114772680825,0.07113341748955393,0.22142857142857142,0.18548387096774194
ULTRASOUND,MobileNetV3,3,ABL_no_gate,True,0.7243811956455635,0.7265471319200268,0.9057976780769811,0.06249581550741885,0.014077954241664152,0.08305800571143031,0.3365856406053635,0.49512153909195566,0.5603305097808678,0.7603635472625369,0.5818583957063385,0.6627061533281018,0.3776103298127549,0.6489160220227308,0.7975127223424723,0.10617114772680825,0.07113341748955393,0.22142857142857142,0.18548387096774194
ULTRASOUND,MobileNetV3,3,ABL_no_rbf,True,0.7244116037219485,0.731634642160958,0.9161494933768936,0.08863642347744878,0.027051009274491215,0.10487329858781973,0.3235048594140479,0.5147427108789291,0.5459829944949671,0.7186345049658659,0.6600060034981876,0.6441582638090219,0.2411256582622716,0.5949051140834651,0.7584795630466388,0.08827929437895445,0.055078848498646686,0.21428571428571427,0.1693548387096774
ULTRASOUND,MobileNetV3,3,ABL_no_poly,True,0.7208538587848933,0.7264402264402264,0.898835705215614,0.08131658526800346,0.00637447294661745,0.10089741508759127,0.3520995976210474,0.4718506035684298,0.592628091876484,0.7760147926792051,0.5495457362132463,0.6649740304860452,0.4066504948788111,0.6720246810306445,0.811873451868364,0.12643687194513914,0.0895070688346113,0.24285714285714285,0.20967741935483872
ULTRASOUND,MobileNetV3,3,ABL_no_knn,True,0.7243811956455635,0.7265471319200268,0.9057976780769811,0.062495827726028096,0.014077948777595566,0.08305803082671083,0.33658573626279675,0.4951213956058058,0.5603306678703194,0.760363650356402,0.5818581810041733,0.6627061738256717,0.37761041028420295,0.6489162059942211,0.7975127984771286,0.10617114772680825,0.07113341748955393,0.22142857142857142,0.18548387096774194
ULTRASOUND,MobileNetV3,3,ABL_focal,True,0.7367268746579091,0.7379318849639183,0.9159041841378254,0.089544959351106,0.04757575102882777,0.09306517588710822,0.32270735737178485,0.5159389639423235,0.5558294051863117,0.7016897690833331,0.7059071274042834,0.6327894191606332,0.6415936534740276,0.581466958782226,0.7404055893497915,0.08586031970741938,0.05265987382711162,0.20714285714285716,0.1774193548387097
ULTRASOUND,MobileNetV3,3,TAU_0.60,True,0.7243811956455635,0.7265471319200268,0.9057976780769811,0.06249581550741884,0.014077954241664137,0.08305800571143031,0.3365856406053635,0.49512153909195566,0.5603305097808678,0.760363547262537,0.5818583957063385,0.6627061533281017,0.3776103298127549,0.6489160220227308,0.7975127223424723,0.10617114772680825,0.07113341748955393,0.22142857142857142,0.18548387096774194
ULTRASOUND,MobileNetV3,3,TAU_0.70,True,0.7243811956455635,0.7265471319200268,0.9057976780769811,0.06249581550741884,0.014077954241664137,0.08305800571143031,0.3365856406053635,0.49512153909195566,0.5603305097808678,0.760363547262537,0.5818583957063385,0.6627061533281017,0.3776103298127549,0.6489160220227308,0.7975127223424723,0.10617114772680825,0.07113341748955393,0.22142857142857142,0.18548387096774194
ULTRASOUND,MobileNetV3,3,TAU_0.80,True,0.7243811956455635,0.7265471319200268,0.9057976780769811,0.06249581550741884,0.014077954241664137,0.08305800571143031,0.3365856406053635,0.49512153909195566,0.5603305097808678,0.760363547262537,0.5818583957063385,0.6627061533281017,0.3776103298127549,0.6489160220227308,0.7975127223424723,0.10617114772680825,0.07113341748955393,0.22142857142857142,0.18548387096774194
ULTRASOUND,MobileNetV3,3,TAU_0.85,True,0.7243811956455635,0.7265471319200268,0.9057976780769811,0.06249581550741884,0.014077954241664137,0.08305800571143031,0.3365856406053635,0.49512153909195566,0.5603305097808678,0.760363547262537,0.5818583957063385,0.6627061533281017,0.3776103298127549,0.6489160220227308,0.7975127223424723,0.10617114772680825,0.07113341748955393,0.22142857142857142,0.18548387096774194
ULTRASOUND,MobileNetV3,3,TAU_0.90,True,0.7243811956455635,0.7265471319200268,0.9057976780769811,0.06249581550741884,0.014077954241664137,0.08305800571143031,0.3365856406053635,0.49512153909195566,0.5603305097808678,0.760363547262537,0.5818583957063385,0.6627061533281017,0.3776103298127549,0.6489160220227308,0.7975127223424723,0.10617114772680825,0.07113341748955393,0.22142857142857142,0.18548387096774194
ULTRASOUND,MobileNetV3,3,TAU_0.95,True,0.7243811956455635,0.7265471319200268,0.9057976780769811,0.06249581550741884,0.014077954241664137,0.08305800571143031,0.3365856406053635,0.49512153909195566,0.5603305097808678,0.760363547262537,0.5818583957063385,0.6627061533281017,0.3776103298127549,0.6489160220227308,0.7975127223424723,0.10617114772680825,0.07113341748955393,0.22142857142857142,0.18548387096774194
ULTRASOUND,MobileNetV3,3,FAIR_rbf_svm,True,0.7208538587848933,0.7264402264402264,0.8986148559952029,0.07985363034720294,0.006090835850256744,0.10053732001902489,0.3527808220534403,0.47082876691984044,0.594120665267503,0.7774129982134665,0.5454236924638042,0.6656902001649371,0.4057686988362729,0.6736963766742493,0.813177350468369,0.1272110306356735,0.09028122752514565,0.24285714285714285,0.20967741935483872
ULTRASOUND,MobileNetV3,3,FAIR_poly_svm,True,0.7244116037219485,0.731634642160958,0.9150793114621584,0.08250000431331157,0.02656863670790984,0.10700256600182734,0.32494123691602356,0.5125881446259655,0.5456453933102656,0.7247681443361101,0.6441962267116264,0.6473746876469479,0.18674550661933487,0.6026425369389559,0.7640967297690922,0.09008890393837776,0.05688845805807,0.20714285714285716,0.1774193548387097
ULTRASOUND,MobileNetV3,3,FAIR_knn,True,0.7507754059478198,0.7279039047365968,0.8930878511167416,0.15070908608647887,0.07006723029827347,0.11174445994700698,0.384194240965921,0.4237086385511195,1.4380859884237747,0.679651248458003,0.6439888191816617,0.6050412256202532,0.3217185643613064,0.5794713760177205,0.7153675508062777,0.1362913658490912,0.09741422903416697,0.24285714285714285,0.21774193548387097
ULTRASOUND,MobileNetV3,3,FAIR_equal_blend,True,0.7320440308946057,0.7386303143909841,0.9214193036890012,0.10568091873184718,0.05303336172101971,0.11104848291582305,0.3148029019292783,0.5277956471060834,0.5404197444226654,0.7002034710169137,0.6849506039261032,0.6393687044773796,0.3851884239439192,0.5668074423551916,0.7416795471554322,0.0808205624098363,0.049403076679608506,0.20714285714285716,0.16129032258064516
ULTRASOUND,MobileNetV3,3,ABL_no_descriptors,True,0.7243811956455635,0.7252018351280859,0.9013647341889381,0.0668353579422945,0.01155926754955227,0.1022562033186611,0.34573385516885413,0.48139921724671975,0.573660506904175,0.7609322161308325,0.5822325551483345,0.6583273703957562,0.19654557492235059,0.6582769614670282,0.7951506343521006,0.11646221303297839,0.08142448279572409,0.2357142857142857,0.20161290322580644
ULTRASOUND,MobileNetV3,4,BASE,True,0.6127741989810955,0.576084904780557,0.8181685274971526,0.10111063430386205,0.04323746034716671,0.1429153331745697,0.5027771663241829,0.24583425051372698,0.8526799936807345,0.5121000409126282,0.9865175485610962,0.4533003270626068,0.29427510499954224,0.45520976185798645,0.54803067445755,0.21279767693611873,0.12450142329064681,0.35251798561151076,0.3387096774193548
ULTRASOUND,MobileNetV3,4,MC_DROPOUT,True,0.6048376910445876,0.5678403517672924,0.8163668858190474,0.10909477549214516,0.049318595416058916,0.14871396128368633,0.5028604543655129,0.24570931845173205,0.8533562979970752,0.5104188919067383,0.9881918430328369,0.45270925760269165,0.30371129512786865,0.4525868892669678,0.5479482412338257,0.21589799630049958,0.12438856230290869,0.3669064748201439,0.3387096774193548
ULTRASOUND,MobileNetV3,4,TEMP_SCALE,True,0.6127741989810955,0.576084904780557,0.8166206385701001,0.11561504179431548,0.023223554876072163,0.1307360612016211,0.4906698327976099,0.26399525080358643,0.8013986390793411,0.6902639865875244,0.7136497497558594,0.5458780527114868,0.36628150939941406,0.6133341193199158,0.7388514280319214,0.21929195492172734,0.13099570127625543,0.3597122302158273,0.3387096774193548
ULTRASOUND,MobileNetV3,4,VEC_SCALE,True,0.5569660224832639,0.5621496186012315,0.8089306427138149,0.10704983279995899,0.022381191888338165,0.09349364321402409,0.4643348501755705,0.3034977247366455,0.7495847926859809,0.7033738010137571,0.6605206561423743,0.5731758619924245,0.2740729535638199,0.6171624234110235,0.752139832789041,0.19714628511029098,0.12103063737980088,0.34532374100719426,0.3225806451612903
ULTRASOUND,MobileNetV3,4,ISOTONIC,True,0.5416403519851797,0.5382751988718668,0.8069080011639082,0.1159532723888274,0.03393167429319578,0.12254876398521497,0.48641678344615297,0.2703748248307718,1.1027162493475737,0.7231404185295105,0.6121117472648621,0.5692811012268066,0.23799923261006672,0.6403575539588928,0.7754243612289429,0.20570807815956466,0.11741182451409274,0.35011990407673876,0.3225806451612904
ULTRASOUND,MobileNetV3,4,DIRICHLET,True,0.53315649867374,0.5371096586782862,0.8075459018174426,0.10274929634986385,0.019534191679892773,0.10229690843211707,0.4576174718115721,0.31357379228264304,0.7472252414479728,0.668135941028595,0.7340174913406372,0.5553665161132812,0.1618879199028015,0.5744050741195679,0.7257413864135742,0.2014614760948503,0.11631049108672656,0.3597122302158273,0.3387096774193548
ULTRASOUND,MobileNetV3,4,APEX,True,0.7589996210685865,0.7736752136752137,0.904828521813398,0.07346880150481368,0.021571481308714585,0.07407736120659232,0.31755107989809334,0.5236733801528608,0.5489000750214333,0.7484775645380142,0.6011283091148291,0.666195410734108,0.36835670789454106,0.6580850226242201,0.7701717745973249,0.0909111915138761,0.07021687762122199,0.17985611510791366,0.1774193548387097
ULTRASOUND,MobileNetV3,4,ABL_no_gate,True,0.7589996210685865,0.7736752136752137,0.904828521813398,0.07346880150481375,0.021571481308714613,0.07407736120659233,0.31755107989809334,0.5236733801528608,0.5489000750214333,0.7484775645380142,0.6011283091148291,0.666195410734108,0.36835670789454106,0.6580850226242201,0.7701717745973248,0.0909111915138761,0.07021687762122199,0.17985611510791366,0.1774193548387097
ULTRASOUND,MobileNetV3,4,ABL_no_rbf,True,0.639341501410467,0.6715165970979924,0.8904631990903175,0.07241854343281823,0.022756393862733464,0.07770247957879692,0.35732623622511783,0.4640106456623242,0.6075066752320085,0.6954701229621444,0.6975810094461954,0.6158298826755078,0.16868430511499938,0.5749906120557123,0.740250118166305,0.10574232566632427,0.06430410845709054,0.2446043165467626,0.21774193548387097
ULTRASOUND,MobileNetV3,4,ABL_no_poly,True,0.7472316955075575,0.7614652014652016,0.9109334515894852,0.07746917203689666,0.021731593939731918,0.10044064833081558,0.3154169112682063,0.5268746330976914,0.5335934151964947,0.762164677750454,0.5712796072543284,0.6762171400169537,0.22189454714762907,0.6598538197076309,0.788782136753465,0.08686254796656165,0.06324731395987367,0.18705035971223022,0.16129032258064516
ULTRASOUND,MobileNetV3,4,ABL_no_knn,True,0.7589996210685865,0.7736752136752137,0.904828521813398,0.0734712398658161,0.021572468153408964,0.07407877590532398,0.3175522448021542,0.5236716327967695,0.5489026917888178,0.7484723973746314,0.6011370931512703,0.6661921026049565,0.3683662042732853,0.6580787298789837,0.7701668775735867,0.0909111915138761,0.07021687762122199,0.17985611510791366,0.1774193548387097
ULTRASOUND,MobileNetV3,4,ABL_focal,True,0.7131068165550923,0.7400430542985269,0.9081325287809606,0.13203375324243274,0.06417441210034754,0.09210711807719733,0.32676044868977244,0.5098593269653422,0.5618472556285741,0.7017053761269713,0.6878562752230711,0.6350911080862626,0.38046570451742306,0.5844065594355317,0.733433744576295,0.08557379331181784,0.060419632542530154,0.17985611510791366,0.16129032258064516
ULTRASOUND,MobileNetV3,4,TAU_0.60,True,0.7589996210685865,0.7736752136752137,0.904828521813398,0.07346880150481368,0.021571481308714585,0.07407736120659232,0.31755107989809334,0.5236733801528608,0.5489000750214333,0.7484775645380142,0.6011283091148291,0.666195410734108,0.36835670789454106,0.6580850226242201,0.7701717745973249,0.0909111915138761,0.07021687762122199,0.17985611510791366,0.1774193548387097
ULTRASOUND,MobileNetV3,4,TAU_0.70,True,0.7589996210685865,0.7736752136752137,0.904828521813398,0.07346880150481368,0.021571481308714585,0.07407736120659232,0.31755107989809334,0.5236733801528608,0.5489000750214333,0.7484775645380142,0.6011283091148291,0.666195410734108,0.36835670789454106,0.6580850226242201,0.7701717745973249,0.0909111915138761,0.07021687762122199,0.17985611510791366,0.1774193548387097
ULTRASOUND,MobileNetV3,4,TAU_0.80,True,0.7589996210685865,0.7736752136752137,0.904828521813398,0.07346880150481368,0.021571481308714585,0.07407736120659232,0.31755107989809334,0.5236733801528608,0.5489000750214333,0.7484775645380142,0.6011283091148291,0.666195410734108,0.36835670789454106,0.6580850226242201,0.7701717745973249,0.0909111915138761,0.07021687762122199,0.17985611510791366,0.1774193548387097
ULTRASOUND,MobileNetV3,4,TAU_0.85,True,0.7589996210685865,0.7736752136752137,0.904828521813398,0.07346880150481368,0.021571481308714585,0.07407736120659232,0.31755107989809334,0.5236733801528608,0.5489000750214333,0.7484775645380142,0.6011283091148291,0.666195410734108,0.36835670789454106,0.6580850226242201,0.7701717745973249,0.0909111915138761,0.07021687762122199,0.17985611510791366,0.1774193548387097
ULTRASOUND,MobileNetV3,4,TAU_0.90,True,0.7589996210685865,0.7736752136752137,0.904828521813398,0.07346880150481368,0.021571481308714585,0.07407736120659232,0.31755107989809334,0.5236733801528608,0.5489000750214333,0.7484775645380142,0.6011283091148291,0.666195410734108,0.36835670789454106,0.6580850226242201,0.7701717745973249,0.0909111915138761,0.07021687762122199,0.17985611510791366,0.1774193548387097
ULTRASOUND,MobileNetV3,4,TAU_0.95,True,0.7589996210685865,0.7736752136752137,0.904828521813398,0.07346880150481368,0.021571481308714585,0.07407736120659232,0.31755107989809334,0.5236733801528608,0.5489000750214333,0.7484775645380142,0.6011283091148291,0.666195410734108,0.36835670789454106,0.6580850226242201,0.7701717745973249,0.0909111915138761,0.07021687762122199,0.17985611510791366,0.1774193548387097
ULTRASOUND,MobileNetV3,4,FAIR_rbf_svm,True,0.7551682034440655,0.7681963773690468,0.9044112112256503,0.0805744984293512,0.026602718448323192,0.08165057564788473,0.31844762987506836,0.5223285551873983,0.5454069202089438,0.7828759961778659,0.5271686550471657,0.6877904151708615,0.21021341671811422,0.6943487535057108,0.8050078068459045,0.09458796108475748,0.07245920170324459,0.19424460431654678,0.1693548387096774
ULTRASOUND,MobileNetV3,4,FAIR_poly_svm,True,0.5978274598964254,0.6341796075598892,0.884767860996703,0.09834660500722506,0.05286305994918314,0.09971846989214601,0.37675481179599035,0.4348677823060155,0.6383106696513081,0.7217585108978353,0.6640311532887601,0.6180473663844034,0.4282092247542073,0.6108643690745853,0.7685578735021428,0.12436141751351008,0.07422217833408683,0.2733812949640288,0.24193548387096775
ULTRASOUND,MobileNetV3,4,FAIR_knn,True,0.5856595511767926,0.5890189163637775,0.8416792883223927,0.1250398442442709,0.06915246022775211,0.08982572350094904,0.39889024282457797,0.40166463576313416,1.457790183213917,0.7034143609352239,0.593282501896167,0.6109542630307764,0.4866591393203266,0.5644967310605307,0.7755970509681528,0.13645852436335287,0.06879162383296185,0.302158273381295,0.24193548387096775
ULTRASOUND,MobileNetV3,4,FAIR_equal_blend,True,0.7002863037345796,0.7287060048832358,0.9055907920937245,0.1210680217934477,0.06119934561143778,0.09160344234295369,0.32806819538730053,0.50789770691905,0.5600428617368084,0.7071398705356059,0.6676201519870343,0.6389306815286807,0.378891982132793,0.5857219125078651,0.7412573132872026,0.08785416762723876,0.0611081980223741,0.19424460431654678,0.1693548387096774
ULTRASOUND,MobileNetV3,4,ABL_no_descriptors,True,0.7551682034440655,0.7681963773690468,0.9045211718894565,0.0875257743663102,0.02092049681912413,0.0833054325431186,0.3196847808533501,0.5204728287199757,0.549412580547255,0.7470476654554837,0.6029762540272132,0.6645156063807687,0.3715024135119276,0.653314679585118,0.7704809119230751,0.08861621884409913,0.06648745946258625,0.18705035971223022,0.1693548387096774
ULTRASOUND,MobileNetV3,5,BASE,True,0.6832133383857522,0.6426931132813486,0.8360816576162767,0.13445984278955764,0.07285721500365007,0.13262291772551432,0.4703425877111358,0.29448611843329753,0.8027800134633583,0.5365079045295715,0.951733410358429,0.48094433546066284,0.23754101991653442,0.469224750995636,0.5695025324821472,0.17949546176405384,0.11714373957480406,0.2949640287769784,0.28225806451612906
ULTRASOUND,MobileNetV3,5,MC_DROPOUT,True,0.679381920761231,0.6390353621115977,0.8340452416910565,0.12893413324509895,0.068472461734737,0.12280075768789937,0.4720818621879773,0.2918772067180353,0.8054906843466425,0.5355820059776306,0.9528390169143677,0.47968730330467224,0.3152518192927043,0.4669840633869171,0.5702139735221863,0.18029392388216134,0.11531593103157989,0.302158273381295,0.28225806451612906
ULTRASOUND,MobileNetV3,5,TEMP_SCALE,True,0.6832133383857522,0.6426931132813486,0.8327006138715198,0.12999295342353082,0.03653815563648993,0.1243175649755104,0.4488469731043511,0.32672954034347457,0.7424888077521764,0.7027473449707031,0.6794699430465698,0.5771245956420898,0.32174667716026306,0.6161708235740662,0.7452031373977661,0.17882345826988633,0.11647173608063655,0.302158273381295,0.2903225806451613
ULTRASOUND,MobileNetV3,5,VEC_SCALE,True,0.6458043871836975,0.6178699436763954,0.8244976430809833,0.06593504046919656,0.008997936496969337,0.11339442667066052,0.4419186100801915,0.33712208487971396,0.7317555079404263,0.6968371832184078,0.6837609457534625,0.57886681194119,0.19853120186033413,0.5909175881420259,0.7550929605104179,0.1797003345040502,0.10646523904477381,0.31654676258992803,0.28225806451612906
ULTRASOUND,MobileNetV3,5,ISOTONIC,True,0.6742242431897605,0.6408284023668639,0.8247682301177477,0.11941129161465555,0.04571514166511607,0.11116100398082558,0.4619608727654764,0.3070586908517866,1.2616817727514154,0.7187060713768005,0.5981435179710388,0.5863828659057617,0.6064873933792114,0.6399170160293579,0.7573429942131042,0.1850216171522727,0.12266989496302291,0.31654676258992803,0.30645161290322576
ULTRASOUND,MobileNetV3,5,DIRICHLET,True,0.6368152919877058,0.6163784535877559,0.8280344643372287,0.049236732913601776,0.015446212430372471,0.10066606812579658,0.4301572063791502,0.3547641904312758,0.7080276393738143,0.6664624810218811,0.737746000289917,0.5676337480545044,0.26260670026143396,0.5617449283599854,0.724057137966156,0.17453071502432863,0.10129561956505223,0.3237410071942446,0.2903225806451613
ULTRASOUND,MobileNetV3,5,APEX,True,0.7522209591175107,0.747867114159249,0.9027094002552021,0.08452012311195284,0.030132991395604432,0.08022135708061341,0.32002119683769376,0.5199682047434602,0.54123033206798,0.728731305577915,0.647076797697398,0.6505603752457594,0.4327363221576528,0.6080202600502456,0.7652489327963694,0.08941964377702506,0.059329654830340875,0.19424460431654678,0.16129032258064516
ULTRASOUND,MobileNetV3,5,ABL_no_gate,True,0.7522209591175107,0.747867114159249,0.9027094002552021,0.08452012311195287,0.03013299139560445,0.08022135708061341,0.32002119683769376,0.5199682047434602,0.54123033206798,0.728731305577915,0.647076797697398,0.6505603752457594,0.4327363221576528,0.6080202600502456,0.7652489327963694,0.08941964377702506,0.059329654830340875,0.19424460431654678,0.16129032258064516
ULTRASOUND,MobileNetV3,5,ABL_no_rbf,True,0.6386257420740179,0.6731173117311732,0.9039484442818922,0.09747463327253032,0.040249173459545526,0.09344816080558475,0.3350388489295754,0.4974417266056378,0.5724225939599565,0.6911923050507761,0.7159355162291025,0.622457827200428,0.4484453903348792,0.5551102804165716,0.743438082365694,0.09581469351192322,0.05228814765110121,0.22302158273381295,0.1774193548387097
ULTRASOUND,MobileNetV3,5,ABL_no_poly,True,0.7483895414929899,0.7429813124728378,0.89823572345571,0.05811943908388467,0.018811550456336534,0.06958218755512548,0.3257675632827424,0.5113486550758872,0.551106437294328,0.7339527302598307,0.6377740858350436,0.6505712798080657,0.4341849234299461,0.6172904675786828,0.7705332702530721,0.09412833045809299,0.06228523488558804,0.2014388489208633,0.1693548387096774
ULTRASOUND,MobileNetV3,5,ABL_no_knn,True,0.7522209591175107,0.747867114159249,0.9027094002552021,0.08451870407629257,0.03013279888426392,0.08022072873989698,0.32002234639434723,0.51996648040848,0.5412318764586163,0.7287335221737928,0.6470727594800706,0.6505610391779354,0.43274108822384116,0.6080240951501052,0.7652506597607908,0.08941964377702506,0.059329654830340875,0.19424460431654678,0.16129032258064516
ULTRASOUND,MobileNetV3,5,ABL_focal,True,0.7279061934234349,0.7174089068825911,0.9086239773035402,0.10674150606470566,0.050589286803759896,0.11427422279775912,0.33717408084260847,0.4942388787360882,0.5782641307979375,0.6676493107702892,0.750067780205865,0.6086985341868262,0.19126944280533997,0.5464499934154643,0.7098055950676199,0.09379705469850237,0.056364713857807724,0.22302158273381295,0.1774193548387097
ULTRASOUND,MobileNetV3,5,TAU_0.60,True,0.7522209591175107,0.747867114159249,0.9027094002552021,0.08452012311195284,0.030132991395604432,0.08022135708061341,0.32002119683769376,0.5199682047434602,0.54123033206798,0.728731305577915,0.647076797697398,0.6505603752457594,0.4327363221576528,0.6080202600502456,0.7652489327963694,0.08941964377702506,0.059329654830340875,0.19424460431654678,0.16129032258064516
ULTRASOUND,MobileNetV3,5,TAU_0.70,True,0.7522209591175107,0.747867114159249,0.9027094002552021,0.08452012311195284,0.030132991395604432,0.08022135708061341,0.32002119683769376,0.5199682047434602,0.54123033206798,0.728731305577915,0.647076797697398,0.6505603752457594,0.4327363221576528,0.6080202600502456,0.7652489327963694,0.08941964377702506,0.059329654830340875,0.19424460431654678,0.16129032258064516
ULTRASOUND,MobileNetV3,5,TAU_0.80,True,0.7522209591175107,0.747867114159249,0.9027094002552021,0.08452012311195284,0.030132991395604432,0.08022135708061341,0.32002119683769376,0.5199682047434602,0.54123033206798,0.728731305577915,0.647076797697398,0.6505603752457594,0.4327363221576528,0.6080202600502456,0.7652489327963694,0.08941964377702506,0.059329654830340875,0.19424460431654678,0.16129032258064516
ULTRASOUND,MobileNetV3,5,TAU_0.85,True,0.7522209591175107,0.747867114159249,0.9027094002552021,0.08452012311195284,0.030132991395604432,0.08022135708061341,0.32002119683769376,0.5199682047434602,0.54123033206798,0.728731305577915,0.647076797697398,0.6505603752457594,0.4327363221576528,0.6080202600502456,0.7652489327963694,0.08941964377702506,0.059329654830340875,0.19424460431654678,0.16129032258064516
ULTRASOUND,MobileNetV3,5,TAU_0.90,True,0.7522209591175107,0.747867114159249,0.9027094002552021,0.08452012311195284,0.030132991395604432,0.08022135708061341,0.32002119683769376,0.5199682047434602,0.54123033206798,0.728731305577915,0.647076797697398,0.6505603752457594,0.4327363221576528,0.6080202600502456,0.7652489327963694,0.08941964377702506,0.059329654830340875,0.19424460431654678,0.16129032258064516
ULTRASOUND,MobileNetV3,5,TAU_0.95,True,0.7522209591175107,0.747867114159249,0.9027094002552021,0.08452012311195284,0.030132991395604432,0.08022135708061341,0.32002119683769376,0.5199682047434602,0.54123033206798,0.728731305577915,0.647076797697398,0.6505603752457594,0.4327363221576528,0.6080202600502456,0.7652489327963694,0.08941964377702506,0.059329654830340875,0.19424460431654678,0.16129032258064516
ULTRASOUND,MobileNetV3,5,FAIR_rbf_svm,True,0.7483895414929899,0.7429813124728378,0.895645458778759,0.06186465753750347,0.015504559088685213,0.06279353853656702,0.3267943668624633,0.5098084497063059,0.5522796026798328,0.739781017882629,0.6248605899684405,0.6538273267885898,0.43224955544903054,0.6233147091894075,0.7763001146762663,0.09503343640400509,0.06319034083150014,0.2014388489208633,0.1693548387096774
ULTRASOUND,MobileNetV3,5,FAIR_poly_svm,True,0.6503936676350469,0.6868343084308431,0.8975334401873973,0.07490564697719096,0.03553666319786309,0.08389259859890352,0.3379831309024051,0.4930253036463932,0.575556193188919,0.7024528961792381,0.6975252745449115,0.6267932796300384,0.37096012905471604,0.5762575029362014,0.7478389586613827,0.09847054839272372,0.0590635659155807,0.2302158273381295,0.18548387096774194
ULTRASOUND,MobileNetV3,5,FAIR_knn,True,0.6969811797398004,0.66779995072678,0.8505758511423852,0.10589745293886266,0.03993319635025551,0.09607470551144093,0.4308894832022876,0.3536657751965697,1.7229614152877026,0.6623860712308506,0.6698701043690536,0.5717380840657649,0.47245491088084424,0.5705556364477681,0.7023493159975625,0.16227252671917383,0.10981139242716167,0.2805755395683453,0.25806451612903225
ULTRASOUND,MobileNetV3,5,FAIR_equal_blend,True,0.7355690286724771,0.7301892371377883,0.9140588542388676,0.10903580864598597,0.04775437558780817,0.10764385624224469,0.3259709311182954,0.5110436033225578,0.5586520377974239,0.6677242939022001,0.7374336585238677,0.6174528968281311,0.188895281186368,0.5336016449898388,0.7112854961130529,0.08794029060098861,0.05428941371704234,0.2014388489208633,0.18548387096774194
ULTRASOUND,MobileNetV3,5,ABL_no_descriptors,True,0.7238011031114479,0.7217580588367105,0.9080499493009558,0.08416253616638003,0.04756214144141948,0.07696626886300634,0.3193599238808388,0.5209601141787427,0.5352684177157901,0.7287342298179431,0.6470371839887384,0.6511071473720578,0.44531436188559975,0.5937204731413068,0.7756955364880774,0.09038586436493422,0.05295352352423957,0.20863309352517986,0.1693548387096774
ULTRASOUND,ViT,1,BASE,True,0.6176603432700994,0.6417929005746865,0.8493905143340227,0.07899706390423654,0.024112560895498663,0.09658299799626457,0.4137758013012015,0.3793362980481988,0.7007950215938346,0.6628721952438354,0.7610287070274353,0.5676997303962708,0.6576461791992188,0.5697351694107056,0.7081100344657898,0.14673756602456045,0.08523767212477984,0.29285714285714287,0.25
ULTRASOUND,ViT,1,MC_DROPOUT,True,0.6214482220579781,0.6430828377485432,0.8488512591638618,0.07187259197235107,0.026639440757915692,0.09601341427550612,0.4152476708360862,0.37712849374587176,0.704343544003,0.6568318605422974,0.7726550102233887,0.5632774829864502,0.33975961804389954,0.5656006932258606,0.699865460395813,0.14666109906412247,0.08768904500265898,0.2785714285714286,0.25806451612903225
ULTRASOUND,ViT,1,TEMP_SCALE,True,0.6176603432700994,0.6417929005746865,0.849582678576636,0.09032059632814847,0.022145089667090577,0.09187265723529787,0.41650810036917063,0.37523784944624516,0.7008264164562433,0.7293074131011963,0.6320632696151733,0.6054303050041199,0.6543723344802856,0.6277875900268555,0.7786169648170471,0.14603379928778737,0.08453390538800676,0.2857142857142857,0.25
ULTRASOUND,ViT,1,VEC_SCALE,True,0.690499165092661,0.6930927580339455,0.8547686239809681,0.048710347336099705,0.010805859556952114,0.072250864583149,0.37946504738946835,0.43080242891579845,0.6708564135691047,0.7482391270768389,0.5878230907620735,0.6353154522682292,0.2327503771985749,0.6360494315986953,0.790930781108345,0.11380111255471863,0.07086159529143496,0.2357142857142857,0.20161290322580644
ULTRASOUND,ViT,1,ISOTONIC,True,0.6042060168076429,0.6280278402934066,0.8448854406966194,0.12725560806500605,0.05437942562608291,0.1209141103964713,0.4264788294037068,0.3602817558944409,0.8035891385866432,0.7708515524864197,0.5327188372612,0.6262556910514832,0.2928576906522115,0.6608726382255554,0.8227282166481018,0.14244913761209674,0.08347708355063324,0.28571428571428564,0.2258064516129032
ULTRASOUND,ViT,1,DIRICHLET,True,0.6782800908817169,0.6887444506116728,0.8590020963392889,0.05852475456702401,0.013970546034071111,0.07771014781573261,0.3770370455721373,0.434444431641795,0.6583596104397853,0.7404029965400696,0.625760018825531,0.6293577551841736,0.26930921276410424,0.6221762299537659,0.7868491411209106,0.11375498226111504,0.06869943168112341,0.22142857142857142,0.1935483870967742
ULTRASOUND,ViT,1,APEX,True,0.8024041225260737,0.8209605496760508,0.9332593621595504,0.07516403930878562,0.028737489723934383,0.0732921124839449,0.25646285967363314,0.615305710489551,0.4490847378267313,0.7850975122414147,0.5402852004011768,0.7170263445443081,0.5569393448872562,0.6573730106209289,0.8106424125655118,0.06044730417409992,0.04518233569245164,0.1357142857142857,0.10483870967741936
ULTRASOUND,ViT,1,ABL_no_gate,True,0.8024041225260737,0.8209605496760508,0.9332593621595504,0.07516403930878568,0.028737489723934424,0.07329211248394493,0.2564628596736332,0.615305710489551,0.4490847378267313,0.7850975122414147,0.5402852004011768,0.7170263445443081,0.5569393448872562,0.6573730106209289,0.8106424125655118,0.06044730417409992,0.04518233569245164,0.1357142857142857,0.10483870967741936
ULTRASOUND,ViT,1,ABL_no_rbf,True,0.736761243875065,0.7585814722911497,0.9007268803634618,0.10892909052759278,0.05279670312730441,0.09921895269506537,0.3159793217009711,0.5260310174485442,0.5701003591563009,0.7117353223972492,0.6788134528337516,0.6424034091625955,0.6098315486189797,0.6050642967444226,0.7392633290173333,0.08609556660007965,0.06279373384839566,0.19285714285714287,0.13709677419354838
ULTRASOUND,ViT,1,ABL_no_poly,True,0.8024041225260737,0.8209605496760508,0.9332593621595504,0.07516403930878558,0.028737489723934334,0.07329211248394488,0.25646285967363314,0.615305710489551,0.4490847378267313,0.7850975122414147,0.5402852004011766,0.7170263445443082,0.5569393448872562,0.6573730106209289,0.8106424125655118,0.06044730417409992,0.04518233569245164,0.1357142857142857,0.10483870967741936
ULTRASOUND,ViT,1,ABL_no_knn,True,0.8024041225260737,0.8209605496760508,0.9332593621595504,0.07516403930878558,0.028737489723934334,0.07329211248394488,0.25646285967363314,0.615305710489551,0.4490847378267313,0.7850975122414147,0.5402852004011766,0.7170263445443082,0.5569393448872562,0.6573730106209289,0.8106424125655118,0.06044730417409992,0.04518233569245164,0.1357142857142857,0.10483870967741936
ULTRASOUND,ViT,1,ABL_focal,True,0.7862705647258492,0.803984229093173,0.9329015831382602,0.0780518725894232,0.022644773948653225,0.07659940971247634,0.259668580330996,0.6104971295035067,0.46643367906863903,0.761206132939785,0.5965613451267837,0.6987574999921742,0.1624582701420269,0.6187776286071152,0.7923623682625565,0.05527850651187,0.037535969895522006,0.1357142857142857,0.0967741935483871
ULTRASOUND,ViT,1,TAU_0.60,True,0.8024041225260737,0.8209605496760508,0.9332593621595504,0.07516403930878565,0.028737489723934397,0.07329211248394492,0.2564628596736332,0.615305710489551,0.4490847378267313,0.7850975122414147,0.5402852004011768,0.7170263445443081,0.5569393448872562,0.6573730106209289,0.8106424125655118,0.06044730417409992,0.04518233569245164,0.1357142857142857,0.10483870967741936
ULTRASOUND,ViT,1,TAU_0.70,True,0.8024041225260737,0.8209605496760508,0.9332593621595504,0.07516403930878565,0.02873748972393439,0.07329211248394492,0.25646285967363314,0.615305710489551,0.4490847378267313,0.7850975122414147,0.5402852004011768,0.7170263445443081,0.5569393448872562,0.6573730106209289,0.8106424125655118,0.06044730417409992,0.04518233569245164,0.1357142857142857,0.10483870967741936
ULTRASOUND,ViT,1,TAU_0.80,True,0.8024041225260737,0.8209605496760508,0.9332593621595504,0.07516403930878562,0.028737489723934376,0.0732921124839449,0.25646285967363314,0.615305710489551,0.4490847378267313,0.7850975122414147,0.5402852004011768,0.7170263445443081,0.5569393448872562,0.6573730106209289,0.8106424125655118,0.06044730417409992,0.04518233569245164,0.1357142857142857,0.10483870967741936
ULTRASOUND,ViT,1,TAU_0.85,True,0.8024041225260737,0.8209605496760508,0.9332593621595504,0.07516403930878562,0.028737489723934383,0.0732921124839449,0.25646285967363314,0.615305710489551,0.4490847378267313,0.7850975122414147,0.5402852004011768,0.7170263445443081,0.5569393448872562,0.6573730106209289,0.8106424125655118,0.06044730417409992,0.04518233569245164,0.1357142857142857,0.10483870967741936
ULTRASOUND,ViT,1,TAU_0.90,True,0.8024041225260737,0.8209605496760508,0.9332593621595504,0.07516403930878562,0.028737489723934383,0.0732921124839449,0.25646285967363314,0.615305710489551,0.4490847378267313,0.7850975122414147,0.5402852004011768,0.7170263445443081,0.5569393448872562,0.6573730106209289,0.8106424125655118,0.06044730417409992,0.04518233569245164,0.1357142857142857,0.10483870967741936
ULTRASOUND,ViT,1,TAU_0.95,True,0.8024041225260737,0.8209605496760508,0.9332593621595504,0.07516403930878562,0.028737489723934383,0.0732921124839449,0.25646285967363314,0.615305710489551,0.4490847378267313,0.7850975122414147,0.5402852004011768,0.7170263445443081,0.5569393448872562,0.6573730106209289,0.8106424125655118,0.06044730417409992,0.04518233569245164,0.1357142857142857,0.10483870967741936
ULTRASOUND,ViT,1,FAIR_rbf_svm,True,0.8024041225260737,0.8209605496760508,0.9332593621595504,0.07516403930878558,0.028737489723934334,0.07329211248394486,0.25646285967363314,0.615305710489551,0.4490847378267313,0.7850975122414148,0.5402852004011766,0.7170263445443082,0.5569393448872562,0.6573730106209289,0.8106424125655118,0.06044730417409992,0.04518233569245164,0.1357142857142857,0.10483870967741936
ULTRASOUND,ViT,1,FAIR_poly_svm,True,0.7000253209602803,0.7263655592882916,0.8889508768266325,0.11686670974170069,0.04228093338314647,0.08407642032140901,0.32864251715550225,0.5070362242667474,0.8261710793874472,0.7349697443958277,0.6415549326107561,0.648618572497614,0.19414371609296666,0.6290814332288518,0.7667362377459206,0.1432728172740178,0.11358442399294345,0.18571428571428572,0.13709677419354838
ULTRASOUND,ViT,1,FAIR_knn,True,0.7317038953217815,0.7248933809934673,0.8737011863912373,0.10831406102222398,0.03990730628677587,0.11296511933001642,0.3770122535961969,0.43448161960570564,2.0331695590213985,0.7205759882755043,0.5612772548926279,0.6294325558013169,0.3900111452389867,0.6195660961096581,0.7542459523307863,0.12889560355009083,0.09385787331283652,0.21428571428571427,0.1774193548387097
ULTRASOUND,ViT,1,FAIR_equal_blend,True,0.7615792067011579,0.7773175624265063,0.9191360597330923,0.11799590223630811,0.07422837480903523,0.080996752115803,0.2864657323212582,0.5703014015181134,0.5178960279047793,0.7235941899525877,0.6483150628186684,0.6650258242810799,0.6318885473872693,0.5815481030181686,0.7574146868417351,0.05818966480430126,0.037769233426762985,0.14285714285714285,0.0967741935483871
ULTRASOUND,ViT,1,ABL_no_descriptors,True,0.7981885248145412,0.8182381695847738,0.9440199363153962,0.07983445227716364,0.03125962708735413,0.06327842883191427,0.2380768477630965,0.6428847283553558,0.4277520702794706,0.78466424162019,0.5435837740817604,0.7255383108998482,0.43016358046580705,0.6252543711537282,0.8165462157134823,0.05528223498725092,0.04001726650560264,0.11428571428571428,0.08064516129032258
ULTRASOUND,ViT,2,BASE,True,0.6586693425773885,0.6895706123249713,0.8602968324187376,0.10102454133522817,0.035829912164156,0.09237317717435138,0.37855354137652814,0.4321696879352088,0.6616107605944277,0.7387253642082214,0.606687605381012,0.6304166913032532,0.3848958810170492,0.6563800573348999,0.7671204209327698,0.14346933752950755,0.10653953441897972,0.24285714285714285,0.20161290322580644
ULTRASOUND,ViT,2,MC_DROPOUT,True,0.6383871556285349,0.6633482208090061,0.8594834809696065,0.0830948654657755,0.01961817995210486,0.08185414201380986,0.3801682803571133,0.42974757946433106,0.6624889829315682,0.7275041341781616,0.6232605576515198,0.6242364048957825,0.36620253324508667,0.6317946910858154,0.7627655267715454,0.14612005305854658,0.10523984117913673,0.2357142857142857,0.20161290322580644
ULTRASOUND,ViT,2,TEMP_SCALE,True,0.6586693425773885,0.6895706123249713,0.8618208864154333,0.09308175303232975,0.028366006312873632,0.0906957111870631,0.38045845690416774,0.4293123146437494,0.6782310081440583,0.7723044157028198,0.5376423001289368,0.650256335735321,0.6524024307727814,0.6898789405822754,0.8007269501686096,0.143031212717336,0.10610140960680815,0.24285714285714285,0.1935483870967742
ULTRASOUND,ViT,2,VEC_SCALE,True,0.6841817186644773,0.6985468440576801,0.8595804458539146,0.08407044214379467,0.013068547161606568,0.0794369767145681,0.3783141976192349,0.4325287035711487,0.6811383715607673,0.7743987063376986,0.5141550340429544,0.6576131154495953,0.19611780484826857,0.6790650430700654,0.8083872297635505,0.14680755517382005,0.1079304183588958,0.2357142857142857,0.20161290322580644
ULTRASOUND,ViT,2,ISOTONIC,True,0.6260414766161891,0.6598824061510628,0.8472483507662777,0.10972971125290941,0.049233840355803526,0.09253183589913877,0.40193613266941536,0.39709580099587805,1.5654712662658257,0.780057966709137,0.4120602607727051,0.6656800508499146,0.375,0.6634829640388489,0.8244184851646423,0.17754327765058056,0.13460376038729688,0.2642857142857145,0.24069478908188607
ULTRASOUND,ViT,2,DIRICHLET,True,0.7085689959253177,0.7166817684903789,0.862583757857816,0.10417089420251353,0.024312960360390178,0.08773756288907404,0.37239592928259985,0.4414061060761012,0.6635270434972056,0.7649276852607727,0.5427476167678833,0.6524472832679749,0.6026903688907623,0.6805751323699951,0.7930452227592468,0.14487782327002555,0.10984009303277123,0.2357142857142857,0.20967741935483872
ULTRASOUND,ViT,2,APEX,True,0.7033083987106976,0.7233986928104575,0.8970684772284687,0.09671366201112153,0.017162331069661602,0.07954188611118403,0.3249795429781962,0.5125306855327065,0.564804370226142,0.7973409724982077,0.5154889296342574,0.6914297462782443,0.6203836847877214,0.6783949980897322,0.8343241746252127,0.10685773873152977,0.07544025300130197,0.20714285714285716,0.1693548387096774
ULTRASOUND,ViT,2,ABL_no_gate,True,0.7194854953475643,0.7385942091824446,0.8931235073683026,0.11253410998175074,0.05135536275370399,0.07619474871500882,0.3240107760160529,0.5139838359759216,0.5714138925013603,0.7856494488658703,0.5367909397749947,0.684166749810091,0.45821059885418586,0.6745826603780779,0.8177762058664714,0.10996622809580732,0.08195350846046759,0.20714285714285716,0.1774193548387097
ULTRASOUND,ViT,2,ABL_no_rbf,True,0.6556589430152648,0.6752695030320601,0.878907928542383,0.07519399289414094,0.029045445474077253,0.07714501313654064,0.3553215894423475,0.4670176158364797,0.6165538607119906,0.7302974618131899,0.6293531134569407,0.6374496681001397,0.3080595206355233,0.6006476663528453,0.781231310029754,0.13103773535553584,0.08598218477554422,0.22857142857142856,0.1693548387096774
ULTRASOUND,ViT,2,ABL_no_poly,True,0.6994769810861765,0.7168458781362007,0.8966461454413724,0.09099782226341027,0.022610398361851764,0.0748563010946866,0.32609793626834344,0.5108530955974857,0.5665027294214365,0.7999757609333419,0.5100939956947795,0.6924037878240745,0.6101633508903082,0.6780958664307026,0.8392252184850394,0.1071900432491082,0.07398959736880045,0.21428571428571427,0.1693548387096774
ULTRASOUND,ViT,2,ABL_no_knn,True,0.7071398163352187,0.728487636572743,0.8967518767929151,0.10614536803117194,0.028135722071031547,0.07807294249571313,0.3247766141293076,0.5128350788060395,0.5656022905127234,0.8008146349969993,0.5075100659807626,0.6940169365570434,0.6259398614895246,0.6869217014321548,0.8349825150664526,0.10784784697861646,0.07815945369754211,0.2,0.1774193548387097
ULTRASOUND,ViT,2,ABL_focal,True,0.6950678100103387,0.7138049424636862,0.8927847153966142,0.09851303769244023,0.028007412272063336,0.08348261580726192,0.33298386047718137,0.5005242092842288,0.5840402006209161,0.7614850889998237,0.5816068782131976,0.6647013290585309,0.3190556827939056,0.6500346183019918,0.797375918546583,0.11847039443453411,0.08526994855422634,0.21428571428571427,0.1693548387096774
ULTRASOUND,ViT,2,TAU_0.60,True,0.7274220032840722,0.7459751212312883,0.8949209875427712,0.11870365527873204,0.05532431072693359,0.08199663606055774,0.3253004181272368,0.5120493728091456,0.5679729117263759,0.7941362370152916,0.5222949889497782,0.6886191585251084,0.6203836847877214,0.6975352573761611,0.8210578215048854,0.10916402976315122,0.08277400644784154,0.20714285714285716,0.18548387096774194
ULTRASOUND,ViT,2,TAU_0.70,True,0.7112449066472055,0.7307225051877005,0.8970590262518248,0.10431614019997015,0.04511992426948847,0.08080200233388854,0.32381197197457173,0.5142820420381433,0.5633354484304266,0.7984235186532659,0.5137609417348595,0.6924490318496482,0.6203836847877214,0.6845042706900919,0.8325992930422181,0.10625836429836379,0.07656997101728943,0.20714285714285716,0.16129032258064516
ULTRASOUND,ViT,2,TAU_0.80,True,0.7033083987106976,0.7233986928104575,0.8959970333675056,0.08950855529881932,0.01561314924584876,0.08282632252049697,0.3261963716937145,0.5107054424594291,0.5688695260087773,0.7999647612726741,0.5117388049440033,0.6921240565867275,0.6203836847877214,0.6826911096056062,0.836427997505292,0.10709835303010412,0.07568086729987633,0.20714285714285716,0.1693548387096774
ULTRASOUND,ViT,2,TAU_0.85,True,0.7033083987106976,0.7233986928104575,0.8970684772284687,0.09671366201112153,0.017162331069661602,0.07954188611118403,0.3249795429781962,0.5125306855327065,0.564804370226142,0.7973409724982077,0.5154889296342574,0.6914297462782443,0.6203836847877214,0.6783949980897322,0.8343241746252127,0.10685773873152977,0.07544025300130197,0.20714285714285716,0.1693548387096774
ULTRASOUND,ViT,2,TAU_0.90,True,0.7033083987106976,0.7233986928104575,0.8967083910267153,0.09504249448921272,0.015105156034952045,0.0774148876249289,0.3256971296920748,0.5114543054618886,0.5655820858430843,0.7968262586621296,0.515218133006388,0.6909150324421662,0.6203836847877214,0.6783949980897322,0.8336494237140516,0.10599399826735734,0.07457651253712955,0.20714285714285716,0.1693548387096774
ULTRASOUND,ViT,2,TAU_0.95,True,0.7033083987106976,0.7233986928104575,0.8962828802355185,0.08509393571591473,0.009764529833794847,0.07381048307306014,0.3260449823505681,0.5109325264741487,0.5655693424849744,0.7947794552138324,0.5207462016737257,0.6891082663384898,0.6203836847877214,0.6779109916778018,0.8311167085821782,0.10689814153218875,0.07548065580196095,0.20714285714285716,0.1693548387096774
ULTRASOUND,ViT,2,FAIR_rbf_svm,True,0.7118226600985221,0.7284662371349678,0.8964203800517283,0.07173962203089446,0.012682982346991308,0.07328720839504159,0.3290039015523395,0.5064941476714917,0.5681484109316687,0.815807927351046,0.4719177819564405,0.7023297556755952,0.608435334048578,0.7003365800775223,0.8517107832260071,0.10323220785777693,0.07181472212754914,0.20714285714285716,0.1693548387096774
ULTRASOUND,ViT,2,FAIR_poly_svm,True,0.6339475764763121,0.6659795231223803,0.8558311879681083,0.08694983513962057,0.02366026845805706,0.09350899452599239,0.3843518739816012,0.4234721890275992,0.6576075613250766,0.7508888401067849,0.629985297973199,0.6259299454069076,0.16661024191080065,0.6718815825025954,0.7809535487526269,0.14269619458174906,0.09975667731846538,0.24285714285714285,0.20967741935483872
ULTRASOUND,ViT,2,FAIR_knn,True,0.6779176549291491,0.6696051604420887,0.8360176824272245,0.11919172534991926,0.05243171736429534,0.11766702854409483,0.42652583883343254,0.3602112417498523,2.5033426206074503,0.7293714326175388,0.554700372274707,0.6098367342369233,0.3965349224558874,0.6378729170601002,0.7688249209771683,0.18883723401240246,0.13708810501180851,0.2571428571428571,0.25806451612903225
ULTRASOUND,ViT,2,FAIR_equal_blend,True,0.6635954509517727,0.681592394533571,0.8827668158153874,0.08499101150423052,0.01944100389015119,0.07163842576147882,0.34755432396868297,0.4786685140469765,0.5982389990694603,0.7413686786159082,0.6178166621220436,0.6460321451064756,0.36498409202166987,0.6131845168410102,0.7901467224771525,0.12141126922382693,0.07847175196054326,0.21428571428571427,0.1693548387096774
ULTRASOUND,ViT,2,ABL_no_descriptors,True,0.7109712339597397,0.732033735863523,0.8929909693013455,0.0804341383334489,0.011686550955883467,0.07511889081185386,0.3233566941800677,0.5149649587298993,0.561351494964376,0.7920755569760533,0.5214670409129308,0.6899979029612623,0.2176933685783335,0.6808012176404132,0.8242623493458665,0.10873663015565267,0.08072391052031294,0.2,0.1774193548387097
ULTRASOUND,ViT,3,BASE,True,0.7946238520951164,0.7730183187810308,0.8922394785695795,0.08678846577039132,0.022128328498500202,0.10263007708514732,0.3468583403977216,0.4797124894034185,0.5901485456835156,0.712662398815155,0.6680542230606079,0.6293829083442688,0.31955501979047607,0.6306573748588562,0.7355164289474487,0.12264565384548029,0.09625563053017061,0.19285714285714287,0.1774193548387097
ULTRASOUND,ViT,3,MC_DROPOUT,True,0.7946238520951164,0.7747752613308599,0.8907049209405171,0.11294741049790992,0.04151204089927602,0.08905606419962438,0.3519566344438894,0.47206504833416685,0.5984871921861764,0.7018812298774719,0.6849955916404724,0.6211479306221008,0.3089015483856201,0.6239080429077148,0.7236114144325256,0.12577191293630882,0.09938188962099914,0.19285714285714287,0.18548387096774194
ULTRASOUND,ViT,3,TEMP_SCALE,True,0.7946238520951164,0.7730183187810308,0.8921671080166496,0.07570378214885028,0.011426257701767731,0.0894046775343963,0.34240538689237365,0.48639191966144046,0.5824058446962532,0.7635523676872253,0.5640360713005066,0.6633024215698242,0.21089063371930805,0.6784827709197998,0.7872603535652161,0.12392137171214862,0.09753134839683894,0.18571428571428572,0.1774193548387097
ULTRASOUND,ViT,3,VEC_SCALE,True,0.7252934379371161,0.7348340557527399,0.8899821952467907,0.07558391613859126,0.00902165358943404,0.07854582713906864,0.3429976750103173,0.485503487484525,0.5847533855879948,0.7764375562097069,0.5201497072620416,0.674144239926056,0.16819280671737913,0.6641856354970517,0.8138548631139254,0.1273787185180071,0.0923409882807528,0.21428571428571427,0.1774193548387097
ULTRASOUND,ViT,3,ISOTONIC,True,0.7532080520586267,0.7606627146982824,0.889191216305352,0.05022129435569812,0.0032209770471092755,0.057184493685594924,0.33542554361303606,0.49686168458044677,0.7024660146569394,0.7921178340911865,0.476166695356369,0.6847848892211914,0.5670102834701538,0.6994892954826355,0.8199063539505005,0.12721271959489655,0.0975243263138222,0.20510204081632655,0.1612903225806451
ULTRASOUND,ViT,3,DIRICHLET,True,0.6929696527397677,0.7107840951319213,0.8910034061501065,0.08933540471853353,0.020956717787707017,0.07449021524725817,0.34357078399393604,0.4846438240090969,0.5842081085963625,0.7626550197601318,0.5555720925331116,0.6642149686813354,0.2533801794052124,0.642972469329834,0.806748628616333,0.1288484411004626,0.08796822922105274,0.22142857142857142,0.1774193548387097
ULTRASOUND,ViT,3,APEX,True,0.735328103144195,0.7513919413919413,0.9351952648424567,0.08425835376843138,0.02267167240942213,0.08086047901757355,0.2797216932161257,0.5804174601758121,0.46948553199482035,0.7606292552109867,0.5789523636922987,0.6928008622954636,0.21762085583462354,0.6119013127848154,0.8020780260510671,0.07372276105384637,0.04733273773853669,0.18571428571428572,0.12903225806451613
ULTRASOUND,ViT,3,ABL_no_gate,True,0.7482515356078574,0.7593304843304843,0.9289198942954785,0.0800860475086998,0.029333441087363625,0.09166412632755792,0.2903707354810642,0.5644438967784045,0.49391821291179216,0.7440457663440215,0.6139398689879408,0.6761431274508227,0.6340952405514471,0.615932216457535,0.7797495425418948,0.0847875710771177,0.058397547761808014,0.18571428571428572,0.12903225806451613
ULTRASOUND,ViT,3,ABL_no_rbf,True,0.7482515356078574,0.7578780853144602,0.9371204340710101,0.13459365533890655,0.06635759287652412,0.1046319475070502,0.28521096261015444,0.5721835560847691,0.49415374126453404,0.72326004005898,0.6552695997080216,0.6658565502547977,0.3942144730667006,0.5750285399362705,0.7645704581259647,0.07900226274454117,0.05261223942923149,0.16428571428571428,0.12903225806451613
ULTRASOUND,ViT,3,ABL_no_poly,True,0.7273915952076871,0.7416732353441214,0.9346334679042153,0.07398677355322435,0.01742591353257057,0.0744127799077131,0.28180628261843976,0.5772905760723411,0.46983493429008777,0.7636007392541438,0.5701237547559292,0.6940542535218287,0.16375535958729293,0.6125487877644725,0.807293452494958,0.07387607616090223,0.04586335652556251,0.17857142857142858,0.13709677419354838
ULTRASOUND,ViT,3,ABL_no_knn,True,0.735328103144195,0.7545165607226497,0.9335811919249393,0.07690946347802526,0.03291830411675446,0.09039143230920195,0.2821157546808857,0.5768263679786723,0.47390907895517514,0.7660063209183858,0.573087664229251,0.6937990282080693,0.4344818634172846,0.6238998772989502,0.8056097560254418,0.07749184371634692,0.05110182040103724,0.17857142857142858,0.13709677419354838
ULTRASOUND,ViT,3,ABL_focal,True,0.772365140181232,0.779384783695433,0.9400867688118901,0.10050258450680655,0.043189571121745346,0.09034480104265231,0.27654526072960656,0.5851821089055909,0.477023402330144,0.7261983818500715,0.643625649686908,0.6730836544260159,0.18823980198360424,0.5820406199331584,0.7619495068054658,0.06773627652011675,0.04590078548114665,0.15714285714285714,0.12096774193548387
ULTRASOUND,ViT,3,TAU_0.60,True,0.7400109469074986,0.7510773760383019,0.9322906360086973,0.07428850823817514,0.016693094309403297,0.08933296214239711,0.2847410489511238,0.5728884265733151,0.4816666702012655,0.7564692310188226,0.5937234839731883,0.6860424811391576,0.21762085583462354,0.6143076748524285,0.7975903423066223,0.07993355234147505,0.051920832706135324,0.18571428571428572,0.12903225806451613
ULTRASOUND,ViT,3,TAU_0.70,True,0.7400109469074986,0.7510773760383019,0.9332524661253095,0.08553453397602032,0.023840640103891142,0.08166536142429971,0.28227108542486473,0.5765933718627037,0.4768325177058089,0.7605426567428769,0.5868337651050668,0.6896870660968191,0.23569554490415762,0.6151364209957002,0.8026023117110683,0.07762003156274197,0.049607311927402246,0.17857142857142858,0.12903225806451613
ULTRASOUND,ViT,3,TAU_0.80,True,0.735328103144195,0.7513919413919413,0.9356241345304953,0.06964195764993475,0.01802591297843005,0.0809593637961293,0.27936269279314074,0.5809559608102897,0.4699759790945342,0.7614574357330656,0.5805788699828087,0.69292805228398,0.21762085583462354,0.6134500540835033,0.8027053945534354,0.07339356459078851,0.04700354127547883,0.18571428571428572,0.12903225806451613
ULTRASOUND,ViT,3,TAU_0.85,True,0.735328103144195,0.7513919413919413,0.9351952648424567,0.08425835376843138,0.02267167240942213,0.08086047901757355,0.2797216932161257,0.5804174601758121,0.46948553199482035,0.7606292552109867,0.5789523636922987,0.6928008622954636,0.21762085583462354,0.6119013127848154,0.8020780260510671,0.07372276105384637,0.04733273773853669,0.18571428571428572,0.12903225806451613
ULTRASOUND,ViT,3,TAU_0.90,True,0.735328103144195,0.7513919413919413,0.9373432003492942,0.07973263537468703,0.013927528991203584,0.07989127066486404,0.27971086394135186,0.580433704087973,0.4682636836165393,0.7577522777828177,0.5835091806209802,0.6909781641534705,0.21762085583462354,0.6093927275427107,0.7990983819480935,0.07194790803948213,0.04555788472417245,0.18571428571428572,0.12903225806451613
ULTRASOUND,ViT,3,TAU_0.95,True,0.735328103144195,0.7513919413919413,0.9370514706919842,0.08089634201415954,0.01452856318261274,0.08037160079216708,0.28034622617105676,0.5794806607434155,0.46963081553560887,0.7565885711433452,0.5858523150064107,0.6898144575139981,0.21762085583462354,0.6093927275427107,0.7976103636222104,0.07278542763822603,0.04639540432291635,0.18571428571428572,0.12903225806451613
ULTRASOUND,ViT,3,FAIR_rbf_svm,True,0.731496685519674,0.7477289377289377,0.9314636019230988,0.04751545771969764,0.010284355648823315,0.07211753903852716,0.2903884219753877,0.5644173670369192,0.47583025055828826,0.7850716169075901,0.5276454893568138,0.7027788365101005,0.19515639071514118,0.6478497334354613,0.8247638972507678,0.0784170094783834,0.050404289843043674,0.19285714285714287,0.13709677419354838
ULTRASOUND,ViT,3,FAIR_poly_svm,True,0.7438423645320197,0.7594734329172633,0.9253455703679184,0.08497872342434114,0.027775555034337793,0.11364304313864848,0.3166252640191294,0.5250621039713068,0.5325017696457879,0.7311128871292033,0.6388026657509949,0.6550951717560207,0.13014373636050192,0.6281179812535816,0.7598163854879831,0.10244054191610673,0.07605051860079705,0.19285714285714287,0.16129032258064516
ULTRASOUND,ViT,3,FAIR_knn,True,0.7367268746579091,0.730167172690941,0.9261632101147677,0.08298419069935985,0.0425281133561336,0.08821296984422737,0.3161648347845792,0.5257527478231321,0.5076105345360682,0.7204289468220616,0.5643274030083374,0.6611466521734843,0.37467903894808,0.5652001760725136,0.7704178729956451,0.07864057760074473,0.045440131720436976,0.19285714285714287,0.1532258064516129
ULTRASOUND,ViT,3,FAIR_equal_blend,True,0.7476737821565407,0.7599854756717502,0.9406630351139227,0.0880814834666204,0.04281767220317438,0.10346051831564262,0.2773344574745472,0.5839983137881799,0.47176065567131825,0.723881962031244,0.6369811274534535,0.6730068868132021,0.17121775815734386,0.5699701586364276,0.7651753726981461,0.06317103602711538,0.03835116594650577,0.16428571428571428,0.13709677419354838
ULTRASOUND,ViT,3,ABL_no_descriptors,True,0.7441160372194854,0.7525123043567711,0.9304630573783328,0.07213531111457067,0.01830694365888664,0.08143335004409774,0.2929843363202365,0.5605234955196461,0.4866301722181582,0.7656664246312836,0.5729214541470841,0.6880560612271243,0.39185990072750576,0.6289570931423908,0.8052104461363352,0.07618405564879395,0.048171336013454226,0.19285714285714287,0.14516129032258066
ULTRASOUND,ViT,4,BASE,True,0.7299482127068334,0.7196814011900444,0.8633738165404378,0.10402151192388226,0.031040808199150803,0.0834107044122873,0.3974014610124831,0.40389780848127643,0.6560025173942745,0.6874016523361206,0.7056883573532104,0.5923075079917908,0.658124178647995,0.628127932548523,0.7087194323539734,0.16189739195587766,0.12249040947873463,0.2446043165467626,0.23387096774193547
ULTRASOUND,ViT,4,MC_DROPOUT,True,0.7340533030188202,0.7190717951001786,0.8631486373099039,0.0918585346591088,0.03526825669105266,0.10238343085893381,0.3992182064671957,0.40117269029920755,0.6589389270888465,0.6787155270576477,0.7216699123382568,0.5862228870391846,0.633618026971817,0.6222199201583862,0.6990340948104858,0.16089980451330257,0.12149282203615955,0.2446043165467626,0.25
ULTRASOUND,ViT,4,TEMP_SCALE,True,0.7299482127068334,0.7196814011900444,0.8618517576253519,0.14898854801731726,0.06597678831110317,0.10399576656079744,0.407303099379917,0.3890453509301256,0.6881770404560739,0.7884326577186584,0.4949508309364319,0.6498978137969971,0.6523787975311279,0.7341805696487427,0.8079445362091064,0.1610702702843612,0.12166328780721816,0.2517985611510791,0.23387096774193547
ULTRASOUND,ViT,4,VEC_SCALE,True,0.6935497452738831,0.70167899881246,0.86694229620334,0.1409455387821488,0.05552614032237345,0.09929229215796213,0.38245951665911904,0.4263107250113225,0.6639403422123945,0.7838477051439059,0.47801261585283017,0.6630137189057457,0.43354770679641685,0.6919940999953034,0.8191129285491731,0.15799185321031822,0.11446530734949621,0.2517985611510791,0.22580645161290322
ULTRASOUND,ViT,4,ISOTONIC,True,0.7012546840133047,0.6969099276791585,0.8391300526055901,0.09397536670008011,0.026762652157194422,0.08445112083823247,0.40060802842440507,0.3990879573633934,1.2914588138951497,0.7910031080245972,0.44909775257110596,0.6567307710647583,0.16573611895243323,0.709459125995636,0.8233269453048706,0.19006124070329336,0.14438876250424712,0.24460431654676265,0.21989247311827959
ULTRASOUND,ViT,4,DIRICHLET,True,0.6935497452738831,0.6975295303946988,0.8662681405876214,0.07890718925383783,0.011542413580819344,0.07827912673394204,0.38475627587566635,0.4228655861865015,0.6552685948544555,0.7663654685020447,0.518923282623291,0.649599552154541,0.5802928507328033,0.6820662021636963,0.7987304329872131,0.1572818796094194,0.11375533374859738,0.2446043165467626,0.23387096774193547
ULTRASOUND,ViT,4,APEX,True,0.7584943791840343,0.7711398538019125,0.908311921364069,0.07471371350690224,0.022462327673774582,0.05971568732275595,0.30685272456381707,0.5397209131542753,0.5363820657251669,0.7415467349924496,0.6175184694230299,0.6655890384648377,0.2814384834736359,0.6423654633646064,0.7663420528994104,0.0993442703593324,0.07721551097781951,0.17985611510791366,0.1532258064516129
ULTRASOUND,ViT,4,ABL_no_gate,True,0.7584943791840343,0.7711398538019125,0.9090467393561922,0.07103901869627004,0.02337242196658943,0.05611081014462782,0.3066998789422764,0.5399501815865861,0.5354669523386306,0.7404268270973082,0.620413610940933,0.6648522909607004,0.2808273157553604,0.6413754271071648,0.7651896770948441,0.09921276338650456,0.07708400400499167,0.18705035971223022,0.1532258064516129
ULTRASOUND,ViT,4,ABL_no_rbf,True,0.618858153340912,0.6403784767588951,0.871497376711661,0.09818787376024862,0.040579692931334364,0.08291216085895114,0.37049955823476444,0.4442506626478543,0.6339795076324144,0.6898707133559256,0.688578643375897,0.608177552243854,0.3922964873111371,0.5610082300148345,0.7425871838136447,0.110276323589309,0.062399790413270734,0.22302158273381295,0.20967741935483872
ULTRASOUND,ViT,4,ABL_no_poly,True,0.7584943791840343,0.7711398538019125,0.9084809544945626,0.07459755344952318,0.022946362851368085,0.06119931918311273,0.3067090052201417,0.5399364921697882,0.5361805483171275,0.7417032056636147,0.616899268124905,0.6658150973695464,0.28213599696292985,0.6421366987286093,0.7665948323973663,0.09890629259179354,0.07677753321028065,0.17985611510791366,0.1532258064516129
ULTRASOUND,ViT,4,ABL_no_knn,True,0.7584943791840343,0.7733321919762598,0.9067722034541515,0.10315316757580564,0.03401237543236646,0.08185004888272922,0.309576813119477,0.5356347803207853,0.5498189284120287,0.7602677525521215,0.5893907941354161,0.6742576522007112,0.3870012372200481,0.6763508640968886,0.7812469746659297,0.12333024816585059,0.1012014887843377,0.2014388489208633,0.14516129032258066
ULTRASOUND,ViT,4,ABL_focal,True,0.698054818744474,0.7127289377289378,0.8989367259527983,0.08793655713294707,0.03063155012999984,0.08204042119327513,0.3345706081962091,0.4981440877056873,0.5754387700120459,0.6981724725155477,0.6760782420275083,0.6309018987779993,0.23309069996406362,0.5671091229179802,0.7407400561455267,0.09347111018704472,0.05982023330309845,0.20863309352517986,0.1774193548387097
ULTRASOUND,ViT,4,TAU_0.60,True,0.7584943791840343,0.7711398538019125,0.908185342403729,0.07551013239918003,0.022853437599843256,0.056727240334100315,0.3069520049277267,0.5395719926084108,0.5366617158204515,0.7415057927065016,0.6182186700998021,0.6653867711080192,0.28013191096389684,0.642675831140629,0.7662132830979698,0.09935032515522883,0.07722156577371594,0.18705035971223022,0.1532258064516129
ULTRASOUND,ViT,4,TAU_0.70,True,0.7584943791840343,0.7711398538019125,0.908311921364069,0.07448963929574662,0.022311453328847205,0.05641308546775361,0.3069384678231795,0.5395922982652315,0.5365173513667122,0.7417355203369973,0.6176721904795653,0.6655561849766194,0.2814384834736359,0.6428897440076303,0.766446964419339,0.0993442703593324,0.07721551097781951,0.17985611510791366,0.1532258064516129
ULTRASOUND,ViT,4,TAU_0.80,True,0.7584943791840343,0.7711398538019125,0.9082555769872379,0.0745903553594925,0.022363210140725023,0.05972868033318157,0.30696454092780123,0.5395531886082989,0.5364812007207344,0.7417464603981005,0.6173800833705116,0.6656056698153127,0.2814384834736359,0.6428550978214005,0.7664693010422756,0.09942698334527118,0.0772982239637583,0.17985611510791366,0.1532258064516129
ULTRASOUND,ViT,4,TAU_0.85,True,0.7584943791840343,0.7711398538019125,0.908311921364069,0.07471371350690224,0.022462327673774582,0.05971568732275595,0.30685272456381707,0.5397209131542753,0.5363820657251669,0.7415467349924496,0.6175184694230299,0.6655890384648377,0.2814384834736359,0.6423654633646064,0.7663420528994104,0.0993442703593324,0.07721551097781951,0.17985611510791366,0.1532258064516129
ULTRASOUND,ViT,4,TAU_0.90,True,0.7584943791840343,0.7711398538019125,0.9083549608075518,0.07485702923879363,0.022493330691328077,0.058624787087198406,0.30690265796718075,0.5396460130492298,0.536434479609959,0.7414034192605582,0.617701897630693,0.6654867584225898,0.2814384834736359,0.6422576783543359,0.7661898544871137,0.09941439658654137,0.07728563720502848,0.17985611510791366,0.1532258064516129
ULTRASOUND,ViT,4,TAU_0.95,True,0.7584943791840343,0.7711398538019125,0.9083549608075518,0.07491792531991708,0.022542299191104214,0.05865698746887756,0.30693447249297495,0.5395982912605384,0.5365049320114317,0.7413438396991944,0.6178356070131288,0.665427178861226,0.2814384834736359,0.6422576783543359,0.7661153800354089,0.09948771036953258,0.07735895098801969,0.17985611510791366,0.1532258064516129
ULTRASOUND,ViT,4,FAIR_rbf_svm,True,0.7546629615595132,0.7659749670619235,0.90591041950515,0.10233929161887599,0.039754015541786834,0.07373855479595899,0.30821200125795656,0.537681998113066,0.5516714423581127,0.7697594312364073,0.564356196815396,0.6821199860108921,0.5562637178797032,0.6749851441972365,0.7944161563197687,0.12232554713922872,0.09871031313254074,0.18705035971223022,0.14516129032258066
ULTRASOUND,ViT,4,FAIR_poly_svm,True,0.6127531472359058,0.6353658368592994,0.8496994119772494,0.07571412027702051,0.013758891498800321,0.08113965331355229,0.4150184405794976,0.37747233913075473,0.7228833679404326,0.7032710733163996,0.7046935875812832,0.5857566302886704,0.3432108607286895,0.6354700784295193,0.7327770618319865,0.1980150265274564,0.14555389223544424,0.2589928057553957,0.22580645161290322
ULTRASOUND,ViT,4,FAIR_knn,True,0.6548145341248789,0.6560239050903873,0.8516362941640035,0.0914556930244712,0.0326629726141738,0.11292392587764659,0.4050709844026945,0.39239352339595934,2.0925029146549727,0.7092870140785478,0.5883325746905347,0.6088549324889694,0.513461227749011,0.5967671179866539,0.7553178806615954,0.12507354104546678,0.07719700786942851,0.26618705035971224,0.21774193548387097
ULTRASOUND,ViT,4,FAIR_equal_blend,True,0.6852343059239611,0.7029322820880594,0.895332838209172,0.08788721546418983,0.03493417624342716,0.09463937427635488,0.3399707201617868,0.49004391975732065,0.5871771549531813,0.700279496784354,0.6908293501787762,0.6255771829295108,0.22893488785466998,0.5845702692720697,0.7391817370686563,0.10826937514859476,0.07275557496258131,0.20863309352517986,0.1935483870967742
ULTRASOUND,ViT,4,ABL_no_descriptors,True,0.759546966443518,0.7638595668152318,0.9070062037081895,0.06187054225001982,0.013482672891610325,0.06757675648552433,0.3097873526873189,0.5353189709690225,0.539897375243057,0.7518887539431234,0.5976711710608814,0.6706867173812373,0.14015839391462181,0.6536880995569875,0.7774368916695977,0.10688620723850613,0.08327097323181815,0.17985611510791366,0.16129032258064516
ULTRASOUND,ViT,5,BASE,True,0.6630668182392321,0.6733745219182112,0.850634672386262,0.08302039946279219,0.027054730536135975,0.11300444700705113,0.41787869728819266,0.37318195406771215,0.7073683802784565,0.6870227456092834,0.7007232904434204,0.5809573531150818,0.1733544197949496,0.6139870285987854,0.719786524772644,0.17662113976137195,0.12177837320025954,0.26618705035971224,0.25
ULTRASOUND,ViT,5,MC_DROPOUT,True,0.6786661614247821,0.6917901299728871,0.8499208002472892,0.07468062889191412,0.014188307570111212,0.11787461530297035,0.4187356938793255,0.3718964591810129,0.708375953020386,0.6750145554542542,0.719054102897644,0.5745272636413574,0.17332667800096369,0.6125252842903137,0.7005783319473267,0.1747953160434112,0.12691878286737293,0.2805755395683453,0.25806451612903225
ULTRASOUND,ViT,5,TEMP_SCALE,True,0.6630668182392321,0.6733745219182112,0.8504642704323185,0.0814994800475336,0.004748549874018816,0.11561501216023201,0.41771415177351456,0.37342877233972926,0.7077713350662306,0.6934820413589478,0.6886029243469238,0.5847183465957642,0.2150471674071418,0.6198892593383789,0.7264955639839172,0.17692350490091313,0.12208073833980072,0.26618705035971224,0.25
ULTRASOUND,ViT,5,VEC_SCALE,True,0.6703717738200496,0.7079642862713379,0.8580607469248903,0.0668001253667194,0.006338132059314435,0.07485347832143495,0.36941737708603084,0.4458739343709547,0.6589955279567642,0.751149025063342,0.5839215900535812,0.6435575524940149,0.14569945293730857,0.6593431484422708,0.7820147939273226,0.13068185050730521,0.09516805032129176,0.22302158273381295,0.1935483870967742
ULTRASOUND,ViT,5,ISOTONIC,True,0.6765188834154351,0.7018518518518518,0.862874084864749,0.09744005664702386,0.023090058982042985,0.09077141813693505,0.375397377648734,0.43690393352690005,0.981977431344436,0.762792706489563,0.5432834029197693,0.6474736332893372,0.4334733486175537,0.66706383228302,0.7960898280143738,0.14573942350446895,0.1083070826637743,0.20503597122302167,0.18202764976958527
ULTRASOUND,ViT,5,DIRICHLET,True,0.6506673403225127,0.6796575635084952,0.85127209302137,0.056990041848151915,0.009808306180637645,0.06956845281185002,0.382455331145019,0.42631700328247246,0.6655046265981344,0.7716565728187561,0.5701060891151428,0.6458889842033386,0.43494388461112976,0.6784859895706177,0.8062863349914551,0.13237763062288047,0.09093941341364674,0.23741007194244604,0.20967741935483872
ULTRASOUND,ViT,5,APEX,True,0.6229211401625195,0.6565546218487396,0.8600142218590158,0.06274960319480237,0.00953373694324485,0.06435531131441292,0.3778732696457258,0.4331900955314123,0.6518042044362226,0.7482490104696781,0.6134577042491443,0.6336983299592445,0.6090891325333885,0.6578269237632479,0.7818572196879973,0.1340852750044537,0.09264705779521996,0.2446043165467626,0.20967741935483872
ULTRASOUND,ViT,5,ABL_no_gate,True,0.6229211401625195,0.6565546218487396,0.8600142218590158,0.06274960319480237,0.00953373694324485,0.06435531131441292,0.3778732696457258,0.4331900955314123,0.6518042044362226,0.7482490104696781,0.6134577042491443,0.6336983299592445,0.6090891325333885,0.6578269237632479,0.7818572196879973,0.1340852750044537,0.09264705779521996,0.2446043165467626,0.20967741935483872
ULTRASOUND,ViT,5,ABL_no_rbf,True,0.6345627552524103,0.6515241826901257,0.8434516247927467,0.046871596916957525,0.00652664832360475,0.06305209243046538,0.40266004360327956,0.3960099345950817,0.6841803914712836,0.7039376139852594,0.6811121811545562,0.5978582222523718,0.1081158697666818,0.6077056087290981,0.7445492859282267,0.14117470711467284,0.09103546793524958,0.26618705035971224,0.24193548387096775
ULTRASOUND,ViT,5,ABL_no_poly,True,0.6229211401625195,0.6565546218487396,0.8600142218590158,0.0627471985048998,0.009533779365102562,0.0643553536149696,0.37787395287057735,0.43318907069413504,0.651805096293664,0.7482456154204299,0.6134622713514029,0.633696384947597,0.6091074354562281,0.6578228824566553,0.7818540648405939,0.1340852750044537,0.09264705779521996,0.2446043165467626,0.20967741935483872
ULTRASOUND,ViT,5,ABL_no_knn,True,0.6267525577870406,0.6614546316038853,0.8586799269872274,0.05830578512692913,0.010937909074862445,0.07987588079545882,0.37727927306220915,0.4340810904066873,0.6529601523033856,0.7570740641467414,0.5987813844141973,0.6387008309236148,0.6072068183596356,0.6731931443521465,0.7872417633711134,0.1409856434268947,0.10157866094975168,0.2446043165467626,0.1935483870967742
ULTRASOUND,ViT,5,ABL_focal,True,0.6217422424318976,0.6405275749903727,0.8503119277221787,0.08990291050529846,0.013925167595670727,0.07445148760213148,0.3935773861952329,0.40963392070715166,0.6741607474263414,0.7197022004916147,0.6493029185553834,0.6118837620342708,0.17812906686555802,0.6138731706431585,0.7657574264441837,0.1385419021568698,0.08608076786485763,0.26618705035971224,0.21774193548387097
ULTRASOUND,ViT,5,TAU_0.60,True,0.6229211401625195,0.6565546218487396,0.8600142218590158,0.06274960319480237,0.00953373694324485,0.06435531131441292,0.3778732696457258,0.4331900955314123,0.6518042044362226,0.7482490104696781,0.6134577042491443,0.6336983299592445,0.6090891325333885,0.6578269237632479,0.7818572196879973,0.1340852750044537,0.09264705779521996,0.2446043165467626,0.20967741935483872
ULTRASOUND,ViT,5,TAU_0.70,True,0.6229211401625195,0.6565546218487396,0.8600142218590158,0.06274960319480237,0.00953373694324485,0.06435531131441292,0.3778732696457258,0.4331900955314123,0.6518042044362226,0.7482490104696781,0.6134577042491443,0.6336983299592445,0.6090891325333885,0.6578269237632479,0.7818572196879973,0.1340852750044537,0.09264705779521996,0.2446043165467626,0.20967741935483872
ULTRASOUND,ViT,5,TAU_0.80,True,0.6229211401625195,0.6565546218487396,0.8600142218590158,0.06274960319480237,0.00953373694324485,0.06435531131441292,0.3778732696457258,0.4331900955314123,0.6518042044362226,0.7482490104696781,0.6134577042491443,0.6336983299592445,0.6090891325333885,0.6578269237632479,0.7818572196879973,0.1340852750044537,0.09264705779521996,0.2446043165467626,0.20967741935483872
ULTRASOUND,ViT,5,TAU_0.85,True,0.6229211401625195,0.6565546218487396,0.8600142218590158,0.06274960319480237,0.00953373694324485,0.06435531131441292,0.3778732696457258,0.4331900955314123,0.6518042044362226,0.7482490104696781,0.6134577042491443,0.6336983299592445,0.6090891325333885,0.6578269237632479,0.7818572196879973,0.1340852750044537,0.09264705779521996,0.2446043165467626,0.20967741935483872
ULTRASOUND,ViT,5,TAU_0.90,True,0.6229211401625195,0.6565546218487396,0.8600142218590158,0.06274960319480237,0.00953373694324485,0.06435531131441292,0.3778732696457258,0.4331900955314123,0.6518042044362226,0.7482490104696781,0.6134577042491443,0.6336983299592445,0.6090891325333885,0.6578269237632479,0.7818572196879973,0.1340852750044537,0.09264705779521996,0.2446043165467626,0.20967741935483872
ULTRASOUND,ViT,5,TAU_0.95,True,0.6229211401625195,0.6565546218487396,0.8600142218590158,0.06274960319480237,0.00953373694324485,0.06435531131441292,0.3778732696457258,0.4331900955314123,0.6518042044362226,0.7482490104696781,0.6134577042491443,0.6336983299592445,0.6090891325333885,0.6578269237632479,0.7818572196879973,0.1340852750044537,0.09264705779521996,0.2446043165467626,0.20967741935483872
ULTRASOUND,ViT,5,FAIR_rbf_svm,True,0.6267525577870406,0.6614546316038853,0.8586799269872274,0.05830578512692913,0.010937909074862445,0.07987588079545882,0.37727927306220915,0.4340810904066873,0.6529601523033856,0.7570740641467414,0.5987813844141974,0.6387008309236148,0.6072068183596356,0.6731931443521465,0.7872417633711133,0.1409856434268947,0.10157866094975168,0.2446043165467626,0.1935483870967742
ULTRASOUND,ViT,5,FAIR_poly_svm,True,0.5660814281503936,0.5977584604450276,0.8370807416167504,0.09883932750034685,0.039578835670620774,0.07997122554946857,0.4082819693061986,0.3875770460407032,0.6983839326932793,0.727179136976519,0.6727264494764028,0.601937575917724,0.4976085862734827,0.6356875467242338,0.7707465609061787,0.158311535542108,0.09852404927473576,0.2805755395683453,0.24193548387096775
ULTRASOUND,ViT,5,FAIR_knn,True,0.612353164077302,0.6129534784464362,0.7927776502001702,0.10112453988930611,0.027642458333958033,0.10772317081886966,0.4726447982578636,0.29103280261320585,3.8272270251903664,0.7363348833195931,0.5369857222903557,0.5921570855903117,0.3562388885769456,0.6432819929420523,0.7833130415684486,0.19989418758334865,0.1349161947327672,0.302158273381295,0.25
ULTRASOUND,ViT,5,FAIR_equal_blend,True,0.6411730032419687,0.6660574696961524,0.852899851305812,0.09415456144853838,0.026063134173205937,0.06918509682695319,0.38794746619954834,0.4180788007006785,0.6669109871842213,0.7163281060489992,0.6674436838592482,0.6109318308105505,0.23130364741817788,0.6246294809355027,0.751533828190788,0.13322895311196012,0.08970240725113811,0.2517985611510791,0.22580645161290322
ULTRASOUND,ViT,5,ABL_no_descriptors,True,0.6352364110984801,0.6643506867341064,0.8639862252464825,0.0645400191931953,0.01602986206248307,0.07008556800455522,0.37317111478197035,0.44024332782704545,0.6431628910845809,0.7570871976739586,0.5920034551380942,0.6427572554552466,0.6313444195374309,0.6619983452939271,0.7924299569656518,0.13465000282683023,0.09321178561759651,0.2446043165467626,0.20967741935483872
